"""
Extracted Initialization Payloads for ST-133
Generated from USBCapture-FullPowerCycle.pcapng
"""

INIT_REG_54 = [
    0x0001, 0x0003, 0x0002, 0x0000, 0x0001, 0x0001, 0x0003, 0x0001, 0x0000, 0x0002, 0x0000, 0x0001, 0x0003, 0x0001, 0x0000, 0x0002, 
    0x0000, 0x0000, 0x0002, 0x0000, 0x0000, 0x0002, 0x0000, 0x0000, 0x0002, 0x0000, 0x0000, 0x0002, 0x0000, 0x0001, 0x0001, 0x0003, 
    0x0001, 0x0000, 0x0002, 0x0000, 0x0000, 0x0002, 0x0000, 0x0000, 0x0002, 0x0000, 0x0000, 0x0002, 0x0000, 0x0000, 0x0002, 0x0000, 
    0x0000, 0x0002, 0x0000, 0x0000, 0x0002, 0x0000, 0x0000, 0x0002, 0x0000, 0x0001, 0x0001, 0x0003, 0x0001, 0x0001, 0x0003, 0x0002, 
    0x0000, 0x0001, 0x0001, 0x0003, 0x0001, 0x0000, 0x0002, 0x0000, 0x0001, 0x0003, 0x0001, 0x0000, 0x0002, 0x0000, 0x0000, 0x0002, 
    0x0000, 0x0000, 0x0002, 0x0000, 0x0000, 0x0002, 0x0000, 0x0001, 0x0003, 0x0001, 0x0001, 0x0001, 0x0003, 0x0001, 0x0001, 0x0003, 
    0x0001, 0x0001, 0x0003, 0x0001, 0x0001, 0x0003, 0x0001, 0x0001, 0x0003, 0x0001, 0x0001, 0x0003, 0x0001, 0x0001, 0x0003, 0x0001, 
    0x0001, 0x0003, 0x0001, 0x0001, 0x0003, 0x0001, 0x0001, 0x0000, 0x0002, 0x0000, 0x0001, 0x0001, 0x0003, 0x0001, 0x0001, 0x0003, 
    0x0001, 0x0001, 0x0003, 0x0001, 0x0001, 0x0003, 0x0001, 0x0001, 0x0003, 0x0001, 0x0001, 0x0003, 0x0001, 0x0001, 0x0003, 0x0001, 
    0x0001, 0x0003, 0x0001, 0x0001, 0x0000, 0x0002, 0x0000, 0x0001, 0x0001, 0x0003, 0x0001, 0x0001, 0x0003, 0x0001, 0x0001, 0x0003, 
    0x0001, 0x0001, 0x0003, 0x0001, 0x0001, 0x0003, 0x0001, 0x0001, 0x0003, 0x0001, 0x0001, 0x0003, 0x0001, 0x0001, 0x0003, 0x0001, 
    0x0001, 0x0000, 0x0002, 0x0000, 0x0001, 0x0001, 0x0003, 0x0001, 0x0001, 0x0003, 0x0001, 0x0001, 0x0003, 0x0001, 0x0001, 0x0003, 
    0x0001, 0x0001, 0x0003, 0x0001, 0x0001, 0x0003, 0x0001, 0x0001, 0x0003, 0x0001, 0x0001, 0x0003, 0x0001, 0x0001, 0x0000, 0x0002, 
    0x0000, 0x0001, 0x0001, 0x0003, 0x0001, 0x0001, 0x0003, 0x0001, 0x0001, 0x0003, 0x0001, 0x0001, 0x0003, 0x0001, 0x0001, 0x0003, 
    0x0001, 0x0001, 0x0003, 0x0001, 0x0001, 0x0003, 0x0001, 0x0001, 0x0003, 0x0001, 0x0001, 0x0000, 0x0002, 0x0000, 0x0001, 0x0001, 
    0x0003, 0x0001, 0x0001, 0x0003, 0x0001, 0x0001, 0x0003, 0x0001, 0x0001, 0x0003, 0x0001, 0x0001, 0x0003, 0x0001, 0x0001, 0x0003, 
    0x0001, 0x0001, 0x0003, 0x0001, 0x0001, 0x0003, 0x0001, 0x0001, 0x0000, 0x0002, 0x0000, 0x0001, 0x0001, 0x0003, 0x0001, 0x0001, 
    0x0003, 0x0001, 0x0001, 0x0003, 0x0001, 0x0001, 0x0003, 0x0001, 0x0001, 0x0003, 0x0001, 0x0001, 0x0003, 0x0001, 0x0001, 0x0003, 
    0x0001, 0x0001, 0x0003, 0x0001, 0x0001, 0x0000, 0x0002, 0x0000, 0x0001, 0x0001, 0x0003, 0x0001, 0x0001, 0x0003, 0x0001, 0x0001, 
    0x0003, 0x0001, 0x0001, 0x0003, 0x0001, 0x0001, 0x0003, 0x0001, 0x0001, 0x0003, 0x0001, 0x0001, 0x0003, 0x0001, 0x0001, 0x0003, 
    0x0001, 0x0001, 0x0001, 0x0003, 0x0001, 0x0000, 0x0002, 0x0003, 0x0001, 0x0001, 0x0003, 0x0002, 0x0000, 0x0001, 0x0001, 0x0003, 
    0x0001, 0x0000, 0x0002, 0x0000, 0x0001, 0x0003, 0x0001, 0x0000, 0x0002, 0x0000, 0x0000, 0x0002, 0x0000, 0x0000, 0x0002, 0x0000, 
    0x0000, 0x0002, 0x0000, 0x0000, 0x0002, 0x0000, 0x0001, 0x0001, 0x0003, 0x0001, 0x0000, 0x0002, 0x0000, 0x0000, 0x0002, 0x0000, 
    0x0000, 0x0002, 0x0000, 0x0000, 0x0002, 0x0000, 0x0000, 0x0002, 0x0000, 0x0000, 0x0002, 0x0000, 0x0000, 0x0002, 0x0000, 0x0000, 
    0x0002, 0x0000, 0x0001, 0x0001, 0x0003, 0x0001, 0x0001, 0x0003, 0x0002, 0x0000, 0x0001, 0x0001, 0x0003, 0x0001, 0x0000, 0x0002, 
    0x0000, 0x0001, 0x0003, 0x0001, 0x0000, 0x0002, 0x0000, 0x0000, 0x0002, 0x0000, 0x0000, 0x0002, 0x0000, 0x0000, 0x0002, 0x0000, 
    0x0001, 0x0003, 0x0001, 0x0001, 0x0001, 0x0003, 0x0001, 0x0001, 0x0003, 0x0001, 0x0001, 0x0003, 0x0001, 0x0001, 0x0003, 0x0001, 
    0x0001, 0x0003, 0x0001, 0x0001, 0x0003, 0x0001, 0x0001, 0x0003, 0x0001, 0x0001, 0x0003, 0x0001, 0x0001, 0x0003, 0x0001, 0x0001, 
    0x0000, 0x0002, 0x0000, 0x0001, 0x0001, 0x0003, 0x0001, 0x0001, 0x0003, 0x0001, 0x0001, 0x0003, 0x0001, 0x0001, 0x0003, 0x0001, 
    0x0001, 0x0003, 0x0001, 0x0001, 0x0003, 0x0001, 0x0001, 0x0003, 0x0001, 0x0001, 0x0003, 0x0001, 0x0001, 0x0000, 0x0002, 0x0000, 
    0x0001, 0x0001, 0x0003, 0x0001, 0x0001, 0x0003, 0x0001, 0x0001, 0x0003, 0x0001, 0x0001, 0x0003, 0x0001, 0x0001, 0x0003, 0x0001, 
    0x0001, 0x0003, 0x0001, 0x0001, 0x0003, 0x0001, 0x0001, 0x0003, 0x0001, 0x0001, 0x0000, 0x0002, 0x0000, 0x0001, 0x0001, 0x0003, 
    0x0001, 0x0001, 0x0003, 0x0001, 0x0001, 0x0003, 0x0001, 0x0001, 0x0003, 0x0001, 0x0001, 0x0003, 0x0001, 0x0001, 0x0003, 0x0001, 
    0x0001, 0x0003, 0x0001, 0x0001, 0x0003, 0x0001, 0x0001, 0x0000, 0x0002, 0x0000, 0x0001, 0x0001, 0x0003, 0x0001, 0x0001, 0x0003, 
    0x0001, 0x0001, 0x0003, 0x0001, 0x0001, 0x0003, 0x0001, 0x0001, 0x0003, 0x0001, 0x0001, 0x0003, 0x0001, 0x0001, 0x0003, 0x0001, 
    0x0001, 0x0003, 0x0001, 0x0001, 0x0000, 0x0002, 0x0000, 0x0001, 0x0001, 0x0003, 0x0001, 0x0001, 0x0003, 0x0001, 0x0001, 0x0003, 
    0x0001, 0x0001, 0x0003, 0x0001, 0x0001, 0x0003, 0x0001, 0x0001, 0x0003, 0x0001, 0x0001, 0x0003, 0x0001, 0x0001, 0x0003, 0x0001, 
    0x0001, 0x0000, 0x0002, 0x0000, 0x0001, 0x0001, 0x0003, 0x0001, 0x0001, 0x0003, 0x0001, 0x0001, 0x0003, 0x0001, 0x0001, 0x0003, 
    0x0001, 0x0001, 0x0003, 0x0001, 0x0001, 0x0003, 0x0001, 0x0001, 0x0003, 0x0001, 0x0001, 0x0003, 0x0001, 0x0001, 0x0000, 0x0002, 
    0x0000, 0x0001, 0x0001, 0x0003, 0x0001, 0x0001, 0x0003, 0x0001, 0x0001, 0x0003, 0x0001, 0x0001, 0x0003, 0x0001, 0x0001, 0x0003, 
    0x0001, 0x0001, 0x0003, 0x0001, 0x0001, 0x0003, 0x0001, 0x0001, 0x0003, 0x0001, 0x0001, 0x0001, 0x0003, 0x0001, 0x0000, 0x0002, 
    0x0003, 0x0001, 0x0001, 0x0003, 0x0002, 0x0000, 0x0001, 0x0001, 0x0003, 0x0001, 0x0000, 0x0002, 0x0000, 0x0001, 0x0003, 0x0001, 
    0x0000, 0x0002, 0x0000, 0x0000, 0x0002, 0x0000, 0x0000, 0x0002, 0x0000, 0x0000, 0x0002, 0x0000, 0x0000, 0x0002, 0x0000, 0x0001, 
    0x0001, 0x0003, 0x0001, 0x0000, 0x0002, 0x0000, 0x0000, 0x0002, 0x0000, 0x0000, 0x0002, 0x0000, 0x0000, 0x0002, 0x0000, 0x0000, 
    0x0002, 0x0000, 0x0000, 0x0002, 0x0000, 0x0000, 0x0002, 0x0000, 0x0000, 0x0002, 0x0000, 0x0001, 0x0001, 0x0003, 0x0001, 0x0001, 
    0x0003, 0x0002, 0x0000, 0x0001, 0x0001, 0x0003, 0x0001, 0x0000, 0x0002, 0x0000, 0x0001, 0x0003, 0x0001, 0x0000, 0x0002, 0x0000, 
    0x0000, 0x0002, 0x0000, 0x0000, 0x0002, 0x0000, 0x0000, 0x0002, 0x0000, 0x0001, 0x0003, 0x0001, 0x0001, 0x0001, 0x0003, 0x0001, 
    0x0001, 0x0003, 0x0001, 0x0001, 0x0003, 0x0001, 0x0001, 0x0003, 0x0001, 0x0001, 0x0003, 0x0001, 0x0001, 0x0003, 0x0001, 0x0001, 
    0x0003, 0x0001, 0x0001, 0x0003, 0x0001, 0x0001, 0x0003, 0x0001, 0x0001, 0x0000, 0x0002, 0x0000, 0x0001, 0x0001, 0x0003, 0x0001, 
    0x0001, 0x0003, 0x0001, 0x0001, 0x0003, 0x0001, 0x0001, 0x0003, 0x0001, 0x0001, 0x0003, 0x0001, 0x0001, 0x0003, 0x0001, 0x0001, 
    0x0003, 0x0001, 0x0001, 0x0003, 0x0001, 0x0001, 0x0000, 0x0002, 0x0000, 0x0001, 0x0001, 0x0003, 0x0001, 0x0001, 0x0003, 0x0001, 
    0x0001, 0x0003, 0x0001, 0x0001, 0x0003, 0x0001, 0x0001, 0x0003, 0x0001, 0x0001, 0x0003, 0x0001, 0x0001, 0x0003, 0x0001, 0x0001, 
    0x0003, 0x0001, 0x0001, 0x0000, 0x0002, 0x0000, 0x0001, 0x0001, 0x0003, 0x0001, 0x0001, 0x0003, 0x0001, 0x0001, 0x0003, 0x0001, 
    0x0001, 0x0003, 0x0001, 0x0001, 0x0003, 0x0001, 0x0001, 0x0003, 0x0001, 0x0001, 0x0003, 0x0001, 0x0001, 0x0003, 0x0001, 0x0001, 
    0x0000, 0x0002, 0x0000, 0x0001, 0x0001, 0x0003, 0x0001, 0x0001, 0x0003, 0x0001, 0x0001, 0x0003, 0x0001, 0x0001, 0x0003, 0x0001, 
    0x0001, 0x0003, 0x0001, 0x0001, 0x0003, 0x0001, 0x0001, 0x0003, 0x0001, 0x0001, 0x0003, 0x0001, 0x0001, 0x0000, 0x0002, 0x0000, 
    0x0001, 0x0001, 0x0003, 0x0001, 0x0001, 0x0003, 0x0001, 0x0001, 0x0003, 0x0001, 0x0001, 0x0003, 0x0001, 0x0001, 0x0003, 0x0001, 
    0x0001, 0x0003, 0x0001, 0x0001, 0x0003, 0x0001, 0x0001, 0x0003, 0x0001, 0x0001, 0x0000, 0x0002, 0x0000, 0x0001, 0x0001, 0x0003, 
    0x0001, 0x0001, 0x0003, 0x0001, 0x0001, 0x0003, 0x0001, 0x0001, 0x0003, 0x0001, 0x0001, 0x0003, 0x0001, 0x0001, 0x0003, 0x0001, 
    0x0001, 0x0003, 0x0001, 0x0001, 0x0003, 0x0001, 0x0001, 0x0000, 0x0002, 0x0000, 0x0001, 0x0001, 0x0003, 0x0001, 0x0001, 0x0003, 
    0x0001, 0x0001, 0x0003, 0x0001, 0x0001, 0x0003, 0x0001, 0x0001, 0x0003, 0x0001, 0x0001, 0x0003, 0x0001, 0x0001, 0x0003, 0x0001, 
    0x0001, 0x0003, 0x0001, 0x0001, 0x0000, 0x0002, 0x0000, 0x0001, 0x0001, 0x0003, 0x0001, 0x0001, 0x0003, 0x0001, 0x0001, 0x0003, 
    0x0001, 0x0001, 0x0003, 0x0001, 0x0001, 0x0003, 0x0001, 0x0001, 0x0003, 0x0001, 0x0001, 0x0003, 0x0001, 0x0001, 0x0003, 0x0001, 
    0x0001, 0x0000, 0x0002, 0x0000, 0x0001, 0x0001, 0x0003, 0x0001, 0x0001, 0x0003, 0x0001, 0x0001, 0x0003, 0x0001, 0x0001, 0x0003, 
    0x0001, 0x0001, 0x0003, 0x0001, 0x0001, 0x0003, 0x0001, 0x0001, 0x0003, 0x0001, 0x0001, 0x0003, 0x0001, 0x0001, 0x0000, 0x0002, 
    0x0000, 0x0001, 0x0001, 0x0003, 0x0001, 0x0001, 0x0003, 0x0001, 0x0001, 0x0003, 0x0001, 0x0001, 0x0003, 0x0001, 0x0001, 0x0003, 
    0x0001, 0x0001, 0x0003, 0x0001, 0x0001, 0x0003, 0x0001, 0x0001, 0x0003, 0x0001, 0x0001, 0x0000, 0x0002, 0x0000, 0x0001, 0x0001, 
    0x0003, 0x0001, 0x0001, 0x0003, 0x0001, 0x0001, 0x0003, 0x0001, 0x0001, 0x0003, 0x0001, 0x0001, 0x0003, 0x0001, 0x0001, 0x0003, 
    0x0001, 0x0001, 0x0003, 0x0001, 0x0001, 0x0003, 0x0001, 0x0001, 0x0000, 0x0002, 0x0000, 0x0001, 0x0001, 0x0003, 0x0001, 0x0001, 
    0x0003, 0x0001, 0x0001, 0x0003, 0x0001, 0x0001, 0x0003, 0x0001, 0x0001, 0x0003, 0x0001, 0x0001, 0x0003, 0x0001, 0x0001, 0x0003, 
    0x0001, 0x0001, 0x0003, 0x0001, 0x0001, 0x0000, 0x0002, 0x0000, 0x0001, 0x0001, 0x0003, 0x0001, 0x0001, 0x0003, 0x0001, 0x0001, 
    0x0003, 0x0001, 0x0001, 0x0003, 0x0001, 0x0001, 0x0003, 0x0001, 0x0001, 0x0003, 0x0001, 0x0001, 0x0003, 0x0001, 0x0001, 0x0003, 
    0x0001, 0x0001, 0x0000, 0x0002, 0x0000, 0x0001, 0x0001, 0x0003, 0x0001, 0x0001, 0x0003, 0x0001, 0x0001, 0x0003, 0x0001, 0x0001, 
    0x0003, 0x0001, 0x0001, 0x0003, 0x0001, 0x0001, 0x0003, 0x0001, 0x0001, 0x0003, 0x0001, 0x0001, 0x0003, 0x0001, 0x0001, 0x0000, 
    0x0002, 0x0000, 0x0001, 0x0001, 0x0003, 0x0001, 0x0001, 0x0003, 0x0001, 0x0001, 0x0003, 0x0001, 0x0001, 0x0003, 0x0001, 0x0001, 
    0x0003, 0x0001, 0x0001, 0x0003, 0x0001, 0x0001, 0x0003, 0x0001, 0x0001, 0x0003, 0x0001, 0x0001, 0x0000, 0x0002, 0x0000, 0x0001, 
    0x0001, 0x0003, 0x0001, 0x0001, 0x0003, 0x0001, 0x0001, 0x0003, 0x0001, 0x0001, 0x0003, 0x0001, 0x0001, 0x0003, 0x0001, 0x0001, 
    0x0003, 0x0001, 0x0001, 0x0003, 0x0001, 0x0001, 0x0003, 0x0001, 0x0001, 0x0000, 0x0002, 0x0000, 0x0001, 0x0001, 0x0003, 0x0001, 
    0x0001, 0x0003, 0x0001, 0x0001, 0x0003, 0x0001, 0x0001, 0x0003, 0x0001, 0x0001, 0x0003, 0x0001, 0x0001, 0x0003, 0x0001, 0x0001, 
    0x0003, 0x0001, 0x0001, 0x0003, 0x0001, 0x0001, 0x0000, 0x0002, 0x0000, 0x0001, 0x0001, 0x0003, 0x0001, 0x0001, 0x0003, 0x0001, 
    0x0001, 0x0003, 0x0001, 0x0001, 0x0003, 0x0001, 0x0001, 0x0003, 0x0001, 0x0001, 0x0003, 0x0001, 0x0001, 0x0003, 0x0001, 0x0001, 
    0x0003, 0x0001, 0x0001, 0x0000, 0x0002, 0x0000, 0x0001, 0x0001, 0x0003, 0x0001, 0x0001, 0x0003, 0x0001, 0x0001, 0x0003, 0x0001, 
    0x0001, 0x0003, 0x0001, 0x0001, 0x0003, 0x0001, 0x0001, 0x0003, 0x0001, 0x0001, 0x0003, 0x0001, 0x0001, 0x0003, 0x0001, 0x0001, 
    0x0000, 0x0002, 0x0000, 0x0001, 0x0001, 0x0003, 0x0001, 0x0001, 0x0003, 0x0001, 0x0001, 0x0003, 0x0001, 0x0001, 0x0003, 0x0001, 
    0x0001, 0x0003, 0x0001, 0x0001, 0x0003, 0x0001, 0x0001, 0x0003, 0x0001, 0x0001, 0x0003, 0x0001, 0x0001, 0x0000, 0x0002, 0x0000, 
    0x0001, 0x0001, 0x0003, 0x0001, 0x0001, 0x0003, 0x0001, 0x0001, 0x0003, 0x0001, 0x0001, 0x0003, 0x0001, 0x0001, 0x0003, 0x0001, 
    0x0001, 0x0003, 0x0001, 0x0001, 0x0003, 0x0001, 0x0001, 0x0003, 0x0001, 0x0001, 0x0000, 0x0002, 0x0000, 0x0001, 0x0001, 0x0003, 
    0x0001, 0x0001, 0x0003, 0x0001, 0x0001, 0x0003, 0x0001, 0x0001, 0x0003, 0x0001, 0x0001, 0x0003, 0x0001, 0x0001, 0x0003, 0x0001, 
    0x0001, 0x0003, 0x0001, 0x0001, 0x0003, 0x0001, 0x0001, 0x0000, 0x0002, 0x0000, 0x0001, 0x0001, 0x0003, 0x0001, 0x0001, 0x0003, 
    0x0001, 0x0001, 0x0003, 0x0001, 0x0001, 0x0003, 0x0001, 0x0001, 0x0003, 0x0001, 0x0001, 0x0003, 0x0001, 0x0001, 0x0003, 0x0001, 
    0x0001, 0x0003, 0x0001, 0x0001, 0x0000, 0x0002, 0x0000, 0x0001, 0x0001, 0x0003, 0x0001, 0x0001, 0x0003, 0x0001, 0x0001, 0x0003, 
    0x0001, 0x0001, 0x0003, 0x0001, 0x0001, 0x0003, 0x0001, 0x0001, 0x0003, 0x0001, 0x0001, 0x0003, 0x0001, 0x0001, 0x0003, 0x0001, 
    0x0001, 0x0000, 0x0002, 0x0000, 0x0001, 0x0001, 0x0003, 0x0001, 0x0001, 0x0003, 0x0001, 0x0001, 0x0003, 0x0001, 0x0001, 0x0003, 
    0x0001, 0x0001, 0x0003, 0x0001, 0x0001, 0x0003, 0x0001, 0x0001, 0x0003, 0x0001, 0x0001, 0x0003, 0x0001, 0x0001, 0x0000, 0x0002, 
    0x0000, 0x0001, 0x0001, 0x0003, 0x0001, 0x0001, 0x0003, 0x0001, 0x0001, 0x0003, 0x0001, 0x0001, 0x0003, 0x0001, 0x0001, 0x0003, 
    0x0001, 0x0001, 0x0003, 0x0001, 0x0001, 0x0003, 0x0001, 0x0001, 0x0003, 0x0001, 0x0001, 0x0000, 0x0002, 0x0000, 0x0001, 0x0001, 
    0x0003, 0x0001, 0x0001, 0x0003, 0x0001, 0x0001, 0x0003, 0x0001, 0x0001, 0x0003, 0x0001, 0x0001, 0x0003, 0x0001, 0x0001, 0x0003, 
    0x0001, 0x0001, 0x0003, 0x0001, 0x0001, 0x0003, 0x0001, 0x0001, 0x0000, 0x0002, 0x0000, 0x0001, 0x0001, 0x0003, 0x0001, 0x0001, 
    0x0003, 0x0001, 0x0001, 0x0003, 0x0001, 0x0001, 0x0003, 0x0001, 0x0001, 0x0003, 0x0001, 0x0001, 0x0003, 0x0001, 0x0001, 0x0003, 
    0x0001, 0x0001, 0x0003, 0x0001, 0x0001, 0x0000, 0x0002, 0x0000, 0x0001, 0x0001, 0x0003, 0x0001, 0x0001, 0x0003, 0x0001, 0x0001, 
    0x0003, 0x0001, 0x0001, 0x0003, 0x0001, 0x0001, 0x0003, 0x0001, 0x0001, 0x0003, 0x0001, 0x0001, 0x0003, 0x0001, 0x0001, 0x0003, 
    0x0001, 0x0001, 0x0000, 0x0002, 0x0000, 0x0001, 0x0001, 0x0003, 0x0001, 0x0001, 0x0003, 0x0001, 0x0001, 0x0003, 0x0001, 0x0001, 
    0x0003, 0x0001, 0x0001, 0x0003, 0x0001, 0x0001, 0x0003, 0x0001, 0x0001, 0x0003, 0x0001, 0x0001, 0x0003, 0x0001, 0x0001, 0x0000, 
    0x0002, 0x0000, 0x0001, 0x0001, 0x0003, 0x0001, 0x0001, 0x0003, 0x0001, 0x0001, 0x0003, 0x0001, 0x0001, 0x0003, 0x0001, 0x0001, 
    0x0003, 0x0001, 0x0001, 0x0003, 0x0001, 0x0001, 0x0003, 0x0001, 0x0001, 0x0003, 0x0001, 0x0001, 0x0000, 0x0002, 0x0000, 0x0001, 
    0x0001, 0x0003, 0x0001, 0x0001, 0x0003, 0x0001, 0x0001, 0x0003, 0x0001, 0x0001, 0x0003, 0x0001, 0x0001, 0x0003, 0x0001, 0x0001, 
    0x0003, 0x0001, 0x0001, 0x0003, 0x0001, 0x0001, 0x0003, 0x0001, 0x0001, 0x0000, 0x0002, 0x0000, 0x0001, 0x0001, 0x0003, 0x0001, 
    0x0001, 0x0003, 0x0001, 0x0001, 0x0003, 0x0001, 0x0001, 0x0003, 0x0001, 0x0001, 0x0003, 0x0001, 0x0001, 0x0003, 0x0001, 0x0001, 
    0x0003, 0x0001, 0x0001, 0x0003, 0x0001, 0x0001, 0x0000, 0x0002, 0x0000, 0x0001, 0x0001, 0x0003, 0x0001, 0x0001, 0x0003, 0x0001, 
    0x0001, 0x0003, 0x0001, 0x0001, 0x0003, 0x0001, 0x0001, 0x0003, 0x0001, 0x0001, 0x0003, 0x0001, 0x0001, 0x0003, 0x0001, 0x0001, 
    0x0003, 0x0001, 0x0001, 0x0000, 0x0002, 0x0000, 0x0001, 0x0001, 0x0003, 0x0001, 0x0001, 0x0003, 0x0001, 0x0001, 0x0003, 0x0001, 
    0x0001, 0x0003, 0x0001, 0x0001, 0x0003, 0x0001, 0x0001, 0x0003, 0x0001, 0x0001, 0x0003, 0x0001, 0x0001, 0x0003, 0x0001, 0x0001, 
    0x0000, 0x0002, 0x0000, 0x0001, 0x0001, 0x0003, 0x0001, 0x0001, 0x0003, 0x0001, 0x0001, 0x0003, 0x0001, 0x0001, 0x0003, 0x0001, 
    0x0001, 0x0003, 0x0001, 0x0001, 0x0003, 0x0001, 0x0001, 0x0003, 0x0001, 0x0001, 0x0003, 0x0001, 0x0001, 0x0000, 0x0002, 0x0000, 
    0x0001, 0x0001, 0x0003, 0x0001, 0x0001, 0x0003, 0x0001, 0x0001, 0x0003, 0x0001, 0x0001, 0x0003, 0x0001, 0x0001, 0x0003, 0x0001, 
    0x0001, 0x0003, 0x0001, 0x0001, 0x0003, 0x0001, 0x0001, 0x0003, 0x0001, 0x0001, 0x0000, 0x0002, 0x0000, 0x0001, 0x0001, 0x0003, 
    0x0001, 0x0001, 0x0003, 0x0001, 0x0001, 0x0003, 0x0001, 0x0001, 0x0003, 0x0001, 0x0001, 0x0003, 0x0001, 0x0001, 0x0003, 0x0001, 
    0x0001, 0x0003, 0x0001, 0x0001, 0x0003, 0x0001, 0x0001, 0x0000, 0x0002, 0x0000, 0x0001, 0x0001, 0x0003, 0x0001, 0x0001, 0x0003, 
    0x0001, 0x0001, 0x0003, 0x0001, 0x0001, 0x0003, 0x0001, 0x0001, 0x0003, 0x0001, 0x0001, 0x0003, 0x0001, 0x0001, 0x0003, 0x0001, 
    0x0001, 0x0003, 0x0001, 0x0001, 0x0000, 0x0002, 0x0000, 0x0001, 0x0001, 0x0003, 0x0001, 0x0001, 0x0003, 0x0001, 0x0001, 0x0003, 
    0x0001, 0x0001, 0x0003, 0x0001, 0x0001, 0x0003, 0x0001, 0x0001, 0x0003, 0x0001, 0x0001, 0x0003, 0x0001, 0x0001, 0x0003, 0x0001, 
    0x0001, 0x0000, 0x0002, 0x0000, 0x0001, 0x0001, 0x0003, 0x0001, 0x0001, 0x0003, 0x0001, 0x0001, 0x0003, 0x0001, 0x0001, 0x0003, 
    0x0001, 0x0001, 0x0003, 0x0001, 0x0001, 0x0003, 0x0001, 0x0001, 0x0003, 0x0001, 0x0001, 0x0003, 0x0001, 0x0001, 0x0000, 0x0002, 
    0x0000, 0x0001, 0x0001, 0x0003, 0x0001, 0x0001, 0x0003, 0x0001, 0x0001, 0x0003, 0x0001, 0x0001, 0x0003, 0x0001, 0x0001, 0x0003, 
    0x0001, 0x0001, 0x0003, 0x0001, 0x0001, 0x0003, 0x0001, 0x0001, 0x0003, 0x0001, 0x0001, 0x0000, 0x0002, 0x0000, 0x0001, 0x0001, 
    0x0003, 0x0001, 0x0001, 0x0003, 0x0001, 0x0001, 0x0003, 0x0001, 0x0001, 0x0003, 0x0001, 0x0001, 0x0003, 0x0001, 0x0001, 0x0003, 
    0x0001, 0x0001, 0x0003, 0x0001, 0x0001, 0x0003, 0x0001, 0x0001, 0x0000, 0x0002, 0x0000, 0x0001, 0x0001, 0x0003, 0x0001, 0x0001, 
    0x0003, 0x0001, 0x0001, 0x0003, 0x0001, 0x0001, 0x0003, 0x0001, 0x0001, 0x0003, 0x0001, 0x0001, 0x0003, 0x0001, 0x0001, 0x0003, 
    0x0001, 0x0001, 0x0003, 0x0001, 0x0001, 0x0000, 0x0002, 0x0000, 0x0001, 0x0001, 0x0003, 0x0001, 0x0001, 0x0003, 0x0001, 0x0001, 
    0x0003, 0x0001, 0x0001, 0x0003, 0x0001, 0x0001, 0x0003, 0x0001, 0x0001, 0x0003, 0x0001, 0x0001, 0x0003, 0x0001, 0x0001, 0x0003, 
    0x0001, 0x0001, 0x0000, 0x0002, 0x0000, 0x0001, 0x0001, 0x0003, 0x0001, 0x0001, 0x0003, 0x0001, 0x0001, 0x0003, 0x0001, 0x0001, 
    0x0003, 0x0001, 0x0001, 0x0003, 0x0001, 0x0001, 0x0003, 0x0001, 0x0001, 0x0003, 0x0001, 0x0001, 0x0003, 0x0001, 0x0001, 0x0000, 
    0x0002, 0x0000, 0x0001, 0x0001, 0x0003, 0x0001, 0x0001, 0x0003, 0x0001, 0x0001, 0x0003, 0x0001, 0x0001, 0x0003, 0x0001, 0x0001, 
    0x0003, 0x0001, 0x0001, 0x0003, 0x0001, 0x0001, 0x0003, 0x0001, 0x0001, 0x0003, 0x0001, 0x0001, 0x0000, 0x0002, 0x0000, 0x0001, 
    0x0001, 0x0003, 0x0001, 0x0001, 0x0003, 0x0001, 0x0001, 0x0003, 0x0001, 0x0001, 0x0003, 0x0001, 0x0001, 0x0003, 0x0001, 0x0001, 
    0x0003, 0x0001, 0x0001, 0x0003, 0x0001, 0x0001, 0x0003, 0x0001, 0x0001, 0x0000, 0x0002, 0x0000, 0x0001, 0x0001, 0x0003, 0x0001, 
    0x0001, 0x0003, 0x0001, 0x0001, 0x0003, 0x0001, 0x0001, 0x0003, 0x0001, 0x0001, 0x0003, 0x0001, 0x0001, 0x0003, 0x0001, 0x0001, 
    0x0003, 0x0001, 0x0001, 0x0003, 0x0001, 0x0001, 0x0000, 0x0002, 0x0000, 0x0001, 0x0001, 0x0003, 0x0001, 0x0001, 0x0003, 0x0001, 
    0x0001, 0x0003, 0x0001, 0x0001, 0x0003, 0x0001, 0x0001, 0x0003, 0x0001, 0x0001, 0x0003, 0x0001, 0x0001, 0x0003, 0x0001, 0x0001, 
    0x0003, 0x0001, 0x0001, 0x0000, 0x0002, 0x0000, 0x0001, 0x0001, 0x0003, 0x0001, 0x0001, 0x0003, 0x0001, 0x0001, 0x0003, 0x0001, 
    0x0001, 0x0003, 0x0001, 0x0001, 0x0003, 0x0001, 0x0001, 0x0003, 0x0001, 0x0001, 0x0003, 0x0001, 0x0001, 0x0003, 0x0001, 0x0001, 
    0x0000, 0x0002, 0x0000, 0x0001, 0x0001, 0x0003, 0x0001, 0x0001, 0x0003, 0x0001, 0x0001, 0x0003, 0x0001, 0x0001, 0x0003, 0x0001, 
    0x0001, 0x0003, 0x0001, 0x0001, 0x0003, 0x0001, 0x0001, 0x0003, 0x0001, 0x0001, 0x0003, 0x0001, 0x0001, 0x0000, 0x0002, 0x0000, 
    0x0001, 0x0001, 0x0003, 0x0001, 0x0001, 0x0003, 0x0001, 0x0001, 0x0003, 0x0001, 0x0001, 0x0003, 0x0001, 0x0001, 0x0003, 0x0001, 
    0x0001, 0x0003, 0x0001, 0x0001, 0x0003, 0x0001, 0x0001, 0x0003, 0x0001, 0x0001, 0x0000, 0x0002, 0x0000, 0x0001, 0x0001, 0x0003, 
    0x0001, 0x0001, 0x0003, 0x0001, 0x0001, 0x0003, 0x0001, 0x0001, 0x0003, 0x0001, 0x0001, 0x0003, 0x0001, 0x0001, 0x0003, 0x0001, 
    0x0001, 0x0003, 0x0001, 0x0001, 0x0003, 0x0001, 0x0001, 0x0000, 0x0002, 0x0000, 0x0001, 0x0001, 0x0003, 0x0001, 0x0001, 0x0003, 
    0x0001, 0x0001, 0x0003, 0x0001, 0x0001, 0x0003, 0x0001, 0x0001, 0x0003, 0x0001, 0x0001, 0x0003, 0x0001, 0x0001, 0x0003, 0x0001, 
    0x0001, 0x0003, 0x0001, 0x0001, 0x0000, 0x0002, 0x0000, 0x0001, 0x0001, 0x0003, 0x0001, 0x0001, 0x0003, 0x0001, 0x0001, 0x0003, 
    0x0001, 0x0001, 0x0003, 0x0001, 0x0001, 0x0003, 0x0001, 0x0001, 0x0003, 0x0001, 0x0001, 0x0003, 0x0001, 0x0001, 0x0003, 0x0001, 
    0x0001, 0x0000, 0x0002, 0x0000, 0x0001, 0x0001, 0x0003, 0x0001, 0x0001, 0x0003, 0x0001, 0x0001, 0x0003, 0x0001, 0x0001, 0x0003, 
    0x0001, 0x0001, 0x0003, 0x0001, 0x0001, 0x0003, 0x0001, 0x0001, 0x0003, 0x0001, 0x0001, 0x0003, 0x0001, 0x0001, 0x0000, 0x0002, 
    0x0000, 0x0001, 0x0001, 0x0003, 0x0001, 0x0001, 0x0003, 0x0001, 0x0001, 0x0003, 0x0001, 0x0001, 0x0003, 0x0001, 0x0001, 0x0003, 
    0x0001, 0x0001, 0x0003, 0x0001, 0x0001, 0x0003, 0x0001, 0x0001, 0x0003, 0x0001, 0x0001, 0x0000, 0x0002, 0x0000, 0x0001, 0x0001, 
    0x0003, 0x0001, 0x0001, 0x0003, 0x0001, 0x0001, 0x0003, 0x0001, 0x0001, 0x0003, 0x0001, 0x0001, 0x0003, 0x0001, 0x0001, 0x0003, 
    0x0001, 0x0001, 0x0003, 0x0001, 0x0001, 0x0003, 0x0001, 0x0001, 0x0000, 0x0002, 0x0000, 0x0001, 0x0001, 0x0003, 0x0001, 0x0001, 
    0x0003, 0x0001, 0x0001, 0x0003, 0x0001, 0x0001, 0x0003, 0x0001, 0x0001, 0x0003, 0x0001, 0x0001, 0x0003, 0x0001, 0x0001, 0x0003, 
    0x0001, 0x0001, 0x0003, 0x0001, 0x0001, 0x0000, 0x0002, 0x0000, 0x0001, 0x0001, 0x0003, 0x0001, 0x0001, 0x0003, 0x0001, 0x0001, 
    0x0003, 0x0001, 0x0001, 0x0003, 0x0001, 0x0001, 0x0003, 0x0001, 0x0001, 0x0003, 0x0001, 0x0001, 0x0003, 0x0001, 0x0001, 0x0003, 
    0x0001, 0x0001, 0x0000, 0x0002, 0x0000, 0x0001, 0x0001, 0x0003, 0x0001, 0x0001, 0x0003, 0x0001, 0x0001, 0x0003, 0x0001, 0x0001, 
    0x0003, 0x0001, 0x0001, 0x0003, 0x0001, 0x0001, 0x0003, 0x0001, 0x0001, 0x0003, 0x0001, 0x0001, 0x0003, 0x0001, 0x0001, 0x0000, 
    0x0002, 0x0000, 0x0001, 0x0001, 0x0003, 0x0001, 0x0001, 0x0003, 0x0001, 0x0001, 0x0003, 0x0001, 0x0001, 0x0003, 0x0001, 0x0001, 
    0x0003, 0x0001, 0x0001, 0x0003, 0x0001, 0x0001, 0x0003, 0x0001, 0x0001, 0x0003, 0x0001, 0x0001, 0x0000, 0x0002, 0x0000, 0x0001, 
    0x0001, 0x0003, 0x0001, 0x0001, 0x0003, 0x0001, 0x0001, 0x0003, 0x0001, 0x0001, 0x0003, 0x0001, 0x0001, 0x0003, 0x0001, 0x0001, 
    0x0003, 0x0001, 0x0001, 0x0003, 0x0001, 0x0001, 0x0003, 0x0001, 0x0001, 0x0000, 0x0002, 0x0000, 0x0001, 0x0001, 0x0003, 0x0001, 
    0x0001, 0x0003, 0x0001, 0x0001, 0x0003, 0x0001, 0x0001, 0x0003, 0x0001, 0x0001, 0x0003, 0x0001, 0x0001, 0x0003, 0x0001, 0x0001, 
    0x0003, 0x0001, 0x0001, 0x0003, 0x0001, 0x0001, 0x0000, 0x0002, 0x0000, 0x0001, 0x0001, 0x0003, 0x0001, 0x0001, 0x0003, 0x0001, 
    0x0001, 0x0003, 0x0001, 0x0001, 0x0003, 0x0001, 0x0001, 0x0003, 0x0001, 0x0001, 0x0003, 0x0001, 0x0001, 0x0003, 0x0001, 0x0001, 
    0x0003, 0x0001, 0x0001, 0x0000, 0x0002, 0x0000, 0x0001, 0x0001, 0x0003, 0x0001, 0x0001, 0x0003, 0x0001, 0x0001, 0x0003, 0x0001, 
    0x0001, 0x0003, 0x0001, 0x0001, 0x0003, 0x0001, 0x0001, 0x0003, 0x0001, 0x0001, 0x0003, 0x0001, 0x0001, 0x0003, 0x0001, 0x0001, 
    0x0000, 0x0002, 0x0000, 0x0001, 0x0001, 0x0003, 0x0001, 0x0001, 0x0003, 0x0001, 0x0001, 0x0003, 0x0001, 0x0001, 0x0003, 0x0001, 
    0x0001, 0x0003, 0x0001, 0x0001, 0x0003, 0x0001, 0x0001, 0x0003, 0x0001, 0x0001, 0x0003, 0x0001, 0x0001, 0x0000, 0x0002, 0x0000, 
    0x0001, 0x0001, 0x0003, 0x0001, 0x0001, 0x0003, 0x0001, 0x0001, 0x0003, 0x0001, 0x0001, 0x0003, 0x0001, 0x0001, 0x0003, 0x0001, 
    0x0001, 0x0003, 0x0001, 0x0001, 0x0003, 0x0001, 0x0001, 0x0003, 0x0001, 0x0001, 0x0000, 0x0002, 0x0000, 0x0001, 0x0001, 0x0003, 
    0x0001, 0x0001, 0x0003, 0x0001, 0x0001, 0x0003, 0x0001, 0x0001, 0x0003, 0x0001, 0x0001, 0x0003, 0x0001, 0x0001, 0x0003, 0x0001, 
    0x0001, 0x0003, 0x0001, 0x0001, 0x0003, 0x0001, 0x0001, 0x0000, 0x0002, 0x0000, 0x0001, 0x0001, 0x0003, 0x0001, 0x0001, 0x0003, 
    0x0001, 0x0001, 0x0003, 0x0001, 0x0001, 0x0003, 0x0001, 0x0001, 0x0003, 0x0001, 0x0001, 0x0003, 0x0001, 0x0001, 0x0003, 0x0001, 
    0x0001, 0x0003, 0x0001, 0x0001, 0x0000, 0x0002, 0x0000, 0x0001, 0x0001, 0x0003, 0x0001, 0x0001, 0x0003, 0x0001, 0x0001, 0x0003, 
    0x0001, 0x0001, 0x0003, 0x0001, 0x0001, 0x0003, 0x0001, 0x0001, 0x0003, 0x0001, 0x0001, 0x0003, 0x0001, 0x0001, 0x0003, 0x0001, 
    0x0001, 0x0000, 0x0002, 0x0000, 0x0001, 0x0001, 0x0003, 0x0001, 0x0001, 0x0003, 0x0001, 0x0001, 0x0003, 0x0001, 0x0001, 0x0003, 
    0x0001, 0x0001, 0x0003, 0x0001, 0x0001, 0x0003, 0x0001, 0x0001, 0x0003, 0x0001, 0x0001, 0x0003, 0x0001, 0x0001, 0x0000, 0x0002, 
    0x0000, 0x0001, 0x0001, 0x0003, 0x0001, 0x0001, 0x0003, 0x0001, 0x0001, 0x0003, 0x0001, 0x0001, 0x0003, 0x0001, 0x0001, 0x0003, 
    0x0001, 0x0001, 0x0003, 0x0001, 0x0001, 0x0003, 0x0001, 0x0001, 0x0003, 0x0001, 0x0001, 0x0000, 0x0002, 0x0000, 0x0001, 0x0001, 
    0x0003, 0x0001, 0x0001, 0x0003, 0x0001, 0x0001, 0x0003, 0x0001, 0x0001, 0x0003, 0x0001, 0x0001, 0x0003, 0x0001, 0x0001, 0x0003, 
    0x0001, 0x0001, 0x0003, 0x0001, 0x0001, 0x0003, 0x0001, 0x0001, 0x0000, 0x0002, 0x0000, 0x0001, 0x0001, 0x0003, 0x0001, 0x0001, 
    0x0003, 0x0001, 0x0001, 0x0003, 0x0001, 0x0001, 0x0003, 0x0001, 0x0001, 0x0003, 0x0001, 0x0001, 0x0003, 0x0001, 0x0001, 0x0003, 
    0x0001, 0x0001, 0x0003, 0x0001, 0x0001, 0x0000, 0x0002, 0x0000, 0x0001, 0x0001, 0x0003, 0x0001, 0x0001, 0x0003, 0x0001, 0x0001, 
    0x0003, 0x0001, 0x0001, 0x0003, 0x0001, 0x0001, 0x0003, 0x0001, 0x0001, 0x0003, 0x0001, 0x0001, 0x0003, 0x0001, 0x0001, 0x0003, 
    0x0001, 0x0001, 0x0000, 0x0002, 0x0000, 0x0001, 0x0001, 0x0003, 0x0001, 0x0001, 0x0003, 0x0001, 0x0001, 0x0003, 0x0001, 0x0001, 
    0x0003, 0x0001, 0x0001, 0x0003, 0x0001, 0x0001, 0x0003, 0x0001, 0x0001, 0x0003, 0x0001, 0x0001, 0x0003, 0x0001, 0x0001, 0x0000, 
    0x0002, 0x0000, 0x0001, 0x0001, 0x0003, 0x0001, 0x0001, 0x0003, 0x0001, 0x0001, 0x0003, 0x0001, 0x0001, 0x0003, 0x0001, 0x0001, 
    0x0003, 0x0001, 0x0001, 0x0003, 0x0001, 0x0001, 0x0003, 0x0001, 0x0001, 0x0003, 0x0001, 0x0001, 0x0000, 0x0002, 0x0000, 0x0001, 
    0x0001, 0x0003, 0x0001, 0x0001, 0x0003, 0x0001, 0x0001, 0x0003, 0x0001, 0x0001, 0x0003, 0x0001, 0x0001, 0x0003, 0x0001, 0x0001, 
    0x0003, 0x0001, 0x0001, 0x0003, 0x0001, 0x0001, 0x0003, 0x0001, 0x0001, 0x0000, 0x0002, 0x0000, 0x0001, 0x0001, 0x0003, 0x0001, 
    0x0001, 0x0003, 0x0001, 0x0001, 0x0003, 0x0001, 0x0001, 0x0003, 0x0001, 0x0001, 0x0003, 0x0001, 0x0001, 0x0003, 0x0001, 0x0001, 
    0x0003, 0x0001, 0x0001, 0x0003, 0x0001, 0x0001, 0x0000, 0x0002, 0x0000, 0x0001, 0x0001, 0x0003, 0x0001, 0x0001, 0x0003, 0x0001, 
    0x0001, 0x0003, 0x0001, 0x0001, 0x0003, 0x0001, 0x0001, 0x0003, 0x0001, 0x0001, 0x0003, 0x0001, 0x0001, 0x0003, 0x0001, 0x0001, 
    0x0003, 0x0001, 0x0001, 0x0000, 0x0002, 0x0000, 0x0001, 0x0001, 0x0003, 0x0001, 0x0001, 0x0003, 0x0001, 0x0001, 0x0003, 0x0001, 
    0x0001, 0x0003, 0x0001, 0x0001, 0x0003, 0x0001, 0x0001, 0x0003, 0x0001, 0x0001, 0x0003, 0x0001, 0x0001, 0x0003, 0x0001, 0x0001, 
    0x0000, 0x0002, 0x0000, 0x0001, 0x0001, 0x0003, 0x0001, 0x0001, 0x0003, 0x0001, 0x0001, 0x0003, 0x0001, 0x0001, 0x0003, 0x0001, 
    0x0001, 0x0003, 0x0001, 0x0001, 0x0003, 0x0001, 0x0001, 0x0003, 0x0001, 0x0001, 0x0003, 0x0001, 0x0001, 0x0000, 0x0002, 0x0000, 
    0x0001, 0x0001, 0x0003, 0x0001, 0x0001, 0x0003, 0x0001, 0x0001, 0x0003, 0x0001, 0x0001, 0x0003, 0x0001, 0x0001, 0x0003, 0x0001, 
    0x0001, 0x0003, 0x0001, 0x0001, 0x0003, 0x0001, 0x0001, 0x0003, 0x0001, 0x0001, 0x0000, 0x0002, 0x0000, 0x0001, 0x0001, 0x0003, 
    0x0001, 0x0001, 0x0003, 0x0001, 0x0001, 0x0003, 0x0001, 0x0001, 0x0003, 0x0001, 0x0001, 0x0003, 0x0001, 0x0001, 0x0003, 0x0001, 
    0x0001, 0x0003, 0x0001, 0x0001, 0x0003, 0x0001, 0x0001, 0x0000, 0x0002, 0x0000, 0x0001, 0x0001, 0x0003, 0x0001, 0x0001, 0x0003, 
    0x0001, 0x0001, 0x0003, 0x0001, 0x0001, 0x0003, 0x0001, 0x0001, 0x0003, 0x0001, 0x0001, 0x0003, 0x0001, 0x0001, 0x0003, 0x0001, 
    0x0001, 0x0003, 0x0001, 0x0001, 0x0000, 0x0002, 0x0000, 0x0001, 0x0001, 0x0003, 0x0001, 0x0001, 0x0003, 0x0001, 0x0001, 0x0003, 
    0x0001, 0x0001, 0x0003, 0x0001, 0x0001, 0x0003, 0x0001, 0x0001, 0x0003, 0x0001, 0x0001, 0x0003, 0x0001, 0x0001, 0x0003, 0x0001, 
    0x0001, 0x0000, 0x0002, 0x0000, 0x0001, 0x0001, 0x0003, 0x0001, 0x0001, 0x0003, 0x0001, 0x0001, 0x0003, 0x0001, 0x0001, 0x0003, 
    0x0001, 0x0001, 0x0003, 0x0001, 0x0001, 0x0003, 0x0001, 0x0001, 0x0003, 0x0001, 0x0001, 0x0003, 0x0001, 0x0001, 0x0000, 0x0002, 
    0x0000, 0x0001, 0x0001, 0x0003, 0x0001, 0x0001, 0x0003, 0x0001, 0x0001, 0x0003, 0x0001, 0x0001, 0x0003, 0x0001, 0x0001, 0x0003, 
    0x0001, 0x0001, 0x0003, 0x0001, 0x0001, 0x0003, 0x0001, 0x0001, 0x0003, 0x0001, 0x0001, 0x0000, 0x0002, 0x0000, 0x0001, 0x0001, 
    0x0003, 0x0001, 0x0001, 0x0003, 0x0001, 0x0001, 0x0003, 0x0001, 0x0001, 0x0003, 0x0001, 0x0001, 0x0003, 0x0001, 0x0001, 0x0003, 
    0x0001, 0x0001, 0x0003, 0x0001, 0x0001, 0x0003, 0x0001, 0x0001, 0x0000, 0x0002, 0x0000, 0x0001, 0x0001, 0x0003, 0x0001, 0x0001, 
    0x0003, 0x0001, 0x0001, 0x0003, 0x0001, 0x0001, 0x0003, 0x0001, 0x0001, 0x0003, 0x0001, 0x0001, 0x0003, 0x0001, 0x0001, 0x0003, 
    0x0001, 0x0001, 0x0003, 0x0001, 0x0001, 0x0000, 0x0002, 0x0000, 0x0001, 0x0001, 0x0003, 0x0001, 0x0001, 0x0003, 0x0001, 0x0001, 
    0x0003, 0x0001, 0x0001, 0x0003, 0x0001, 0x0001, 0x0003, 0x0001, 0x0001, 0x0003, 0x0001, 0x0001, 0x0003, 0x0001, 0x0001, 0x0003, 
    0x0001, 0x0001, 0x0000, 0x0002, 0x0000, 0x0001, 0x0001, 0x0003, 0x0001, 0x0001, 0x0003, 0x0001, 0x0001, 0x0003, 0x0001, 0x0001, 
    0x0003, 0x0001, 0x0001, 0x0003, 0x0001, 0x0001, 0x0003, 0x0001, 0x0001, 0x0003, 0x0001, 0x0001, 0x0003, 0x0001, 0x0001, 0x0000, 
    0x0002, 0x0000, 0x0001, 0x0001, 0x0003, 0x0001, 0x0001, 0x0003, 0x0001, 0x0001, 0x0003, 0x0001, 0x0001, 0x0003, 0x0001, 0x0001, 
    0x0003, 0x0001, 0x0001, 0x0003, 0x0001, 0x0001, 0x0003, 0x0001, 0x0001, 0x0003, 0x0001, 0x0001, 0x0000, 0x0002, 0x0000, 0x0001, 
    0x0001, 0x0003, 0x0001, 0x0001, 0x0003, 0x0001, 0x0001, 0x0003, 0x0001, 0x0001, 0x0003, 0x0001, 0x0001, 0x0003, 0x0001, 0x0001, 
    0x0003, 0x0001, 0x0001, 0x0003, 0x0001, 0x0001, 0x0003, 0x0001, 0x0001, 0x0000, 0x0002, 0x0000, 0x0001, 0x0001, 0x0003, 0x0001, 
    0x0001, 0x0003, 0x0001, 0x0001, 0x0003, 0x0001, 0x0001, 0x0003, 0x0001, 0x0001, 0x0003, 0x0001, 0x0001, 0x0003, 0x0001, 0x0001, 
    0x0003, 0x0001, 0x0001, 0x0003, 0x0001, 0x0001, 0x0000, 0x0002, 0x0000, 0x0001, 0x0001, 0x0003, 0x0001, 0x0001, 0x0003, 0x0001, 
    0x0001, 0x0003, 0x0001, 0x0001, 0x0003, 0x0001, 0x0001, 0x0003, 0x0001, 0x0001, 0x0003, 0x0001, 0x0001, 0x0003, 0x0001, 0x0001, 
    0x0003, 0x0001, 0x0001, 0x0000, 0x0002, 0x0000, 0x0001, 0x0001, 0x0003, 0x0001, 0x0001, 0x0003, 0x0001, 0x0001, 0x0003, 0x0001, 
    0x0001, 0x0003, 0x0001, 0x0001, 0x0003, 0x0001, 0x0001, 0x0003, 0x0001, 0x0001, 0x0003, 0x0001, 0x0001, 0x0003, 0x0001, 0x0001, 
    0x0000, 0x0002, 0x0000, 0x0001, 0x0001, 0x0003, 0x0001, 0x0001, 0x0003, 0x0001, 0x0001, 0x0003, 0x0001, 0x0001, 0x0003, 0x0001, 
    0x0001, 0x0003, 0x0001, 0x0001, 0x0003, 0x0001, 0x0001, 0x0003, 0x0001, 0x0001, 0x0003, 0x0001, 0x0001, 0x0000, 0x0002, 0x0000, 
    0x0001, 0x0001, 0x0003, 0x0001, 0x0001, 0x0003, 0x0001, 0x0001, 0x0003, 0x0001, 0x0001, 0x0003, 0x0001, 0x0001, 0x0003, 0x0001, 
    0x0001, 0x0003, 0x0001, 0x0001, 0x0003, 0x0001, 0x0001, 0x0003, 0x0001, 0x0001, 0x0000, 0x0002, 0x0000, 0x0001, 0x0001, 0x0003, 
    0x0001, 0x0001, 0x0003, 0x0001, 0x0001, 0x0003, 0x0001, 0x0001, 0x0003, 0x0001, 0x0001, 0x0003, 0x0001, 0x0001, 0x0003, 0x0001, 
    0x0001, 0x0003, 0x0001, 0x0001, 0x0003, 0x0001, 0x0001, 0x0000, 0x0002, 0x0000, 0x0001, 0x0001, 0x0003, 0x0001, 0x0001, 0x0003, 
    0x0001, 0x0001, 0x0003, 0x0001, 0x0001, 0x0003, 0x0001, 0x0001, 0x0003, 0x0001, 0x0001, 0x0003, 0x0001, 0x0001, 0x0003, 0x0001, 
    0x0001, 0x0003, 0x0001, 0x0001, 0x0000, 0x0002, 0x0000, 0x0001, 0x0001, 0x0003, 0x0001, 0x0001, 0x0003, 0x0001, 0x0001, 0x0003, 
    0x0001, 0x0001, 0x0003, 0x0001, 0x0001, 0x0003, 0x0001, 0x0001, 0x0003, 0x0001, 0x0001, 0x0003, 0x0001, 0x0001, 0x0003, 0x0001, 
    0x0001, 0x0000, 0x0002, 0x0000, 0x0001, 0x0001, 0x0003, 0x0001, 0x0001, 0x0003, 0x0001, 0x0001, 0x0003, 0x0001, 0x0001, 0x0003, 
    0x0001, 0x0001, 0x0003, 0x0001, 0x0001, 0x0003, 0x0001, 0x0001, 0x0003, 0x0001, 0x0001, 0x0003, 0x0001, 0x0001, 0x0000, 0x0002, 
    0x0000, 0x0001, 0x0001, 0x0003, 0x0001, 0x0001, 0x0003, 0x0001, 0x0001, 0x0003, 0x0001, 0x0001, 0x0003, 0x0001, 0x0001, 0x0003, 
    0x0001, 0x0001, 0x0003, 0x0001, 0x0001, 0x0003, 0x0001, 0x0001, 0x0003, 0x0001, 0x0001, 0x0000, 0x0002, 0x0000, 0x0001, 0x0001, 
    0x0003, 0x0001, 0x0001, 0x0003, 0x0001, 0x0001, 0x0003, 0x0001, 0x0001, 0x0003, 0x0001, 0x0001, 0x0003, 0x0001, 0x0001, 0x0003, 
    0x0001, 0x0001, 0x0003, 0x0001, 0x0001, 0x0003, 0x0001, 0x0001, 0x0000, 0x0002, 0x0000, 0x0001, 0x0001, 0x0003, 0x0001, 0x0001, 
    0x0003, 0x0001, 0x0001, 0x0003, 0x0001, 0x0001, 0x0003, 0x0001, 0x0001, 0x0003, 0x0001, 0x0001, 0x0003, 0x0001, 0x0001, 0x0003, 
    0x0001, 0x0001, 0x0003, 0x0001, 0x0001, 0x0000, 0x0002, 0x0000, 0x0001, 0x0001, 0x0003, 0x0001, 0x0001, 0x0003, 0x0001, 0x0001, 
    0x0003, 0x0001, 0x0001, 0x0003, 0x0001, 0x0001, 0x0003, 0x0001, 0x0001, 0x0003, 0x0001, 0x0001, 0x0003, 0x0001, 0x0001, 0x0003, 
    0x0001, 0x0001, 0x0000, 0x0002, 0x0000, 0x0001, 0x0001, 0x0003, 0x0001, 0x0001, 0x0003, 0x0001, 0x0001, 0x0003, 0x0001, 0x0001, 
    0x0003, 0x0001, 0x0001, 0x0003, 0x0001, 0x0001, 0x0003, 0x0001, 0x0001, 0x0003, 0x0001, 0x0001, 0x0003, 0x0001, 0x0001, 0x0000, 
    0x0002, 0x0000, 0x0001, 0x0001, 0x0003, 0x0001, 0x0001, 0x0003, 0x0001, 0x0001, 0x0003, 0x0001, 0x0001, 0x0003, 0x0001, 0x0001, 
    0x0003, 0x0001, 0x0001, 0x0003, 0x0001, 0x0001, 0x0003, 0x0001, 0x0001, 0x0003, 0x0001, 0x0001, 0x0000, 0x0002, 0x0000, 0x0001, 
    0x0001, 0x0003, 0x0001, 0x0001, 0x0003, 0x0001, 0x0001, 0x0003, 0x0001, 0x0001, 0x0003, 0x0001, 0x0001, 0x0003, 0x0001, 0x0001, 
    0x0003, 0x0001, 0x0001, 0x0003, 0x0001, 0x0001, 0x0003, 0x0001, 0x0001, 0x0000, 0x0002, 0x0000, 0x0001, 0x0001, 0x0003, 0x0001, 
    0x0001, 0x0003, 0x0001, 0x0001, 0x0003, 0x0001, 0x0001, 0x0003, 0x0001, 0x0001, 0x0003, 0x0001, 0x0001, 0x0003, 0x0001, 0x0001, 
    0x0003, 0x0001, 0x0001, 0x0003, 0x0001, 0x0001, 0x0000, 0x0002, 0x0000, 0x0001, 0x0001, 0x0003, 0x0001, 0x0001, 0x0003, 0x0001, 
    0x0001, 0x0003, 0x0001, 0x0001, 0x0003, 0x0001, 0x0001, 0x0003, 0x0001, 0x0001, 0x0003, 0x0001, 0x0001, 0x0003, 0x0001, 0x0001, 
    0x0003, 0x0001, 0x0001, 0x0000, 0x0002, 0x0000, 0x0001, 0x0001, 0x0003, 0x0001, 0x0001, 0x0003, 0x0001, 0x0001, 0x0003, 0x0001, 
    0x0001, 0x0003, 0x0001, 0x0001, 0x0003, 0x0001, 0x0001, 0x0003, 0x0001, 0x0001, 0x0003, 0x0001, 0x0001, 0x0003, 0x0001, 0x0001, 
    0x0000, 0x0002, 0x0000, 0x0001, 0x0001, 0x0003, 0x0001, 0x0001, 0x0003, 0x0001, 0x0001, 0x0003, 0x0001, 0x0001, 0x0003, 0x0001, 
    0x0001, 0x0003, 0x0001, 0x0001, 0x0003, 0x0001, 0x0001, 0x0003, 0x0001, 0x0001, 0x0003, 0x0001, 0x0001, 0x0000, 0x0002, 0x0000, 
    0x0001, 0x0001, 0x0003, 0x0001, 0x0001, 0x0003, 0x0001, 0x0001, 0x0003, 0x0001, 0x0001, 0x0003, 0x0001, 0x0001, 0x0003, 0x0001, 
    0x0001, 0x0003, 0x0001, 0x0001, 0x0003, 0x0001, 0x0001, 0x0003, 0x0001, 0x0001, 0x0000, 0x0002, 0x0000, 0x0001, 0x0001, 0x0003, 
    0x0001, 0x0001, 0x0003, 0x0001, 0x0001, 0x0003, 0x0001, 0x0001, 0x0003, 0x0001, 0x0001, 0x0003, 0x0001, 0x0001, 0x0003, 0x0001, 
    0x0001, 0x0003, 0x0001, 0x0001, 0x0003, 0x0001, 0x0001, 0x0000, 0x0002, 0x0000, 0x0001, 0x0001, 0x0003, 0x0001, 0x0001, 0x0003, 
    0x0001, 0x0001, 0x0003, 0x0001, 0x0001, 0x0003, 0x0001, 0x0001, 0x0003, 0x0001, 0x0001, 0x0003, 0x0001, 0x0001, 0x0003, 0x0001, 
    0x0001, 0x0003, 0x0001, 0x0001, 0x0000, 0x0002, 0x0000, 0x0001, 0x0001, 0x0003, 0x0001, 0x0001, 0x0003, 0x0001, 0x0001, 0x0003, 
    0x0001, 0x0001, 0x0003, 0x0001, 0x0001, 0x0003, 0x0001, 0x0001, 0x0003, 0x0001, 0x0001, 0x0003, 0x0001, 0x0001, 0x0003, 0x0001, 
    0x0001, 0x0000, 0x0002, 0x0000, 0x0001, 0x0001, 0x0003, 0x0001, 0x0001, 0x0003, 0x0001, 0x0001, 0x0003, 0x0001, 0x0001, 0x0003, 
    0x0001, 0x0001, 0x0003, 0x0001, 0x0001, 0x0003, 0x0001, 0x0001, 0x0003, 0x0001, 0x0001, 0x0003, 0x0001, 0x0001, 0x0000, 0x0002, 
    0x0000, 0x0001, 0x0001, 0x0003, 0x0001, 0x0001, 0x0003, 0x0001, 0x0001, 0x0003, 0x0001, 0x0001, 0x0003, 0x0001, 0x0001, 0x0003, 
    0x0001, 0x0001, 0x0003, 0x0001, 0x0001, 0x0003, 0x0001, 0x0001, 0x0003, 0x0001, 0x0001, 0x0000, 0x0002, 0x0000, 0x0001, 0x0001, 
    0x0003, 0x0001, 0x0001, 0x0003, 0x0001, 0x0001, 0x0003, 0x0001, 0x0001, 0x0003, 0x0001, 0x0001, 0x0003, 0x0001, 0x0001, 0x0003, 
    0x0001, 0x0001, 0x0003, 0x0001, 0x0001, 0x0003, 0x0001, 0x0001, 0x0000, 0x0002, 0x0000, 0x0001, 0x0001, 0x0003, 0x0001, 0x0001, 
    0x0003, 0x0001, 0x0001, 0x0003, 0x0001, 0x0001, 0x0003, 0x0001, 0x0001, 0x0003, 0x0001, 0x0001, 0x0003, 0x0001, 0x0001, 0x0003, 
    0x0001, 0x0001, 0x0003, 0x0001, 0x0001, 0x0000, 0x0002, 0x0000, 0x0001, 0x0001, 0x0003, 0x0001, 0x0001, 0x0003, 0x0001, 0x0001, 
    0x0003, 0x0001, 0x0001, 0x0003, 0x0001, 0x0001, 0x0003, 0x0001, 0x0001, 0x0003, 0x0001, 0x0001, 0x0003, 0x0001, 0x0001, 0x0003, 
    0x0001, 0x0001, 0x0000, 0x0002, 0x0000, 0x0001, 0x0001, 0x0003, 0x0001, 0x0001, 0x0003, 0x0001, 0x0001, 0x0003, 0x0001, 0x0001, 
    0x0003, 0x0001, 0x0001, 0x0003, 0x0001, 0x0001, 0x0003, 0x0001, 0x0001, 0x0003, 0x0001, 0x0001, 0x0003, 0x0001, 0x0001, 0x0000, 
    0x0002, 0x0000, 0x0001, 0x0001, 0x0003, 0x0001, 0x0001, 0x0003, 0x0001, 0x0001, 0x0003, 0x0001, 0x0001, 0x0003, 0x0001, 0x0001, 
    0x0003, 0x0001, 0x0001, 0x0003, 0x0001, 0x0001, 0x0003, 0x0001, 0x0001, 0x0003, 0x0001, 0x0001, 0x0000, 0x0002, 0x0000, 0x0001, 
    0x0001, 0x0003, 0x0001, 0x0001, 0x0003, 0x0001, 0x0001, 0x0003, 0x0001, 0x0001, 0x0003, 0x0001, 0x0001, 0x0003, 0x0001, 0x0001, 
    0x0003, 0x0001, 0x0001, 0x0003, 0x0001, 0x0001, 0x0003, 0x0001, 0x0001, 0x0000, 0x0002, 0x0000, 0x0001, 0x0001, 0x0003, 0x0001, 
    0x0001, 0x0003, 0x0001, 0x0001, 0x0003, 0x0001, 0x0001, 0x0003, 0x0001, 0x0001, 0x0003, 0x0001, 0x0001, 0x0003, 0x0001, 0x0001, 
    0x0003, 0x0001, 0x0001, 0x0003, 0x0001, 0x0001, 0x0000, 0x0002, 0x0000, 0x0001, 0x0001, 0x0003, 0x0001, 0x0001, 0x0003, 0x0001, 
    0x0001, 0x0003, 0x0001, 0x0001, 0x0003, 0x0001, 0x0001, 0x0003, 0x0001, 0x0001, 0x0003, 0x0001, 0x0001, 0x0003, 0x0001, 0x0001, 
    0x0003, 0x0001, 0x0001, 0x0000, 0x0002, 0x0000, 0x0001, 0x0001, 0x0003, 0x0001, 0x0001, 0x0003, 0x0001, 0x0001, 0x0003, 0x0001, 
    0x0001, 0x0003, 0x0001, 0x0001, 0x0003, 0x0001, 0x0001, 0x0003, 0x0001, 0x0001, 0x0003, 0x0001, 0x0001, 0x0003, 0x0001, 0x0001, 
    0x0000, 0x0002, 0x0000, 0x0001, 0x0001, 0x0003, 0x0001, 0x0001, 0x0003, 0x0001, 0x0001, 0x0003, 0x0001, 0x0001, 0x0003, 0x0001, 
    0x0001, 0x0003, 0x0001, 0x0001, 0x0003, 0x0001, 0x0001, 0x0003, 0x0001, 0x0001, 0x0003, 0x0001, 0x0001, 0x0000, 0x0002, 0x0000, 
    0x0001, 0x0001, 0x0003, 0x0001, 0x0001, 0x0003, 0x0001, 0x0001, 0x0003, 0x0001, 0x0001, 0x0003, 0x0001, 0x0001, 0x0003, 0x0001, 
    0x0001, 0x0003, 0x0001, 0x0001, 0x0003, 0x0001, 0x0001, 0x0003, 0x0001, 0x0001, 0x0000, 0x0002, 0x0000, 0x0001, 0x0001, 0x0003, 
    0x0001, 0x0001, 0x0003, 0x0001, 0x0001, 0x0003, 0x0001, 0x0001, 0x0003, 0x0001, 0x0001, 0x0003, 0x0001, 0x0001, 0x0003, 0x0001, 
    0x0001, 0x0003, 0x0001, 0x0001, 0x0003, 0x0001, 0x0001, 0x0000, 0x0002, 0x0000, 0x0001, 0x0001, 0x0003, 0x0001, 0x0001, 0x0003, 
    0x0001, 0x0001, 0x0003, 0x0001, 0x0001, 0x0003, 0x0001, 0x0001, 0x0003, 0x0001, 0x0001, 0x0003, 0x0001, 0x0001, 0x0003, 0x0001, 
    0x0001, 0x0003, 0x0001, 0x0001, 0x0000, 0x0002, 0x0000, 0x0001, 0x0001, 0x0003, 0x0001, 0x0001, 0x0003, 0x0001, 0x0001, 0x0003, 
    0x0001, 0x0001, 0x0003, 0x0001, 0x0001, 0x0003, 0x0001, 0x0001, 0x0003, 0x0001, 0x0001, 0x0003, 0x0001, 0x0001, 0x0003, 0x0001, 
    0x0001, 0x0000, 0x0002, 0x0000, 0x0001, 0x0001, 0x0003, 0x0001, 0x0001, 0x0003, 0x0001, 0x0001, 0x0003, 0x0001, 0x0001, 0x0003, 
    0x0001, 0x0001, 0x0003, 0x0001, 0x0001, 0x0003, 0x0001, 0x0001, 0x0003, 0x0001, 0x0001, 0x0003, 0x0001, 0x0001, 0x0000, 0x0002, 
    0x0000, 0x0001, 0x0001, 0x0003, 0x0001, 0x0001, 0x0003, 0x0001, 0x0001, 0x0003, 0x0001, 0x0001, 0x0003, 0x0001, 0x0001, 0x0003, 
    0x0001, 0x0001, 0x0003, 0x0001, 0x0001, 0x0003, 0x0001, 0x0001, 0x0003, 0x0001, 0x0001, 0x0000, 0x0002, 0x0000, 0x0001, 0x0001, 
    0x0003, 0x0001, 0x0001, 0x0003, 0x0001, 0x0001, 0x0003, 0x0001, 0x0001, 0x0003, 0x0001, 0x0001, 0x0003, 0x0001, 0x0001, 0x0003, 
    0x0001, 0x0001, 0x0003, 0x0001, 0x0001, 0x0003, 0x0001, 0x0001, 0x0000, 0x0002, 0x0000, 0x0001, 0x0001, 0x0003, 0x0001, 0x0001, 
    0x0003, 0x0001, 0x0001, 0x0003, 0x0001, 0x0001, 0x0003, 0x0001, 0x0001, 0x0003, 0x0001, 0x0001, 0x0003, 0x0001, 0x0001, 0x0003, 
    0x0001, 0x0001, 0x0003, 0x0001, 0x0001, 0x0000, 0x0002, 0x0000, 0x0001, 0x0001, 0x0003, 0x0001, 0x0001, 0x0003, 0x0001, 0x0001, 
    0x0003, 0x0001, 0x0001, 0x0003, 0x0001, 0x0001, 0x0003, 0x0001, 0x0001, 0x0003, 0x0001, 0x0001, 0x0003, 0x0001, 0x0001, 0x0003, 
    0x0001, 0x0001, 0x0000, 0x0002, 0x0000, 0x0001, 0x0001, 0x0003, 0x0001, 0x0001, 0x0003, 0x0001, 0x0001, 0x0003, 0x0001, 0x0001, 
    0x0003, 0x0001, 0x0001, 0x0003, 0x0001, 0x0001, 0x0003, 0x0001, 0x0001, 0x0003, 0x0001, 0x0001, 0x0003, 0x0001, 0x0001, 0x0000, 
    0x0002, 0x0000, 0x0001, 0x0001, 0x0003, 0x0001, 0x0001, 0x0003, 0x0001, 0x0001, 0x0003, 0x0001, 0x0001, 0x0003, 0x0001, 0x0001, 
    0x0003, 0x0001, 0x0001, 0x0003, 0x0001, 0x0001, 0x0003, 0x0001, 0x0001, 0x0003, 0x0001, 0x0001, 0x0000, 0x0002, 0x0000, 0x0001, 
    0x0001, 0x0003, 0x0001, 0x0001, 0x0003, 0x0001, 0x0001, 0x0003, 0x0001, 0x0001, 0x0003, 0x0001, 0x0001, 0x0003, 0x0001, 0x0001, 
    0x0003, 0x0001, 0x0001, 0x0003, 0x0001, 0x0001, 0x0003, 0x0001, 0x0001, 0x0000, 0x0002, 0x0000, 0x0001, 0x0001, 0x0003, 0x0001, 
    0x0001, 0x0003, 0x0001, 0x0001, 0x0003, 0x0001, 0x0001, 0x0003, 0x0001, 0x0001, 0x0003, 0x0001, 0x0001, 0x0003, 0x0001, 0x0001, 
    0x0003, 0x0001, 0x0001, 0x0003, 0x0001, 0x0001, 0x0000, 0x0002, 0x0000, 0x0001, 0x0001, 0x0003, 0x0001, 0x0001, 0x0003, 0x0001, 
    0x0001, 0x0003, 0x0001, 0x0001, 0x0003, 0x0001, 0x0001, 0x0003, 0x0001, 0x0001, 0x0003, 0x0001, 0x0001, 0x0003, 0x0001, 0x0001, 
    0x0003, 0x0001, 0x0001, 0x0000, 0x0002, 0x0000, 0x0001, 0x0001, 0x0003, 0x0001, 0x0001, 0x0003, 0x0001, 0x0001, 0x0003, 0x0001, 
    0x0001, 0x0003, 0x0001, 0x0001, 0x0003, 0x0001, 0x0001, 0x0003, 0x0001, 0x0001, 0x0003, 0x0001, 0x0001, 0x0003, 0x0001, 0x0001, 
    0x0000, 0x0002, 0x0000, 0x0001, 0x0001, 0x0003, 0x0001, 0x0001, 0x0003, 0x0001, 0x0001, 0x0003, 0x0001, 0x0001, 0x0003, 0x0001, 
    0x0001, 0x0003, 0x0001, 0x0001, 0x0003, 0x0001, 0x0001, 0x0003, 0x0001, 0x0001, 0x0003, 0x0001, 0x0001, 0x0000, 0x0002, 0x0000, 
    0x0001, 0x0001, 0x0003, 0x0001, 0x0001, 0x0003, 0x0001, 0x0001, 0x0003, 0x0001, 0x0001, 0x0003, 0x0001, 0x0001, 0x0003, 0x0001, 
    0x0001, 0x0003, 0x0001, 0x0001, 0x0003, 0x0001, 0x0001, 0x0003, 0x0001, 0x0001, 0x0000, 0x0002, 0x0000, 0x0001, 0x0001, 0x0003, 
    0x0001, 0x0001, 0x0003, 0x0001, 0x0001, 0x0003, 0x0001, 0x0001, 0x0003, 0x0001, 0x0001, 0x0003, 0x0001, 0x0001, 0x0003, 0x0001, 
    0x0001, 0x0003, 0x0001, 0x0001, 0x0003, 0x0001, 0x0001, 0x0000, 0x0002, 0x0000, 0x0001, 0x0001, 0x0003, 0x0001, 0x0001, 0x0003, 
    0x0001, 0x0001, 0x0003, 0x0001, 0x0001, 0x0003, 0x0001, 0x0001, 0x0003, 0x0001, 0x0001, 0x0003, 0x0001, 0x0001, 0x0003, 0x0001, 
    0x0001, 0x0003, 0x0001, 0x0001, 0x0000, 0x0002, 0x0000, 0x0001, 0x0001, 0x0003, 0x0001, 0x0001, 0x0003, 0x0001, 0x0001, 0x0003, 
    0x0001, 0x0001, 0x0003, 0x0001, 0x0001, 0x0003, 0x0001, 0x0001, 0x0003, 0x0001, 0x0001, 0x0003, 0x0001, 0x0001, 0x0003, 0x0001, 
    0x0001, 0x0000, 0x0002, 0x0000, 0x0001, 0x0001, 0x0003, 0x0001, 0x0001, 0x0003, 0x0001, 0x0001, 0x0003, 0x0001, 0x0001, 0x0003, 
    0x0001, 0x0001, 0x0003, 0x0001, 0x0001, 0x0003, 0x0001, 0x0001, 0x0003, 0x0001, 0x0001, 0x0003, 0x0001, 0x0001, 0x0000, 0x0002, 
    0x0000, 0x0001, 0x0001, 0x0003, 0x0001, 0x0001, 0x0003, 0x0001, 0x0001, 0x0003, 0x0001, 0x0001, 0x0003, 0x0001, 0x0001, 0x0003, 
    0x0001, 0x0001, 0x0003, 0x0001, 0x0001, 0x0003, 0x0001, 0x0001, 0x0003, 0x0001, 0x0001, 0x0000, 0x0002, 0x0000, 0x0001, 0x0001, 
    0x0003, 0x0001, 0x0001, 0x0003, 0x0001, 0x0001, 0x0003, 0x0001, 0x0001, 0x0003, 0x0001, 0x0001, 0x0003, 0x0001, 0x0001, 0x0003, 
    0x0001, 0x0001, 0x0003, 0x0001, 0x0001, 0x0003, 0x0001, 0x0001, 0x0000, 0x0002, 0x0000, 0x0001, 0x0001, 0x0003, 0x0001, 0x0001, 
    0x0003, 0x0001, 0x0001, 0x0003, 0x0001, 0x0001, 0x0003, 0x0001, 0x0001, 0x0003, 0x0001, 0x0001, 0x0003, 0x0001, 0x0001, 0x0003, 
    0x0001, 0x0001, 0x0003, 0x0001, 0x0001, 0x0000, 0x0002, 0x0000, 0x0001, 0x0001, 0x0003, 0x0001, 0x0001, 0x0003, 0x0001, 0x0001, 
    0x0003, 0x0001, 0x0001, 0x0003, 0x0001, 0x0001, 0x0003, 0x0001, 0x0001, 0x0003, 0x0001, 0x0001, 0x0003, 0x0001, 0x0001, 0x0003, 
    0x0001, 0x0001, 0x0000, 0x0002, 0x0000, 0x0001, 0x0001, 0x0003, 0x0001, 0x0001, 0x0003, 0x0001, 0x0001, 0x0003, 0x0001, 0x0001, 
    0x0003, 0x0001, 0x0001, 0x0003, 0x0001, 0x0001, 0x0003, 0x0001, 0x0001, 0x0003, 0x0001, 0x0001, 0x0003, 0x0001, 0x0001, 0x0000, 
    0x0002, 0x0000, 0x0001, 0x0001, 0x0003, 0x0001, 0x0001, 0x0003, 0x0001, 0x0001, 0x0003, 0x0001, 0x0001, 0x0003, 0x0001, 0x0001, 
    0x0003, 0x0001, 0x0001, 0x0003, 0x0001, 0x0001, 0x0003, 0x0001, 0x0001, 0x0003, 0x0001, 0x0001, 0x0000, 0x0002, 0x0000, 0x0001, 
    0x0001, 0x0003, 0x0001, 0x0001, 0x0003, 0x0001, 0x0001, 0x0003, 0x0001, 0x0001, 0x0003, 0x0001, 0x0001, 0x0003, 0x0001, 0x0001, 
    0x0003, 0x0001, 0x0001, 0x0003, 0x0001, 0x0001, 0x0003, 0x0001, 0x0001, 0x0000, 0x0002, 0x0000, 0x0001, 0x0001, 0x0003, 0x0001, 
    0x0001, 0x0003, 0x0001, 0x0001, 0x0003, 0x0001, 0x0001, 0x0003, 0x0001, 0x0001, 0x0003, 0x0001, 0x0001, 0x0003, 0x0001, 0x0001, 
    0x0003, 0x0001, 0x0001, 0x0003, 0x0001, 0x0001, 0x0000, 0x0002, 0x0000, 0x0001, 0x0001, 0x0003, 0x0001, 0x0001, 0x0003, 0x0001, 
    0x0001, 0x0003, 0x0001, 0x0001, 0x0003, 0x0001, 0x0001, 0x0003, 0x0001, 0x0001, 0x0003, 0x0001, 0x0001, 0x0003, 0x0001, 0x0001, 
    0x0003, 0x0001, 0x0001, 0x0000, 0x0002, 0x0000, 0x0001, 0x0001, 0x0003, 0x0001, 0x0001, 0x0003, 0x0001, 0x0001, 0x0003, 0x0001, 
    0x0001, 0x0003, 0x0001, 0x0001, 0x0003, 0x0001, 0x0001, 0x0003, 0x0001, 0x0001, 0x0003, 0x0001, 0x0001, 0x0003, 0x0001, 0x0001, 
    0x0000, 0x0002, 0x0000, 0x0001, 0x0001, 0x0003, 0x0001, 0x0001, 0x0003, 0x0001, 0x0001, 0x0003, 0x0001, 0x0001, 0x0003, 0x0001, 
    0x0001, 0x0003, 0x0001, 0x0001, 0x0003, 0x0001, 0x0001, 0x0003, 0x0001, 0x0001, 0x0003, 0x0001, 0x0001, 0x0000, 0x0002, 0x0000, 
    0x0001, 0x0001, 0x0003, 0x0001, 0x0001, 0x0003, 0x0001, 0x0001, 0x0003, 0x0001, 0x0001, 0x0003, 0x0001, 0x0001, 0x0003, 0x0001, 
    0x0001, 0x0003, 0x0001, 0x0001, 0x0003, 0x0001, 0x0001, 0x0003, 0x0001, 0x0001, 0x0000, 0x0002, 0x0000, 0x0001, 0x0001, 0x0003, 
    0x0001, 0x0001, 0x0003, 0x0001, 0x0001, 0x0003, 0x0001, 0x0001, 0x0003, 0x0001, 0x0001, 0x0003, 0x0001, 0x0001, 0x0003, 0x0001, 
    0x0001, 0x0003, 0x0001, 0x0001, 0x0003, 0x0001, 0x0001, 0x0000, 0x0002, 0x0000, 0x0001, 0x0001, 0x0003, 0x0001, 0x0001, 0x0003, 
    0x0001, 0x0001, 0x0003, 0x0001, 0x0001, 0x0003, 0x0001, 0x0001, 0x0003, 0x0001, 0x0001, 0x0003, 0x0001, 0x0001, 0x0003, 0x0001, 
    0x0001, 0x0003, 0x0001, 0x0001, 0x0000, 0x0002, 0x0000, 0x0001, 0x0001, 0x0003, 0x0001, 0x0001, 0x0003, 0x0001, 0x0001, 0x0003, 
    0x0001, 0x0001, 0x0003, 0x0001, 0x0001, 0x0003, 0x0001, 0x0001, 0x0003, 0x0001, 0x0001, 0x0003, 0x0001, 0x0001, 0x0003, 0x0001, 
    0x0001, 0x0000, 0x0002, 0x0000, 0x0001, 0x0001, 0x0003, 0x0001, 0x0001, 0x0003, 0x0001, 0x0001, 0x0003, 0x0001, 0x0001, 0x0003, 
    0x0001, 0x0001, 0x0003, 0x0001, 0x0001, 0x0003, 0x0001, 0x0001, 0x0003, 0x0001, 0x0001, 0x0003, 0x0001, 0x0001, 0x0000, 0x0002, 
    0x0000, 0x0001, 0x0001, 0x0003, 0x0001, 0x0001, 0x0003, 0x0001, 0x0001, 0x0003, 0x0001, 0x0001, 0x0003, 0x0001, 0x0001, 0x0003, 
    0x0001, 0x0001, 0x0003, 0x0001, 0x0001, 0x0003, 0x0001, 0x0001, 0x0003, 0x0001, 0x0001, 0x0000, 0x0002, 0x0000, 0x0001, 0x0001, 
    0x0003, 0x0001, 0x0001, 0x0003, 0x0001, 0x0001, 0x0003, 0x0001, 0x0001, 0x0003, 0x0001, 0x0001, 0x0003, 0x0001, 0x0001, 0x0003, 
    0x0001, 0x0001, 0x0003, 0x0001, 0x0001, 0x0003, 0x0001, 0x0001, 0x0000, 0x0002, 0x0000, 0x0001, 0x0001, 0x0003, 0x0001, 0x0001, 
    0x0003, 0x0001, 0x0001, 0x0003, 0x0001, 0x0001, 0x0003, 0x0001, 0x0001, 0x0003, 0x0001, 0x0001, 0x0003, 0x0001, 0x0001, 0x0003, 
    0x0001, 0x0001, 0x0003, 0x0001, 0x0001, 0x0000, 0x0002, 0x0000, 0x0001, 0x0001, 0x0003, 0x0001, 0x0001, 0x0003, 0x0001, 0x0001, 
    0x0003, 0x0001, 0x0001, 0x0003, 0x0001, 0x0001, 0x0003, 0x0001, 0x0001, 0x0003, 0x0001, 0x0001, 0x0003, 0x0001, 0x0001, 0x0003, 
    0x0001, 0x0001, 0x0000, 0x0002, 0x0000, 0x0001, 0x0001, 0x0003, 0x0001, 0x0001, 0x0003, 0x0001, 0x0001, 0x0003, 0x0001, 0x0001, 
    0x0003, 0x0001, 0x0001, 0x0003, 0x0001, 0x0001, 0x0003, 0x0001, 0x0001, 0x0003, 0x0001, 0x0001, 0x0003, 0x0001, 0x0001, 0x0000, 
    0x0002, 0x0000, 0x0001, 0x0001, 0x0003, 0x0001, 0x0001, 0x0003, 0x0001, 0x0001, 0x0003, 0x0001, 0x0001, 0x0003, 0x0001, 0x0001, 
    0x0003, 0x0001, 0x0001, 0x0003, 0x0001, 0x0001, 0x0003, 0x0001, 0x0001, 0x0003, 0x0001, 0x0001, 0x0000, 0x0002, 0x0000, 0x0001, 
    0x0001, 0x0003, 0x0001, 0x0001, 0x0003, 0x0001, 0x0001, 0x0003, 0x0001, 0x0001, 0x0003, 0x0001, 0x0001, 0x0003, 0x0001, 0x0001, 
    0x0003, 0x0001, 0x0001, 0x0003, 0x0001, 0x0001, 0x0003, 0x0001, 0x0001, 0x0000, 0x0002, 0x0000, 0x0001, 0x0001, 0x0003, 0x0001, 
    0x0001, 0x0003, 0x0001, 0x0001, 0x0003, 0x0001, 0x0001, 0x0003, 0x0001, 0x0001, 0x0003, 0x0001, 0x0001, 0x0003, 0x0001, 0x0001, 
    0x0003, 0x0001, 0x0001, 0x0003, 0x0001, 0x0001, 0x0000, 0x0002, 0x0000, 0x0001, 0x0001, 0x0003, 0x0001, 0x0001, 0x0003, 0x0001, 
    0x0001, 0x0003, 0x0001, 0x0001, 0x0003, 0x0001, 0x0001, 0x0003, 0x0001, 0x0001, 0x0003, 0x0001, 0x0001, 0x0003, 0x0001, 0x0001, 
    0x0003, 0x0001, 0x0001, 0x0000, 0x0002, 0x0000, 0x0001, 0x0001, 0x0003, 0x0001, 0x0001, 0x0003, 0x0001, 0x0001, 0x0003, 0x0001, 
    0x0001, 0x0003, 0x0001, 0x0001, 0x0003, 0x0001, 0x0001, 0x0003, 0x0001, 0x0001, 0x0003, 0x0001, 0x0001, 0x0003, 0x0001, 0x0001, 
    0x0000, 0x0002, 0x0000, 0x0001, 0x0001, 0x0003, 0x0001, 0x0001, 0x0003, 0x0001, 0x0001, 0x0003, 0x0001, 0x0001, 0x0003, 0x0001, 
    0x0001, 0x0003, 0x0001, 0x0001, 0x0003, 0x0001, 0x0001, 0x0003, 0x0001, 0x0001, 0x0003, 0x0001, 0x0001, 0x0000, 0x0002, 0x0000, 
    0x0001, 0x0001, 0x0003, 0x0001, 0x0001, 0x0003, 0x0001, 0x0001, 0x0003, 0x0001, 0x0001, 0x0003, 0x0001, 0x0001, 0x0003, 0x0001, 
    0x0001, 0x0003, 0x0001, 0x0001, 0x0003, 0x0001, 0x0001, 0x0003, 0x0001, 0x0001, 0x0000, 0x0002, 0x0000, 0x0001, 0x0001, 0x0003, 
    0x0001, 0x0001, 0x0003, 0x0001, 0x0001, 0x0003, 0x0001, 0x0001, 0x0003, 0x0001, 0x0001, 0x0003, 0x0001, 0x0001, 0x0003, 0x0001, 
    0x0001, 0x0003, 0x0001, 0x0001, 0x0003, 0x0001, 0x0001, 0x0000, 0x0002, 0x0000, 0x0001, 0x0001, 0x0003, 0x0001, 0x0001, 0x0003, 
    0x0001, 0x0001, 0x0003, 0x0001, 0x0001, 0x0003, 0x0001, 0x0001, 0x0003, 0x0001, 0x0001, 0x0003, 0x0001, 0x0001, 0x0003, 0x0001, 
    0x0001, 0x0003, 0x0001, 0x0001, 0x0000, 0x0002, 0x0000, 0x0001, 0x0001, 0x0003, 0x0001, 0x0001, 0x0003, 0x0001, 0x0001, 0x0003, 
    0x0001, 0x0001, 0x0003, 0x0001, 0x0001, 0x0003, 0x0001, 0x0001, 0x0003, 0x0001, 0x0001, 0x0003, 0x0001, 0x0001, 0x0003, 0x0001, 
    0x0001, 0x0000, 0x0002, 0x0000, 0x0001, 0x0001, 0x0003, 0x0001, 0x0001, 0x0003, 0x0001, 0x0001, 0x0003, 0x0001, 0x0001, 0x0003, 
    0x0001, 0x0001, 0x0003, 0x0001, 0x0001, 0x0003, 0x0001, 0x0001, 0x0003, 0x0001, 0x0001, 0x0003, 0x0001, 0x0001, 0x0000, 0x0002, 
    0x0000, 0x0001, 0x0001, 0x0003, 0x0001, 0x0001, 0x0003, 0x0001, 0x0001, 0x0003, 0x0001, 0x0001, 0x0003, 0x0001, 0x0001, 0x0003, 
    0x0001, 0x0001, 0x0003, 0x0001, 0x0001, 0x0003, 0x0001, 0x0001, 0x0003, 0x0001, 0x0001, 0x0000, 0x0002, 0x0000, 0x0001, 0x0001, 
    0x0003, 0x0001, 0x0001, 0x0003, 0x0001, 0x0001, 0x0003, 0x0001, 0x0001, 0x0003, 0x0001, 0x0001, 0x0003, 0x0001, 0x0001, 0x0003, 
    0x0001, 0x0001, 0x0003, 0x0001, 0x0001, 0x0003, 0x0001, 0x0001, 0x0000, 0x0002, 0x0000, 0x0001, 0x0001, 0x0003, 0x0001, 0x0001, 
    0x0003, 0x0001, 0x0001, 0x0003, 0x0001, 0x0001, 0x0003, 0x0001, 0x0001, 0x0003, 0x0001, 0x0001, 0x0003, 0x0001, 0x0001, 0x0003, 
    0x0001, 0x0001, 0x0003, 0x0001, 0x0001, 0x0000, 0x0002, 0x0000, 0x0001, 0x0001, 0x0003, 0x0001, 0x0001, 0x0003, 0x0001, 0x0001, 
    0x0003, 0x0001, 0x0001, 0x0003, 0x0001, 0x0001, 0x0003, 0x0001, 0x0001, 0x0003, 0x0001, 0x0001, 0x0003, 0x0001, 0x0001, 0x0003, 
    0x0001, 0x0001, 0x0000, 0x0002, 0x0000, 0x0001, 0x0001, 0x0003, 0x0001, 0x0001, 0x0003, 0x0001, 0x0001, 0x0003, 0x0001, 0x0001, 
    0x0003, 0x0001, 0x0001, 0x0003, 0x0001, 0x0001, 0x0003, 0x0001, 0x0001, 0x0003, 0x0001, 0x0001, 0x0003, 0x0001, 0x0001, 0x0000, 
    0x0002, 0x0000, 0x0001, 0x0001, 0x0003, 0x0001, 0x0001, 0x0003, 0x0001, 0x0001, 0x0003, 0x0001, 0x0001, 0x0003, 0x0001, 0x0001, 
    0x0003, 0x0001, 0x0001, 0x0003, 0x0001, 0x0001, 0x0003, 0x0001, 0x0001, 0x0003, 0x0001, 0x0001, 0x0000, 0x0002, 0x0000, 0x0001, 
    0x0001, 0x0003, 0x0001, 0x0001, 0x0003, 0x0001, 0x0001, 0x0003, 0x0001, 0x0001, 0x0003, 0x0001, 0x0001, 0x0003, 0x0001, 0x0001, 
    0x0003, 0x0001, 0x0001, 0x0003, 0x0001, 0x0001, 0x0003, 0x0001, 0x0001, 0x0000, 0x0002, 0x0000, 0x0001, 0x0001, 0x0003, 0x0001, 
    0x0001, 0x0003, 0x0001, 0x0001, 0x0003, 0x0001, 0x0001, 0x0003, 0x0001, 0x0001, 0x0003, 0x0001, 0x0001, 0x0003, 0x0001, 0x0001, 
    0x0003, 0x0001, 0x0001, 0x0003, 0x0001, 0x0001, 0x0000, 0x0002, 0x0000, 0x0001, 0x0001, 0x0003, 0x0001, 0x0001, 0x0003, 0x0001, 
    0x0001, 0x0003, 0x0001, 0x0001, 0x0003, 0x0001, 0x0001, 0x0003, 0x0001, 0x0001, 0x0003, 0x0001, 0x0001, 0x0003, 0x0001, 0x0001, 
    0x0003, 0x0001, 0x0001, 0x0000, 0x0002, 0x0000, 0x0001, 0x0001, 0x0003, 0x0001, 0x0001, 0x0003, 0x0001, 0x0001, 0x0003, 0x0001, 
    0x0001, 0x0003, 0x0001, 0x0001, 0x0003, 0x0001, 0x0001, 0x0003, 0x0001, 0x0001, 0x0003, 0x0001, 0x0001, 0x0003, 0x0001, 0x0001, 
    0x0000, 0x0002, 0x0000, 0x0001, 0x0001, 0x0003, 0x0001, 0x0001, 0x0003, 0x0001, 0x0001, 0x0003, 0x0001, 0x0001, 0x0003, 0x0001, 
    0x0001, 0x0003, 0x0001, 0x0001, 0x0003, 0x0001, 0x0001, 0x0003, 0x0001, 0x0001, 0x0003, 0x0001, 0x0001, 0x0000, 0x0002, 0x0000, 
    0x0001, 0x0001, 0x0003, 0x0001, 0x0001, 0x0003, 0x0001, 0x0001, 0x0003, 0x0001, 0x0001, 0x0003, 0x0001, 0x0001, 0x0003, 0x0001, 
    0x0001, 0x0003, 0x0001, 0x0001, 0x0003, 0x0001, 0x0001, 0x0003, 0x0001, 0x0001, 0x0000, 0x0002, 0x0000, 0x0001, 0x0001, 0x0003, 
    0x0001, 0x0001, 0x0003, 0x0001, 0x0001, 0x0003, 0x0001, 0x0001, 0x0003, 0x0001, 0x0001, 0x0003, 0x0001, 0x0001, 0x0003, 0x0001, 
    0x0001, 0x0003, 0x0001, 0x0001, 0x0003, 0x0001, 0x0001, 0x0000, 0x0002, 0x0000, 0x0001, 0x0001, 0x0003, 0x0001, 0x0001, 0x0003, 
    0x0001, 0x0001, 0x0003, 0x0001, 0x0001, 0x0003, 0x0001, 0x0001, 0x0003, 0x0001, 0x0001, 0x0003, 0x0001, 0x0001, 0x0003, 0x0001, 
    0x0001, 0x0003, 0x0001, 0x0001, 0x0000, 0x0002, 0x0000, 0x0001, 0x0001, 0x0003, 0x0001, 0x0001, 0x0003, 0x0001, 0x0001, 0x0003, 
    0x0001, 0x0001, 0x0003, 0x0001, 0x0001, 0x0003, 0x0001, 0x0001, 0x0003, 0x0001, 0x0001, 0x0003, 0x0001, 0x0001, 0x0003, 0x0001, 
    0x0001, 0x0000, 0x0002, 0x0000, 0x0001, 0x0001, 0x0003, 0x0001, 0x0001, 0x0003, 0x0001, 0x0001, 0x0003, 0x0001, 0x0001, 0x0003, 
    0x0001, 0x0001, 0x0003, 0x0001, 0x0001, 0x0003, 0x0001, 0x0001, 0x0003, 0x0001, 0x0001, 0x0003, 0x0001, 0x0001, 0x0000, 0x0002, 
    0x0000, 0x0001, 0x0001, 0x0003, 0x0001, 0x0001, 0x0003, 0x0001, 0x0001, 0x0003, 0x0001, 0x0001, 0x0003, 0x0001, 0x0001, 0x0003, 
    0x0001, 0x0001, 0x0003, 0x0001, 0x0001, 0x0003, 0x0001, 0x0001, 0x0003, 0x0001, 0x0001, 0x0000, 0x0002, 0x0000, 0x0001, 0x0001, 
    0x0003, 0x0001, 0x0001, 0x0003, 0x0001, 0x0001, 0x0003, 0x0001, 0x0001, 0x0003, 0x0001, 0x0001, 0x0003, 0x0001, 0x0001, 0x0003, 
    0x0001, 0x0001, 0x0003, 0x0001, 0x0001, 0x0003, 0x0001, 0x0001, 0x0000, 0x0002, 0x0000, 0x0001, 0x0001, 0x0003, 0x0001, 0x0001, 
    0x0003, 0x0001, 0x0001, 0x0003, 0x0001, 0x0001, 0x0003, 0x0001, 0x0001, 0x0003, 0x0001, 0x0001, 0x0003, 0x0001, 0x0001, 0x0003, 
    0x0001, 0x0001, 0x0003, 0x0001, 0x0001, 0x0000, 0x0002, 0x0000, 0x0001, 0x0001, 0x0003, 0x0001, 0x0001, 0x0003, 0x0001, 0x0001, 
    0x0003, 0x0001, 0x0001, 0x0003, 0x0001, 0x0001, 0x0003, 0x0001, 0x0001, 0x0003, 0x0001, 0x0001, 0x0003, 0x0001, 0x0001, 0x0003, 
    0x0001, 0x0001, 0x0000, 0x0002, 0x0000, 0x0001, 0x0001, 0x0003, 0x0001, 0x0001, 0x0003, 0x0001, 0x0001, 0x0003, 0x0001, 0x0001, 
    0x0003, 0x0001, 0x0001, 0x0003, 0x0001, 0x0001, 0x0003, 0x0001, 0x0001, 0x0003, 0x0001, 0x0001, 0x0003, 0x0001, 0x0001, 0x0000, 
    0x0002, 0x0000, 0x0001, 0x0001, 0x0003, 0x0001, 0x0001, 0x0003, 0x0001, 0x0001, 0x0003, 0x0001, 0x0001, 0x0003, 0x0001, 0x0001, 
    0x0003, 0x0001, 0x0001, 0x0003, 0x0001, 0x0001, 0x0003, 0x0001, 0x0001, 0x0003, 0x0001, 0x0001, 0x0000, 0x0002, 0x0000, 0x0001, 
    0x0001, 0x0003, 0x0001, 0x0001, 0x0003, 0x0001, 0x0001, 0x0003, 0x0001, 0x0001, 0x0003, 0x0001, 0x0001, 0x0003, 0x0001, 0x0001, 
    0x0003, 0x0001, 0x0001, 0x0003, 0x0001, 0x0001, 0x0003, 0x0001, 0x0001, 0x0000, 0x0002, 0x0000, 0x0001, 0x0001, 0x0003, 0x0001, 
    0x0001, 0x0003, 0x0001, 0x0001, 0x0003, 0x0001, 0x0001, 0x0003, 0x0001, 0x0001, 0x0003, 0x0001, 0x0001, 0x0003, 0x0001, 0x0001, 
    0x0003, 0x0001, 0x0001, 0x0003, 0x0001, 0x0001, 0x0000, 0x0002, 0x0000, 0x0001, 0x0001, 0x0003, 0x0001, 0x0001, 0x0003, 0x0001, 
    0x0001, 0x0003, 0x0001, 0x0001, 0x0003, 0x0001, 0x0001, 0x0003, 0x0001, 0x0001, 0x0003, 0x0001, 0x0001, 0x0003, 0x0001, 0x0001, 
    0x0003, 0x0001, 0x0001, 0x0000, 0x0002, 0x0000, 0x0001, 0x0001, 0x0003, 0x0001, 0x0001, 0x0003, 0x0001, 0x0001, 0x0003, 0x0001, 
    0x0001, 0x0003, 0x0001, 0x0001, 0x0003, 0x0001, 0x0001, 0x0003, 0x0001, 0x0001, 0x0003, 0x0001, 0x0001, 0x0003, 0x0001, 0x0001, 
    0x0000, 0x0002, 0x0000, 0x0001, 0x0001, 0x0003, 0x0001, 0x0001, 0x0003, 0x0001, 0x0001, 0x0003, 0x0001, 0x0001, 0x0003, 0x0001, 
    0x0001, 0x0003, 0x0001, 0x0001, 0x0003, 0x0001, 0x0001, 0x0003, 0x0001, 0x0001, 0x0003, 0x0001, 0x0001, 0x0000, 0x0002, 0x0000, 
    0x0001, 0x0001, 0x0003, 0x0001, 0x0001, 0x0003, 0x0001, 0x0001, 0x0003, 0x0001, 0x0001, 0x0003, 0x0001, 0x0001, 0x0003, 0x0001, 
    0x0001, 0x0003, 0x0001, 0x0001, 0x0003, 0x0001, 0x0001, 0x0003, 0x0001, 0x0001, 0x0000, 0x0002, 0x0000, 0x0001, 0x0001, 0x0003, 
    0x0001, 0x0001, 0x0003, 0x0001, 0x0001, 0x0003, 0x0001, 0x0001, 0x0003, 0x0001, 0x0001, 0x0003, 0x0001, 0x0001, 0x0003, 0x0001, 
    0x0001, 0x0003, 0x0001, 0x0001, 0x0003, 0x0001, 0x0001, 0x0000, 0x0002, 0x0000, 0x0001, 0x0001, 0x0003, 0x0001, 0x0001, 0x0003, 
    0x0001, 0x0001, 0x0003, 0x0001, 0x0001, 0x0003, 0x0001, 0x0001, 0x0003, 0x0001, 0x0001, 0x0003, 0x0001, 0x0001, 0x0003, 0x0001, 
    0x0001, 0x0003, 0x0001, 0x0001, 0x0000, 0x0002, 0x0000, 0x0001, 0x0001, 0x0003, 0x0001, 0x0001, 0x0003, 0x0001, 0x0001, 0x0003, 
    0x0001, 0x0001, 0x0003, 0x0001, 0x0001, 0x0003, 0x0001, 0x0001, 0x0003, 0x0001, 0x0001, 0x0003, 0x0001, 0x0001, 0x0003, 0x0001, 
    0x0001, 0x0000, 0x0002, 0x0000, 0x0001, 0x0001, 0x0003, 0x0001, 0x0001, 0x0003, 0x0001, 0x0001, 0x0003, 0x0001, 0x0001, 0x0003, 
    0x0001, 0x0001, 0x0003, 0x0001, 0x0001, 0x0003, 0x0001, 0x0001, 0x0003, 0x0001, 0x0001, 0x0003, 0x0001, 0x0001, 0x0000, 0x0002, 
    0x0000, 0x0001, 0x0001, 0x0003, 0x0001, 0x0001, 0x0003, 0x0001, 0x0001, 0x0003, 0x0001, 0x0001, 0x0003, 0x0001, 0x0001, 0x0003, 
    0x0001, 0x0001, 0x0003, 0x0001, 0x0001, 0x0003, 0x0001, 0x0001, 0x0003, 0x0001, 0x0001, 0x0000, 0x0002, 0x0000, 0x0001, 0x0001, 
    0x0003, 0x0001, 0x0001, 0x0003, 0x0001, 0x0001, 0x0003, 0x0001, 0x0001, 0x0003, 0x0001, 0x0001, 0x0003, 0x0001, 0x0001, 0x0003, 
    0x0001, 0x0001, 0x0003, 0x0001, 0x0001, 0x0003, 0x0001, 0x0001, 0x0000, 0x0002, 0x0000, 0x0001, 0x0001, 0x0003, 0x0001, 0x0001, 
    0x0003, 0x0001, 0x0001, 0x0003, 0x0001, 0x0001, 0x0003, 0x0001, 0x0001, 0x0003, 0x0001, 0x0001, 0x0003, 0x0001, 0x0001, 0x0003, 
    0x0001, 0x0001, 0x0003, 0x0001, 0x0001, 0x0000, 0x0002, 0x0000, 0x0001, 0x0001, 0x0003, 0x0001, 0x0001, 0x0003, 0x0001, 0x0001, 
    0x0003, 0x0001, 0x0001, 0x0003, 0x0001, 0x0001, 0x0003, 0x0001, 0x0001, 0x0003, 0x0001, 0x0001, 0x0003, 0x0001, 0x0001, 0x0003, 
    0x0001, 0x0001, 0x0000, 0x0002, 0x0000, 0x0001, 0x0001, 0x0003, 0x0001, 0x0001, 0x0003, 0x0001, 0x0001, 0x0003, 0x0001, 0x0001, 
    0x0003, 0x0001, 0x0001, 0x0003, 0x0001, 0x0001, 0x0003, 0x0001, 0x0001, 0x0003, 0x0001, 0x0001, 0x0003, 0x0001, 0x0001, 0x0000, 
    0x0002, 0x0000, 0x0001, 0x0001, 0x0003, 0x0001, 0x0001, 0x0003, 0x0001, 0x0001, 0x0003, 0x0001, 0x0001, 0x0003, 0x0001, 0x0001, 
    0x0003, 0x0001, 0x0001, 0x0003, 0x0001, 0x0001, 0x0003, 0x0001, 0x0001, 0x0003, 0x0001, 0x0001, 0x0000, 0x0002, 0x0000, 0x0001, 
    0x0001, 0x0003, 0x0001, 0x0001, 0x0003, 0x0001, 0x0001, 0x0003, 0x0001, 0x0001, 0x0003, 0x0001, 0x0001, 0x0003, 0x0001, 0x0001, 
    0x0003, 0x0001, 0x0001, 0x0003, 0x0001, 0x0001, 0x0003, 0x0001, 0x0001, 0x0000, 0x0002, 0x0000, 0x0001, 0x0001, 0x0003, 0x0001, 
    0x0001, 0x0003, 0x0001, 0x0001, 0x0003, 0x0001, 0x0001, 0x0003, 0x0001, 0x0001, 0x0003, 0x0001, 0x0001, 0x0003, 0x0001, 0x0001, 
    0x0003, 0x0001, 0x0001, 0x0003, 0x0001, 0x0001, 0x0000, 0x0002, 0x0000, 0x0001, 0x0001, 0x0003, 0x0001, 0x0001, 0x0003, 0x0001, 
    0x0001, 0x0003, 0x0001, 0x0001, 0x0003, 0x0001, 0x0001, 0x0003, 0x0001, 0x0001, 0x0003, 0x0001, 0x0001, 0x0003, 0x0001, 0x0001, 
    0x0003, 0x0001, 0x0001, 0x0000, 0x0002, 0x0000, 0x0001, 0x0001, 0x0003, 0x0001, 0x0001, 0x0003, 0x0001, 0x0001, 0x0003, 0x0001, 
    0x0001, 0x0003, 0x0001, 0x0001, 0x0003, 0x0001, 0x0001, 0x0003, 0x0001, 0x0001, 0x0003, 0x0001, 0x0001, 0x0003, 0x0001, 0x0001, 
    0x0000, 0x0002, 0x0000, 0x0001, 0x0001, 0x0003, 0x0001, 0x0001, 0x0003, 0x0001, 0x0001, 0x0003, 0x0001, 0x0001, 0x0003, 0x0001, 
    0x0001, 0x0003, 0x0001, 0x0001, 0x0003, 0x0001, 0x0001, 0x0003, 0x0001, 0x0001, 0x0003, 0x0001, 0x0001, 0x0000, 0x0002, 0x0000, 
    0x0001, 0x0001, 0x0003, 0x0001, 0x0001, 0x0003, 0x0001, 0x0001, 0x0003, 0x0001, 0x0001, 0x0003, 0x0001, 0x0001, 0x0003, 0x0001, 
    0x0001, 0x0003, 0x0001, 0x0001, 0x0003, 0x0001, 0x0001, 0x0003, 0x0001, 0x0001, 0x0000, 0x0002, 0x0000, 0x0001, 0x0001, 0x0003, 
    0x0001, 0x0001, 0x0003, 0x0001, 0x0001, 0x0003, 0x0001, 0x0001, 0x0003, 0x0001, 0x0001, 0x0003, 0x0001, 0x0001, 0x0003, 0x0001, 
    0x0001, 0x0003, 0x0001, 0x0001, 0x0003, 0x0001, 0x0001, 0x0000, 0x0002, 0x0000, 0x0001, 0x0001, 0x0003, 0x0001, 0x0001, 0x0003, 
    0x0001, 0x0001, 0x0003, 0x0001, 0x0001, 0x0003, 0x0001, 0x0001, 0x0003, 0x0001, 0x0001, 0x0003, 0x0001, 0x0001, 0x0003, 0x0001, 
    0x0001, 0x0003, 0x0001, 0x0001, 0x0000, 0x0002, 0x0000, 0x0001, 0x0001, 0x0003, 0x0001, 0x0001, 0x0003, 0x0001, 0x0001, 0x0003, 
    0x0001, 0x0001, 0x0003, 0x0001, 0x0001, 0x0003, 0x0001, 0x0001, 0x0003, 0x0001, 0x0001, 0x0003, 0x0001, 0x0001, 0x0003, 0x0001, 
    0x0001, 0x0000, 0x0002, 0x0000, 0x0001, 0x0001, 0x0003, 0x0001, 0x0001, 0x0003, 0x0001, 0x0001, 0x0003, 0x0001, 0x0001, 0x0003, 
    0x0001, 0x0001, 0x0003, 0x0001, 0x0001, 0x0003, 0x0001, 0x0001, 0x0003, 0x0001, 0x0001, 0x0003, 0x0001, 0x0001, 0x0000, 0x0002, 
    0x0000, 0x0001, 0x0001, 0x0003, 0x0001, 0x0001, 0x0003, 0x0001, 0x0001, 0x0003, 0x0001, 0x0001, 0x0003, 0x0001, 0x0001, 0x0003, 
    0x0001, 0x0001, 0x0003, 0x0001, 0x0001, 0x0003, 0x0001, 0x0001, 0x0003, 0x0001, 0x0001, 0x0000, 0x0002, 0x0000, 0x0001, 0x0001, 
    0x0003, 0x0001, 0x0001, 0x0003, 0x0001, 0x0001, 0x0003, 0x0001, 0x0001, 0x0003, 0x0001, 0x0001, 0x0003, 0x0001, 0x0001, 0x0003, 
    0x0001, 0x0001, 0x0003, 0x0001, 0x0001, 0x0003, 0x0001, 0x0001, 0x0000, 0x0002, 0x0000, 0x0001, 0x0001, 0x0003, 0x0001, 0x0001, 
    0x0003, 0x0001, 0x0001, 0x0003, 0x0001, 0x0001, 0x0003, 0x0001, 0x0001, 0x0003, 0x0001, 0x0001, 0x0003, 0x0001, 0x0001, 0x0003, 
    0x0001, 0x0001, 0x0003, 0x0001, 0x0001, 0x0000, 0x0002, 0x0000, 0x0001, 0x0001, 0x0003, 0x0001, 0x0001, 0x0003, 0x0001, 0x0001, 
    0x0003, 0x0001, 0x0001, 0x0003, 0x0001, 0x0001, 0x0003, 0x0001, 0x0001, 0x0003, 0x0001, 0x0001, 0x0003, 0x0001, 0x0001, 0x0003, 
    0x0001, 0x0001, 0x0000, 0x0002, 0x0000, 0x0001, 0x0001, 0x0003, 0x0001, 0x0001, 0x0003, 0x0001, 0x0001, 0x0003, 0x0001, 0x0001, 
    0x0003, 0x0001, 0x0001, 0x0003, 0x0001, 0x0001, 0x0003, 0x0001, 0x0001, 0x0003, 0x0001, 0x0001, 0x0003, 0x0001, 0x0001, 0x0000, 
    0x0002, 0x0000, 0x0001, 0x0001, 0x0003, 0x0001, 0x0001, 0x0003, 0x0001, 0x0001, 0x0003, 0x0001, 0x0001, 0x0003, 0x0001, 0x0001, 
    0x0003, 0x0001, 0x0001, 0x0003, 0x0001, 0x0001, 0x0003, 0x0001, 0x0001, 0x0003, 0x0001, 0x0001, 0x0000, 0x0002, 0x0000, 0x0001, 
    0x0001, 0x0003, 0x0001, 0x0001, 0x0003, 0x0001, 0x0001, 0x0003, 0x0001, 0x0001, 0x0003, 0x0001, 0x0001, 0x0003, 0x0001, 0x0001, 
    0x0003, 0x0001, 0x0001, 0x0003, 0x0001, 0x0001, 0x0003, 0x0001, 0x0001, 0x0000, 0x0002, 0x0000, 0x0001, 0x0001, 0x0003, 0x0001, 
    0x0001, 0x0003, 0x0001, 0x0001, 0x0003, 0x0001, 0x0001, 0x0003, 0x0001, 0x0001, 0x0003, 0x0001, 0x0001, 0x0003, 0x0001, 0x0001, 
    0x0003, 0x0001, 0x0001, 0x0003, 0x0001, 0x0001, 0x0000, 0x0002, 0x0000, 0x0001, 0x0001, 0x0003, 0x0001, 0x0001, 0x0003, 0x0001, 
    0x0001, 0x0003, 0x0001, 0x0001, 0x0003, 0x0001, 0x0001, 0x0003, 0x0001, 0x0001, 0x0003, 0x0001, 0x0001, 0x0003, 0x0001, 0x0001, 
    0x0003, 0x0001, 0x0001, 0x0000, 0x0002, 0x0000, 0x0001, 0x0001, 0x0003, 0x0001, 0x0001, 0x0003, 0x0001, 0x0001, 0x0003, 0x0001, 
    0x0001, 0x0003, 0x0001, 0x0001, 0x0003, 0x0001, 0x0001, 0x0003, 0x0001, 0x0001, 0x0003, 0x0001, 0x0001, 0x0003, 0x0001, 0x0001, 
    0x0000, 0x0002, 0x0000, 0x0001, 0x0001, 0x0003, 0x0001, 0x0001, 0x0003, 0x0001, 0x0001, 0x0003, 0x0001, 0x0001, 0x0003, 0x0001, 
    0x0001, 0x0003, 0x0001, 0x0001, 0x0003, 0x0001, 0x0001, 0x0003, 0x0001, 0x0001, 0x0003, 0x0001, 0x0001, 0x0000, 0x0002, 0x0000, 
    0x0001, 0x0001, 0x0003, 0x0001, 0x0001, 0x0003, 0x0001, 0x0001, 0x0003, 0x0001, 0x0001, 0x0003, 0x0001, 0x0001, 0x0003, 0x0001, 
    0x0001, 0x0003, 0x0001, 0x0001, 0x0003, 0x0001, 0x0001, 0x0003, 0x0001, 0x0001, 0x0000, 0x0002, 0x0000, 0x0001, 0x0001, 0x0003, 
    0x0001, 0x0001, 0x0003, 0x0001, 0x0001, 0x0003, 0x0001, 0x0001, 0x0003, 0x0001, 0x0001, 0x0003, 0x0001, 0x0001, 0x0003, 0x0001, 
    0x0001, 0x0003, 0x0001, 0x0001, 0x0003, 0x0001, 0x0001, 0x0000, 0x0002, 0x0000, 0x0001, 0x0001, 0x0003, 0x0001, 0x0001, 0x0003, 
    0x0001, 0x0001, 0x0003, 0x0001, 0x0001, 0x0003, 0x0001, 0x0001, 0x0003, 0x0001, 0x0001, 0x0003, 0x0001, 0x0001, 0x0003, 0x0001, 
    0x0001, 0x0003, 0x0001, 0x0001, 0x0000, 0x0002, 0x0000, 0x0001, 0x0001, 0x0003, 0x0001, 0x0001, 0x0003, 0x0001, 0x0001, 0x0003, 
    0x0001, 0x0001, 0x0003, 0x0001, 0x0001, 0x0003, 0x0001, 0x0001, 0x0003, 0x0001, 0x0001, 0x0003, 0x0001, 0x0001, 0x0003, 0x0001, 
    0x0001, 0x0000, 0x0002, 0x0000, 0x0001, 0x0001, 0x0003, 0x0001, 0x0001, 0x0003, 0x0001, 0x0001, 0x0003, 0x0001, 0x0001, 0x0003, 
    0x0001, 0x0001, 0x0003, 0x0001, 0x0001, 0x0003, 0x0001, 0x0001, 0x0003, 0x0001, 0x0001, 0x0003, 0x0001, 0x0001, 0x0000, 0x0002, 
    0x0000, 0x0001, 0x0001, 0x0003, 0x0001, 0x0001, 0x0003, 0x0001, 0x0001, 0x0003, 0x0001, 0x0001, 0x0003, 0x0001, 0x0001, 0x0003, 
    0x0001, 0x0001, 0x0003, 0x0001, 0x0001, 0x0003, 0x0001, 0x0001, 0x0003, 0x0001, 0x0001, 0x0000, 0x0002, 0x0000, 0x0001, 0x0001, 
    0x0003, 0x0001, 0x0001, 0x0003, 0x0001, 0x0001, 0x0003, 0x0001, 0x0001, 0x0003, 0x0001, 0x0001, 0x0003, 0x0001, 0x0001, 0x0003, 
    0x0001, 0x0001, 0x0003, 0x0001, 0x0001, 0x0003, 0x0001, 0x0001, 0x0000, 0x0002, 0x0000, 0x0001, 0x0001, 0x0003, 0x0001, 0x0001, 
    0x0003, 0x0001, 0x0001, 0x0003, 0x0001, 0x0001, 0x0003, 0x0001, 0x0001, 0x0003, 0x0001, 0x0001, 0x0003, 0x0001, 0x0001, 0x0003, 
    0x0001, 0x0001, 0x0003, 0x0001, 0x0001, 0x0000, 0x0002, 0x0000, 0x0001, 0x0001, 0x0003, 0x0001, 0x0001, 0x0003, 0x0001, 0x0001, 
    0x0003, 0x0001, 0x0001, 0x0003, 0x0001, 0x0001, 0x0003, 0x0001, 0x0001, 0x0003, 0x0001, 0x0001, 0x0003, 0x0001, 0x0001, 0x0003, 
    0x0001, 0x0001, 0x0000, 0x0002, 0x0000, 0x0001, 0x0001, 0x0003, 0x0001, 0x0001, 0x0003, 0x0001, 0x0001, 0x0003, 0x0001, 0x0001, 
    0x0003, 0x0001, 0x0001, 0x0003, 0x0001, 0x0001, 0x0003, 0x0001, 0x0001, 0x0003, 0x0001, 0x0001, 0x0003, 0x0001, 0x0001, 0x0000, 
    0x0002, 0x0000, 0x0001, 0x0001, 0x0003, 0x0001, 0x0001, 0x0003, 0x0001, 0x0001, 0x0003, 0x0001, 0x0001, 0x0003, 0x0001, 0x0001, 
    0x0003, 0x0001, 0x0001, 0x0003, 0x0001, 0x0001, 0x0003, 0x0001, 0x0001, 0x0003, 0x0001, 0x0001, 0x0000, 0x0002, 0x0000, 0x0001, 
    0x0001, 0x0003, 0x0001, 0x0001, 0x0003, 0x0001, 0x0001, 0x0003, 0x0001, 0x0001, 0x0003, 0x0001, 0x0001, 0x0003, 0x0001, 0x0001, 
    0x0003, 0x0001, 0x0001, 0x0003, 0x0001, 0x0001, 0x0003, 0x0001, 0x0001, 0x0000, 0x0002, 0x0000, 0x0001, 0x0001, 0x0003, 0x0001, 
    0x0001, 0x0003, 0x0001, 0x0001, 0x0003, 0x0001, 0x0001, 0x0003, 0x0001, 0x0001, 0x0003, 0x0001, 0x0001, 0x0003, 0x0001, 0x0001, 
    0x0003, 0x0001, 0x0001, 0x0003, 0x0001, 0x0001, 0x0000, 0x0002, 0x0000, 0x0001, 0x0001, 0x0003, 0x0001, 0x0001, 0x0003, 0x0001, 
    0x0001, 0x0003, 0x0001, 0x0001, 0x0003, 0x0001, 0x0001, 0x0003, 0x0001, 0x0001, 0x0003, 0x0001, 0x0001, 0x0003, 0x0001, 0x0001, 
    0x0003, 0x0001, 0x0001, 0x0000, 0x0002, 0x0000, 0x0001, 0x0001, 0x0003, 0x0001, 0x0001, 0x0003, 0x0001, 0x0001, 0x0003, 0x0001, 
    0x0001, 0x0003, 0x0001, 0x0001, 0x0003, 0x0001, 0x0001, 0x0003, 0x0001, 0x0001, 0x0003, 0x0001, 0x0001, 0x0003, 0x0001, 0x0001, 
    0x0000, 0x0002, 0x0000, 0x0001, 0x0001, 0x0003, 0x0001, 0x0001, 0x0003, 0x0001, 0x0001, 0x0003, 0x0001, 0x0001, 0x0003, 0x0001, 
    0x0001, 0x0003, 0x0001, 0x0001, 0x0003, 0x0001, 0x0001, 0x0003, 0x0001, 0x0001, 0x0003, 0x0001, 0x0001, 0x0000, 0x0002, 0x0000, 
    0x0001, 0x0001, 0x0003, 0x0001, 0x0001, 0x0003, 0x0001, 0x0001, 0x0003, 0x0001, 0x0001, 0x0003, 0x0001, 0x0001, 0x0003, 0x0001, 
    0x0001, 0x0003, 0x0001, 0x0001, 0x0003, 0x0001, 0x0001, 0x0003, 0x0001, 0x0001, 0x0000, 0x0002, 0x0000, 0x0001, 0x0001, 0x0003, 
    0x0001, 0x0001, 0x0003, 0x0001, 0x0001, 0x0003, 0x0001, 0x0001, 0x0003, 0x0001, 0x0001, 0x0003, 0x0001, 0x0001, 0x0003, 0x0001, 
    0x0001, 0x0003, 0x0001, 0x0001, 0x0003, 0x0001, 0x0001, 0x0000, 0x0002, 0x0000, 0x0001, 0x0001, 0x0003, 0x0001, 0x0001, 0x0003, 
    0x0001, 0x0001, 0x0003, 0x0001, 0x0001, 0x0003, 0x0001, 0x0001, 0x0003, 0x0001, 0x0001, 0x0003, 0x0001, 0x0001, 0x0003, 0x0001, 
    0x0001, 0x0003, 0x0001, 0x0001, 0x0000, 0x0002, 0x0000, 0x0001, 0x0001, 0x0003, 0x0001, 0x0001, 0x0003, 0x0001, 0x0001, 0x0003, 
    0x0001, 0x0001, 0x0003, 0x0001, 0x0001, 0x0003, 0x0001, 0x0001, 0x0003, 0x0001, 0x0001, 0x0003, 0x0001, 0x0001, 0x0003, 0x0001, 
    0x0001, 0x0000, 0x0002, 0x0000, 0x0001, 0x0001, 0x0003, 0x0001, 0x0001, 0x0003, 0x0001, 0x0001, 0x0003, 0x0001, 0x0001, 0x0003, 
    0x0001, 0x0001, 0x0003, 0x0001, 0x0001, 0x0003, 0x0001, 0x0001, 0x0003, 0x0001, 0x0001, 0x0003, 0x0001, 0x0001, 0x0000, 0x0002, 
    0x0000, 0x0001, 0x0001, 0x0003, 0x0001, 0x0001, 0x0003, 0x0001, 0x0001, 0x0003, 0x0001, 0x0001, 0x0003, 0x0001, 0x0001, 0x0003, 
    0x0001, 0x0001, 0x0003, 0x0001, 0x0001, 0x0003, 0x0001, 0x0001, 0x0003, 0x0001, 0x0001, 0x0000, 0x0002, 0x0000, 0x0001, 0x0001, 
    0x0003, 0x0001, 0x0001, 0x0003, 0x0001, 0x0001, 0x0003, 0x0001, 0x0001, 0x0003, 0x0001, 0x0001, 0x0003, 0x0001, 0x0001, 0x0003, 
    0x0001, 0x0001, 0x0003, 0x0001, 0x0001, 0x0003, 0x0001, 0x0001, 0x0000, 0x0002, 0x0000, 0x0001, 0x0001, 0x0003, 0x0001, 0x0001, 
    0x0003, 0x0001, 0x0001, 0x0003, 0x0001, 0x0001, 0x0003, 0x0001, 0x0001, 0x0003, 0x0001, 0x0001, 0x0003, 0x0001, 0x0001, 0x0003, 
    0x0001, 0x0001, 0x0003, 0x0001, 0x0001, 0x0000, 0x0002, 0x0000, 0x0001, 0x0001, 0x0003, 0x0001, 0x0001, 0x0003, 0x0001, 0x0001, 
    0x0003, 0x0001, 0x0001, 0x0003, 0x0001, 0x0001, 0x0003, 0x0001, 0x0001, 0x0003, 0x0001, 0x0001, 0x0003, 0x0001, 0x0001, 0x0003, 
    0x0001, 0x0001, 0x0000, 0x0002, 0x0000, 0x0001, 0x0001, 0x0003, 0x0001, 0x0001, 0x0003, 0x0001, 0x0001, 0x0003, 0x0001, 0x0001, 
    0x0003, 0x0001, 0x0001, 0x0003, 0x0001, 0x0001, 0x0003, 0x0001, 0x0001, 0x0003, 0x0001, 0x0001, 0x0003, 0x0001, 0x0001, 0x0000, 
    0x0002, 0x0000, 0x0001, 0x0001, 0x0003, 0x0001, 0x0001, 0x0003, 0x0001, 0x0001, 0x0003, 0x0001, 0x0001, 0x0003, 0x0001, 0x0001, 
    0x0003, 0x0001, 0x0001, 0x0003, 0x0001, 0x0001, 0x0003, 0x0001, 0x0001, 0x0003, 0x0001, 0x0001, 0x0000, 0x0002, 0x0000, 0x0001, 
    0x0001, 0x0003, 0x0001, 0x0001, 0x0003, 0x0001, 0x0001, 0x0003, 0x0001, 0x0001, 0x0003, 0x0001, 0x0001, 0x0003, 0x0001, 0x0001, 
    0x0003, 0x0001, 0x0001, 0x0003, 0x0001, 0x0001, 0x0003, 0x0001, 0x0001, 0x0000, 0x0002, 0x0000, 0x0001, 0x0001, 0x0003, 0x0001, 
    0x0001, 0x0003, 0x0001, 0x0001, 0x0003, 0x0001, 0x0001, 0x0003, 0x0001, 0x0001, 0x0003, 0x0001, 0x0001, 0x0003, 0x0001, 0x0001, 
    0x0003, 0x0001, 0x0001, 0x0003, 0x0001, 0x0001, 0x0000, 0x0002, 0x0000, 0x0001, 0x0001, 0x0003, 0x0001, 0x0001, 0x0003, 0x0001, 
    0x0001, 0x0003, 0x0001, 0x0001, 0x0003, 0x0001, 0x0001, 0x0003, 0x0001, 0x0001, 0x0003, 0x0001, 0x0001, 0x0003, 0x0001, 0x0001, 
    0x0003, 0x0001, 0x0001, 0x0000, 0x0002, 0x0000, 0x0001, 0x0001, 0x0003, 0x0001, 0x0001, 0x0003, 0x0001, 0x0001, 0x0003, 0x0001, 
    0x0001, 0x0003, 0x0001, 0x0001, 0x0003, 0x0001, 0x0001, 0x0003, 0x0001, 0x0001, 0x0003, 0x0001, 0x0001, 0x0003, 0x0001, 0x0001, 
    0x0000, 0x0002, 0x0000, 0x0001, 0x0001, 0x0003, 0x0001, 0x0001, 0x0003, 0x0001, 0x0001, 0x0003, 0x0001, 0x0001, 0x0003, 0x0001, 
    0x0001, 0x0003, 0x0001, 0x0001, 0x0003, 0x0001, 0x0001, 0x0003, 0x0001, 0x0001, 0x0003, 0x0001, 0x0001, 0x0000, 0x0002, 0x0000, 
    0x0001, 0x0001, 0x0003, 0x0001, 0x0001, 0x0003, 0x0001, 0x0001, 0x0003, 0x0001, 0x0001, 0x0003, 0x0001, 0x0001, 0x0003, 0x0001, 
    0x0001, 0x0003, 0x0001, 0x0001, 0x0003, 0x0001, 0x0001, 0x0003, 0x0001, 0x0001, 0x0000, 0x0002, 0x0000, 0x0001, 0x0001, 0x0003, 
    0x0001, 0x0001, 0x0003, 0x0001, 0x0001, 0x0003, 0x0001, 0x0001, 0x0003, 0x0001, 0x0001, 0x0003, 0x0001, 0x0001, 0x0003, 0x0001, 
    0x0001, 0x0003, 0x0001, 0x0001, 0x0003, 0x0001, 0x0001, 0x0000, 0x0002, 0x0000, 0x0001, 0x0001, 0x0003, 0x0001, 0x0001, 0x0003, 
    0x0001, 0x0001, 0x0003, 0x0001, 0x0001, 0x0003, 0x0001, 0x0001, 0x0003, 0x0001, 0x0001, 0x0003, 0x0001, 0x0001, 0x0003, 0x0001, 
    0x0001, 0x0003, 0x0001, 0x0001, 0x0000, 0x0002, 0x0000, 0x0001, 0x0001, 0x0003, 0x0001, 0x0001, 0x0003, 0x0001, 0x0001, 0x0003, 
    0x0001, 0x0001, 0x0003, 0x0001, 0x0001, 0x0003, 0x0001, 0x0001, 0x0003, 0x0001, 0x0001, 0x0003, 0x0001, 0x0001, 0x0003, 0x0001, 
    0x0001, 0x0000, 0x0002, 0x0000, 0x0001, 0x0001, 0x0003, 0x0001, 0x0001, 0x0003, 0x0001, 0x0001, 0x0003, 0x0001, 0x0001, 0x0003, 
    0x0001, 0x0001, 0x0003, 0x0001, 0x0001, 0x0003, 0x0001, 0x0001, 0x0003, 0x0001, 0x0001, 0x0003, 0x0001, 0x0001, 0x0000, 0x0002, 
    0x0000, 0x0001, 0x0001, 0x0003, 0x0001, 0x0001, 0x0003, 0x0001, 0x0001, 0x0003, 0x0001, 0x0001, 0x0003, 0x0001, 0x0001, 0x0003, 
    0x0001, 0x0001, 0x0003, 0x0001, 0x0001, 0x0003, 0x0001, 0x0001, 0x0003, 0x0001, 0x0001, 0x0000, 0x0002, 0x0000, 0x0001, 0x0001, 
    0x0003, 0x0001, 0x0001, 0x0003, 0x0001, 0x0001, 0x0003, 0x0001, 0x0001, 0x0003, 0x0001, 0x0001, 0x0003, 0x0001, 0x0001, 0x0003, 
    0x0001, 0x0001, 0x0003, 0x0001, 0x0001, 0x0003, 0x0001, 0x0001, 0x0000, 0x0002, 0x0000, 0x0001, 0x0001, 0x0003, 0x0001, 0x0001, 
    0x0003, 0x0001, 0x0001, 0x0003, 0x0001, 0x0001, 0x0003, 0x0001, 0x0001, 0x0003, 0x0001, 0x0001, 0x0003, 0x0001, 0x0001, 0x0003, 
    0x0001, 0x0001, 0x0003, 0x0001, 0x0001, 0x0000, 0x0002, 0x0000, 0x0001, 0x0001, 0x0003, 0x0001, 0x0001, 0x0003, 0x0001, 0x0001, 
    0x0003, 0x0001, 0x0001, 0x0003, 0x0001, 0x0001, 0x0003, 0x0001, 0x0001, 0x0003, 0x0001, 0x0001, 0x0003, 0x0001, 0x0001, 0x0003, 
    0x0001, 0x0001, 0x0001, 0x0003, 0x0001, 0x0000, 0x0002, 0x0003, 0x0001, 0x0001, 0x0003, 0x0002, 0x0000, 0x0001, 0x0001, 0x0003, 
    0x0001, 0x0000, 0x0002, 0x0000, 0x0001, 0x0003, 0x0001, 0x0000, 0x0002, 0x0000, 0x0000, 0x0002, 0x0000, 0x0000, 0x0002, 0x0000, 
    0x0000, 0x0002, 0x0000, 0x0000, 0x0002, 0x0000, 0x0001, 0x0001, 0x0003, 0x0001, 0x0000, 0x0002, 0x0000, 0x0000, 0x0002, 0x0000, 
    0x0000, 0x0002, 0x0000, 0x0000, 0x0002, 0x0000, 0x0000, 0x0002, 0x0000, 0x0000, 0x0002, 0x0000, 0x0000, 0x0002, 0x0000, 0x0000, 
    0x0002, 0x0000, 0x0001, 0x0001, 0x0003, 0x0001, 0x0001, 0x0003, 0x0002, 0x0000, 0x0001, 0x0001, 0x0003, 0x0001, 0x0000, 0x0002, 
    0x0000, 0x0001, 0x0003, 0x0001, 0x0000, 0x0002, 0x0000, 0x0000, 0x0002, 0x0000, 0x0000, 0x0002, 0x0000, 0x0000, 0x0002, 0x0000, 
    0x0001, 0x0003, 0x0001, 0x0001, 0x0001, 0x0003, 0x0001, 0x0001, 0x0003, 0x0001, 0x0001, 0x0003, 0x0001, 0x0001, 0x0003, 0x0001, 
    0x0001, 0x0003, 0x0001, 0x0001, 0x0003, 0x0001, 0x0001, 0x0003, 0x0001, 0x0001, 0x0003, 0x0001, 0x0001, 0x0003, 0x0001, 0x0001, 
    0x0000, 0x0002, 0x0000, 0x0001, 0x0001, 0x0003, 0x0001, 0x0001, 0x0003, 0x0001, 0x0001, 0x0003, 0x0001, 0x0001, 0x0003, 0x0001, 
    0x0001, 0x0003, 0x0001, 0x0001, 0x0003, 0x0001, 0x0001, 0x0003, 0x0001, 0x0001, 0x0003, 0x0001, 0x0001, 0x0000, 0x0002, 0x0000, 
    0x0001, 0x0001, 0x0003, 0x0001, 0x0001, 0x0003, 0x0001, 0x0001, 0x0003, 0x0001, 0x0001, 0x0003, 0x0001, 0x0001, 0x0003, 0x0001, 
    0x0001, 0x0003, 0x0001, 0x0001, 0x0003, 0x0001, 0x0001, 0x0003, 0x0001, 0x0001, 0x0000, 0x0002, 0x0000, 0x0001, 0x0001, 0x0003, 
    0x0001, 0x0001, 0x0003, 0x0001, 0x0001, 0x0003, 0x0001, 0x0001, 0x0003, 0x0001, 0x0001, 0x0003, 0x0001, 0x0001, 0x0003, 0x0001, 
    0x0001, 0x0003, 0x0001, 0x0001, 0x0003, 0x0001, 0x0001, 0x0000, 0x0002, 0x0000, 0x0001, 0x0001, 0x0003, 0x0001, 0x0001, 0x0003, 
    0x0001, 0x0001, 0x0003, 0x0001, 0x0001, 0x0003, 0x0001, 0x0001, 0x0003, 0x0001, 0x0001, 0x0003, 0x0001, 0x0001, 0x0003, 0x0001, 
    0x0001, 0x0003, 0x0001, 0x0001, 0x0000, 0x0002, 0x0000, 0x0001, 0x0001, 0x0003, 0x0001, 0x0001, 0x0003, 0x0001, 0x0001, 0x0003, 
    0x0001, 0x0001, 0x0003, 0x0001, 0x0001, 0x0003, 0x0001, 0x0001, 0x0003, 0x0001, 0x0001, 0x0003, 0x0001, 0x0001, 0x0003, 0x0001, 
    0x0001, 0x0000, 0x0002, 0x0000, 0x0001, 0x0001, 0x0003, 0x0001, 0x0001, 0x0003, 0x0001, 0x0001, 0x0003, 0x0001, 0x0001, 0x0003, 
    0x0001, 0x0001, 0x0003, 0x0001, 0x0001, 0x0003, 0x0001, 0x0001, 0x0003, 0x0001, 0x0001, 0x0003, 0x0001, 0x0001, 0x0000, 0x0002, 
    0x0000, 0x0001, 0x0001, 0x0003, 0x0001, 0x0001, 0x0003, 0x0001, 0x0001, 0x0003, 0x0001, 0x0001, 0x0003, 0x0001, 0x0001, 0x0003, 
    0x0001, 0x0001, 0x0003, 0x0001, 0x0001, 0x0003, 0x0001, 0x0001, 0x0003, 0x0001, 0x0001, 0x0001, 0x0003, 0x0001, 0x0000, 0x0002, 
    0x0003, 0x0001, 0x0001, 0x0003, 0x0002, 0x0000, 0x0001, 0x0001, 0x0003, 0x0001, 0x0000, 0x0002, 0x0000, 0x0001, 0x0003, 0x0001, 
    0x0000, 0x0002, 0x0000, 0x0000, 0x0002, 0x0000, 0x0000, 0x0002, 0x0000, 0x0000, 0x0002, 0x0000, 0x0000, 0x0002, 0x0000, 0x0001, 
    0x0001, 0x0003, 0x0001, 0x0000, 0x0002, 0x0000, 0x0000, 0x0002, 0x0000, 0x0000, 0x0002, 0x0000, 0x0000, 0x0002, 0x0000, 0x0000, 
    0x0002, 0x0000, 0x0000, 0x0002, 0x0000, 0x0000, 0x0002, 0x0000, 0x0000, 0x0002, 0x0000, 0x0001, 0x0001, 0x0003, 0x0001, 0x0001, 
    0x0003, 0x0002, 0x0000, 0x0001, 0x0001, 0x0003, 0x0001, 0x0000, 0x0002, 0x0000, 0x0001, 0x0003, 0x0001, 0x0000, 0x0002, 0x0000, 
    0x0000, 0x0002, 0x0000, 0x0000, 0x0002, 0x0000, 0x0000, 0x0002, 0x0000, 0x0001, 0x0003, 0x0001, 0x0001, 0x0001, 0x0003, 0x0001, 
    0x0001, 0x0003, 0x0001, 0x0001, 0x0003, 0x0001, 0x0001, 0x0003, 0x0001, 0x0001, 0x0003, 0x0001, 0x0001, 0x0003, 0x0001, 0x0001, 
    0x0003, 0x0001, 0x0001, 0x0003, 0x0001, 0x0001, 0x0003, 0x0001, 0x0001, 0x0000, 0x0002, 0x0000, 0x0001, 0x0001, 0x0003, 0x0001, 
    0x0001, 0x0003, 0x0001, 0x0001, 0x0003, 0x0001, 0x0001, 0x0003, 0x0001, 0x0001, 0x0003, 0x0001, 0x0001, 0x0003, 0x0001, 0x0001, 
    0x0003, 0x0001, 0x0001, 0x0003, 0x0001, 0x0001, 0x0000, 0x0002, 0x0000, 0x0001, 0x0001, 0x0003, 0x0001, 0x0001, 0x0003, 0x0001, 
    0x0001, 0x0003, 0x0001, 0x0001, 0x0003, 0x0001, 0x0001, 0x0003, 0x0001, 0x0001, 0x0003, 0x0001, 0x0001, 0x0003, 0x0001, 0x0001, 
    0x0003, 0x0001, 0x0001, 0x0000, 0x0002, 0x0000, 0x0001, 0x0001, 0x0003, 0x0001, 0x0001, 0x0003, 0x0001, 0x0001, 0x0003, 0x0001, 
    0x0001, 0x0003, 0x0001, 0x0001, 0x0003, 0x0001, 0x0001, 0x0003, 0x0001, 0x0001, 0x0003, 0x0001, 0x0001, 0x0003, 0x0001, 0x0001, 
    0x0000, 0x0002, 0x0000, 0x0001, 0x0001, 0x0003, 0x0001, 0x0001, 0x0003, 0x0001, 0x0001, 0x0003, 0x0001, 0x0001, 0x0003, 0x0001, 
    0x0001, 0x0003, 0x0001, 0x0001, 0x0003, 0x0001, 0x0001, 0x0003, 0x0001, 0x0001, 0x0003, 0x0001, 0x0001, 0x0000, 0x0002, 0x0000, 
    0x0001, 0x0001, 0x0003, 0x0001, 0x0001, 0x0003, 0x0001, 0x0001, 0x0003, 0x0001, 0x0001, 0x0003, 0x0001, 0x0001, 0x0003, 0x0001, 
    0x0001, 0x0003, 0x0001, 0x0001, 0x0003, 0x0001, 0x0001, 0x0003, 0x0001, 0x0001, 0x0000, 0x0002, 0x0000, 0x0001, 0x0001, 0x0003, 
    0x0001, 0x0001, 0x0003, 0x0001, 0x0001, 0x0003, 0x0001, 0x0001, 0x0003, 0x0001, 0x0001, 0x0003, 0x0001, 0x0001, 0x0003, 0x0001, 
    0x0001, 0x0003, 0x0001, 0x0001, 0x0003, 0x0001, 0x0001, 0x0000, 0x0002, 0x0000, 0x0001, 0x0001, 0x0003, 0x0001, 0x0001, 0x0003, 
    0x0001, 0x0001, 0x0003, 0x0001, 0x0001, 0x0003, 0x0001, 0x0001, 0x0003, 0x0001, 0x0001, 0x0003, 0x0001, 0x0001, 0x0003, 0x0001, 
    0x0001, 0x0003, 0x0001, 0x0001, 0x0000, 0x0002, 0x0000, 0x0001, 0x0001, 0x0003, 0x0001, 0x0001, 0x0003, 0x0001, 0x0001, 0x0003, 
    0x0001, 0x0001, 0x0003, 0x0001, 0x0001, 0x0003, 0x0001, 0x0001, 0x0003, 0x0001, 0x0001, 0x0003, 0x0001, 0x0001, 0x0003, 0x0001, 
    0x0001, 0x0000, 0x0002, 0x0000, 0x0001, 0x0001, 0x0003, 0x0001, 0x0001, 0x0003, 0x0001, 0x0001, 0x0003, 0x0001, 0x0001, 0x0003, 
    0x0001, 0x0001, 0x0003, 0x0001, 0x0001, 0x0003, 0x0001, 0x0001, 0x0003, 0x0001, 0x0001, 0x0003, 0x0001, 0x0001, 0x0000, 0x0002, 
    0x0000, 0x0001, 0x0001, 0x0003, 0x0001, 0x0001, 0x0003, 0x0001, 0x0001, 0x0003, 0x0001, 0x0001, 0x0003, 0x0001, 0x0001, 0x0003, 
    0x0001, 0x0001, 0x0003, 0x0001, 0x0001, 0x0003, 0x0001, 0x0001, 0x0003, 0x0001, 0x0001, 0x0000, 0x0002, 0x0000, 0x0001, 0x0001, 
    0x0003, 0x0001, 0x0001, 0x0003, 0x0001, 0x0001, 0x0003, 0x0001, 0x0001, 0x0003, 0x0001, 0x0001, 0x0003, 0x0001, 0x0001, 0x0003, 
    0x0001, 0x0001, 0x0003, 0x0001, 0x0001, 0x0003, 0x0001, 0x0001, 0x0000, 0x0002, 0x0000, 0x0001, 0x0001, 0x0003, 0x0001, 0x0001, 
    0x0003, 0x0001, 0x0001, 0x0003, 0x0001, 0x0001, 0x0003, 0x0001, 0x0001, 0x0003, 0x0001, 0x0001, 0x0003, 0x0001, 0x0001, 0x0003, 
    0x0001, 0x0001, 0x0003, 0x0001, 0x0001, 0x0000, 0x0002, 0x0000, 0x0001, 0x0001, 0x0003, 0x0001, 0x0001, 0x0003, 0x0001, 0x0001, 
    0x0003, 0x0001, 0x0001, 0x0003, 0x0001, 0x0001, 0x0003, 0x0001, 0x0001, 0x0003, 0x0001, 0x0001, 0x0003, 0x0001, 0x0001, 0x0003, 
    0x0001, 0x0001, 0x0000, 0x0002, 0x0000, 0x0001, 0x0001, 0x0003, 0x0001, 0x0001, 0x0003, 0x0001, 0x0001, 0x0003, 0x0001, 0x0001, 
    0x0003, 0x0001, 0x0001, 0x0003, 0x0001, 0x0001, 0x0003, 0x0001, 0x0001, 0x0003, 0x0001, 0x0001, 0x0003, 0x0001, 0x0001, 0x0000, 
    0x0002, 0x0000, 0x0001, 0x0001, 0x0003, 0x0001, 0x0001, 0x0003, 0x0001, 0x0001, 0x0003, 0x0001, 0x0001, 0x0003, 0x0001, 0x0001, 
    0x0003, 0x0001, 0x0001, 0x0003, 0x0001, 0x0001, 0x0003, 0x0001, 0x0001, 0x0003, 0x0001, 0x0001, 0x0000, 0x0002, 0x0000, 0x0001, 
    0x0001, 0x0003, 0x0001, 0x0001, 0x0003, 0x0001, 0x0001, 0x0003, 0x0001, 0x0001, 0x0003, 0x0001, 0x0001, 0x0003, 0x0001, 0x0001, 
    0x0003, 0x0001, 0x0001, 0x0003, 0x0001, 0x0001, 0x0003, 0x0001, 0x0001, 0x0000, 0x0002, 0x0000, 0x0001, 0x0001, 0x0003, 0x0001, 
    0x0001, 0x0003, 0x0001, 0x0001, 0x0003, 0x0001, 0x0001, 0x0003, 0x0001, 0x0001, 0x0003, 0x0001, 0x0001, 0x0003, 0x0001, 0x0001, 
    0x0003, 0x0001, 0x0001, 0x0003, 0x0001, 0x0001, 0x0000, 0x0002, 0x0000, 0x0001, 0x0001, 0x0003, 0x0001, 0x0001, 0x0003, 0x0001, 
    0x0001, 0x0003, 0x0001, 0x0001, 0x0003, 0x0001, 0x0001, 0x0003, 0x0001, 0x0001, 0x0003, 0x0001, 0x0001, 0x0003, 0x0001, 0x0001, 
    0x0003, 0x0001, 0x0001, 0x0000, 0x0002, 0x0000, 0x0001, 0x0001, 0x0003, 0x0001, 0x0001, 0x0003, 0x0001, 0x0001, 0x0003, 0x0001, 
    0x0001, 0x0003, 0x0001, 0x0001, 0x0003, 0x0001, 0x0001, 0x0003, 0x0001, 0x0001, 0x0003, 0x0001, 0x0001, 0x0003, 0x0001, 0x0001, 
    0x0000, 0x0002, 0x0000, 0x0001, 0x0001, 0x0003, 0x0001, 0x0001, 0x0003, 0x0001, 0x0001, 0x0003, 0x0001, 0x0001, 0x0003, 0x0001, 
    0x0001, 0x0003, 0x0001, 0x0001, 0x0003, 0x0001, 0x0001, 0x0003, 0x0001, 0x0001, 0x0003, 0x0001, 0x0001, 0x0000, 0x0002, 0x0000, 
    0x0001, 0x0001, 0x0003, 0x0001, 0x0001, 0x0003, 0x0001, 0x0001, 0x0003, 0x0001, 0x0001, 0x0003, 0x0001, 0x0001, 0x0003, 0x0001, 
    0x0001, 0x0003, 0x0001, 0x0001, 0x0003, 0x0001, 0x0001, 0x0003, 0x0001, 0x0001, 0x0000, 0x0002, 0x0000, 0x0001, 0x0001, 0x0003, 
    0x0001, 0x0001, 0x0003, 0x0001, 0x0001, 0x0003, 0x0001, 0x0001, 0x0003, 0x0001, 0x0001, 0x0003, 0x0001, 0x0001, 0x0003, 0x0001, 
    0x0001, 0x0003, 0x0001, 0x0001, 0x0003, 0x0001, 0x0001, 0x0000, 0x0002, 0x0000, 0x0001, 0x0001, 0x0003, 0x0001, 0x0001, 0x0003, 
    0x0001, 0x0001, 0x0003, 0x0001, 0x0001, 0x0003, 0x0001, 0x0001, 0x0003, 0x0001, 0x0001, 0x0003, 0x0001, 0x0001, 0x0003, 0x0001, 
    0x0001, 0x0003, 0x0001, 0x0001, 0x0000, 0x0002, 0x0000, 0x0001, 0x0001, 0x0003, 0x0001, 0x0001, 0x0003, 0x0001, 0x0001, 0x0003, 
    0x0001, 0x0001, 0x0003, 0x0001, 0x0001, 0x0003, 0x0001, 0x0001, 0x0003, 0x0001, 0x0001, 0x0003, 0x0001, 0x0001, 0x0003, 0x0001, 
    0x0001, 0x0000, 0x0002, 0x0000, 0x0001, 0x0001, 0x0003, 0x0001, 0x0001, 0x0003, 0x0001, 0x0001, 0x0003, 0x0001, 0x0001, 0x0003, 
    0x0001, 0x0001, 0x0003, 0x0001, 0x0001, 0x0003, 0x0001, 0x0001, 0x0003, 0x0001, 0x0001, 0x0003, 0x0001, 0x0001, 0x0000, 0x0002, 
    0x0000, 0x0001, 0x0001, 0x0003, 0x0001, 0x0001, 0x0003, 0x0001, 0x0001, 0x0003, 0x0001, 0x0001, 0x0003, 0x0001, 0x0001, 0x0003, 
    0x0001, 0x0001, 0x0003, 0x0001, 0x0001, 0x0003, 0x0001, 0x0001, 0x0003, 0x0001, 0x0001, 0x0000, 0x0002, 0x0000, 0x0001, 0x0001, 
    0x0003, 0x0001, 0x0001, 0x0003, 0x0001, 0x0001, 0x0003, 0x0001, 0x0001, 0x0003, 0x0001, 0x0001, 0x0003, 0x0001, 0x0001, 0x0003, 
    0x0001, 0x0001, 0x0003, 0x0001, 0x0001, 0x0003, 0x0001, 0x0001, 0x0000, 0x0002, 0x0000, 0x0001, 0x0001, 0x0003, 0x0001, 0x0001, 
    0x0003, 0x0001, 0x0001, 0x0003, 0x0001, 0x0001, 0x0003, 0x0001, 0x0001, 0x0003, 0x0001, 0x0001, 0x0003, 0x0001, 0x0001, 0x0003, 
    0x0001, 0x0001, 0x0003, 0x0001, 0x0001, 0x0000, 0x0002, 0x0000, 0x0001, 0x0001, 0x0003, 0x0001, 0x0001, 0x0003, 0x0001, 0x0001, 
    0x0003, 0x0001, 0x0001, 0x0003, 0x0001, 0x0001, 0x0003, 0x0001, 0x0001, 0x0003, 0x0001, 0x0001, 0x0003, 0x0001, 0x0001, 0x0003, 
    0x0001, 0x0001, 0x0000, 0x0002, 0x0000, 0x0001, 0x0001, 0x0003, 0x0001, 0x0001, 0x0003, 0x0001, 0x0001, 0x0003, 0x0001, 0x0001, 
    0x0003, 0x0001, 0x0001, 0x0003, 0x0001, 0x0001, 0x0003, 0x0001, 0x0001, 0x0003, 0x0001, 0x0001, 0x0003, 0x0001, 0x0001, 0x0000, 
    0x0002, 0x0000, 0x0001, 0x0001, 0x0003, 0x0001, 0x0001, 0x0003, 0x0001, 0x0001, 0x0003, 0x0001, 0x0001, 0x0003, 0x0001, 0x0001, 
    0x0003, 0x0001, 0x0001, 0x0003, 0x0001, 0x0001, 0x0003, 0x0001, 0x0001, 0x0003, 0x0001, 0x0001, 0x0000, 0x0002, 0x0000, 0x0001, 
    0x0001, 0x0003, 0x0001, 0x0001, 0x0003, 0x0001, 0x0001, 0x0003, 0x0001, 0x0001, 0x0003, 0x0001, 0x0001, 0x0003, 0x0001, 0x0001, 
    0x0003, 0x0001, 0x0001, 0x0003, 0x0001, 0x0001, 0x0003, 0x0001, 0x0001, 0x0000, 0x0002, 0x0000, 0x0001, 0x0001, 0x0003, 0x0001, 
    0x0001, 0x0003, 0x0001, 0x0001, 0x0003, 0x0001, 0x0001, 0x0003, 0x0001, 0x0001, 0x0003, 0x0001, 0x0001, 0x0003, 0x0001, 0x0001, 
    0x0003, 0x0001, 0x0001, 0x0003, 0x0001, 0x0001, 0x0000, 0x0002, 0x0000, 0x0001, 0x0001, 0x0003, 0x0001, 0x0001, 0x0003, 0x0001, 
    0x0001, 0x0003, 0x0001, 0x0001, 0x0003, 0x0001, 0x0001, 0x0003, 0x0001, 0x0001, 0x0003, 0x0001, 0x0001, 0x0003, 0x0001, 0x0001, 
    0x0003, 0x0001, 0x0001, 0x0000, 0x0002, 0x0000, 0x0001, 0x0001, 0x0003, 0x0001, 0x0001, 0x0003, 0x0001, 0x0001, 0x0003, 0x0001, 
    0x0001, 0x0003, 0x0001, 0x0001, 0x0003, 0x0001, 0x0001, 0x0003, 0x0001, 0x0001, 0x0003, 0x0001, 0x0001, 0x0003, 0x0001, 0x0001, 
    0x0000, 0x0002, 0x0000, 0x0001, 0x0001, 0x0003, 0x0001, 0x0001, 0x0003, 0x0001, 0x0001, 0x0003, 0x0001, 0x0001, 0x0003, 0x0001, 
    0x0001, 0x0003, 0x0001, 0x0001, 0x0003, 0x0001, 0x0001, 0x0003, 0x0001, 0x0001, 0x0003, 0x0001, 0x0001, 0x0000, 0x0002, 0x0000, 
    0x0001, 0x0001, 0x0003, 0x0001, 0x0001, 0x0003, 0x0001, 0x0001, 0x0003, 0x0001, 0x0001, 0x0003, 0x0001, 0x0001, 0x0003, 0x0001, 
    0x0001, 0x0003, 0x0001, 0x0001, 0x0003, 0x0001, 0x0001, 0x0003, 0x0001, 0x0001, 0x0000, 0x0002, 0x0000, 0x0001, 0x0001, 0x0003, 
    0x0001, 0x0001, 0x0003, 0x0001, 0x0001, 0x0003, 0x0001, 0x0001, 0x0003, 0x0001, 0x0001, 0x0003, 0x0001, 0x0001, 0x0003, 0x0001, 
    0x0001, 0x0003, 0x0001, 0x0001, 0x0003, 0x0001, 0x0001, 0x0000, 0x0002, 0x0000, 0x0001, 0x0001, 0x0003, 0x0001, 0x0001, 0x0003, 
    0x0001, 0x0001, 0x0003, 0x0001, 0x0001, 0x0003, 0x0001, 0x0001, 0x0003, 0x0001, 0x0001, 0x0003, 0x0001, 0x0001, 0x0003, 0x0001, 
    0x0001, 0x0003, 0x0001, 0x0001, 0x0000, 0x0002, 0x0000, 0x0001, 0x0001, 0x0003, 0x0001, 0x0001, 0x0003, 0x0001, 0x0001, 0x0003, 
    0x0001, 0x0001, 0x0003, 0x0001, 0x0001, 0x0003, 0x0001, 0x0001, 0x0003, 0x0001, 0x0001, 0x0003, 0x0001, 0x0001, 0x0003, 0x0001, 
    0x0001, 0x0000, 0x0002, 0x0000, 0x0001, 0x0001, 0x0003, 0x0001, 0x0001, 0x0003, 0x0001, 0x0001, 0x0003, 0x0001, 0x0001, 0x0003, 
    0x0001, 0x0001, 0x0003, 0x0001, 0x0001, 0x0003, 0x0001, 0x0001, 0x0003, 0x0001, 0x0001, 0x0003, 0x0001, 0x0001, 0x0000, 0x0002, 
    0x0000, 0x0001, 0x0001, 0x0003, 0x0001, 0x0001, 0x0003, 0x0001, 0x0001, 0x0003, 0x0001, 0x0001, 0x0003, 0x0001, 0x0001, 0x0003, 
    0x0001, 0x0001, 0x0003, 0x0001, 0x0001, 0x0003, 0x0001, 0x0001, 0x0003, 0x0001, 0x0001, 0x0000, 0x0002, 0x0000, 0x0001, 0x0001, 
    0x0003, 0x0001, 0x0001, 0x0003, 0x0001, 0x0001, 0x0003, 0x0001, 0x0001, 0x0003, 0x0001, 0x0001, 0x0003, 0x0001, 0x0001, 0x0003, 
    0x0001, 0x0001, 0x0003, 0x0001, 0x0001, 0x0003, 0x0001, 0x0001, 0x0000, 0x0002, 0x0000, 0x0001, 0x0001, 0x0003, 0x0001, 0x0001, 
    0x0003, 0x0001, 0x0001, 0x0003, 0x0001, 0x0001, 0x0003, 0x0001, 0x0001, 0x0003, 0x0001, 0x0001, 0x0003, 0x0001, 0x0001, 0x0003, 
    0x0001, 0x0001, 0x0003, 0x0001, 0x0001, 0x0000, 0x0002, 0x0000, 0x0001, 0x0001, 0x0003, 0x0001, 0x0001, 0x0003, 0x0001, 0x0001, 
    0x0003, 0x0001, 0x0001, 0x0003, 0x0001, 0x0001, 0x0003, 0x0001, 0x0001, 0x0003, 0x0001, 0x0001, 0x0003, 0x0001, 0x0001, 0x0003, 
    0x0001, 0x0001, 0x0000, 0x0002, 0x0000, 0x0001, 0x0001, 0x0003, 0x0001, 0x0001, 0x0003, 0x0001, 0x0001, 0x0003, 0x0001, 0x0001, 
    0x0003, 0x0001, 0x0001, 0x0003, 0x0001, 0x0001, 0x0003, 0x0001, 0x0001, 0x0003, 0x0001, 0x0001, 0x0003, 0x0001, 0x0001, 0x0000, 
    0x0002, 0x0000, 0x0001, 0x0001, 0x0003, 0x0001, 0x0001, 0x0003, 0x0001, 0x0001, 0x0003, 0x0001, 0x0001, 0x0003, 0x0001, 0x0001, 
    0x0003, 0x0001, 0x0001, 0x0003, 0x0001, 0x0001, 0x0003, 0x0001, 0x0001, 0x0003, 0x0001, 0x0001, 0x0000, 0x0002, 0x0000, 0x0001, 
    0x0001, 0x0003, 0x0001, 0x0001, 0x0003, 0x0001, 0x0001, 0x0003, 0x0001, 0x0001, 0x0003, 0x0001, 0x0001, 0x0003, 0x0001, 0x0001, 
    0x0003, 0x0001, 0x0001, 0x0003, 0x0001, 0x0001, 0x0003, 0x0001, 0x0001, 0x0000, 0x0002, 0x0000, 0x0001, 0x0001, 0x0003, 0x0001, 
    0x0001, 0x0003, 0x0001, 0x0001, 0x0003, 0x0001, 0x0001, 0x0003, 0x0001, 0x0001, 0x0003, 0x0001, 0x0001, 0x0003, 0x0001, 0x0001, 
    0x0003, 0x0001, 0x0001, 0x0003, 0x0001, 0x0001, 0x0000, 0x0002, 0x0000, 0x0001, 0x0001, 0x0003, 0x0001, 0x0001, 0x0003, 0x0001, 
    0x0001, 0x0003, 0x0001, 0x0001, 0x0003, 0x0001, 0x0001, 0x0003, 0x0001, 0x0001, 0x0003, 0x0001, 0x0001, 0x0003, 0x0001, 0x0001, 
    0x0003, 0x0001, 0x0001, 0x0000, 0x0002, 0x0000, 0x0001, 0x0001, 0x0003, 0x0001, 0x0001, 0x0003, 0x0001, 0x0001, 0x0003, 0x0001, 
    0x0001, 0x0003, 0x0001, 0x0001, 0x0003, 0x0001, 0x0001, 0x0003, 0x0001, 0x0001, 0x0003, 0x0001, 0x0001, 0x0003, 0x0001, 0x0001, 
    0x0000, 0x0002, 0x0000, 0x0001, 0x0001, 0x0003, 0x0001, 0x0001, 0x0003, 0x0001, 0x0001, 0x0003, 0x0001, 0x0001, 0x0003, 0x0001, 
    0x0001, 0x0003, 0x0001, 0x0001, 0x0003, 0x0001, 0x0001, 0x0003, 0x0001, 0x0001, 0x0003, 0x0001, 0x0001, 0x0000, 0x0002, 0x0000, 
    0x0001, 0x0001, 0x0003, 0x0001, 0x0001, 0x0003, 0x0001, 0x0001, 0x0003, 0x0001, 0x0001, 0x0003, 0x0001, 0x0001, 0x0003, 0x0001, 
    0x0001, 0x0003, 0x0001, 0x0001, 0x0003, 0x0001, 0x0001, 0x0003, 0x0001, 0x0001, 0x0000, 0x0002, 0x0000, 0x0001, 0x0001, 0x0003, 
    0x0001, 0x0001, 0x0003, 0x0001, 0x0001, 0x0003, 0x0001, 0x0001, 0x0003, 0x0001, 0x0001, 0x0003, 0x0001, 0x0001, 0x0003, 0x0001, 
    0x0001, 0x0003, 0x0001, 0x0001, 0x0003, 0x0001, 0x0001, 0x0000, 0x0002, 0x0000, 0x0001, 0x0001, 0x0003, 0x0001, 0x0001, 0x0003, 
    0x0001, 0x0001, 0x0003, 0x0001, 0x0001, 0x0003, 0x0001, 0x0001, 0x0003, 0x0001, 0x0001, 0x0003, 0x0001, 0x0001, 0x0003, 0x0001, 
    0x0001, 0x0003, 0x0001, 0x0001, 0x0000, 0x0002, 0x0000, 0x0001, 0x0001, 0x0003, 0x0001, 0x0001, 0x0003, 0x0001, 0x0001, 0x0003, 
    0x0001, 0x0001, 0x0003, 0x0001, 0x0001, 0x0003, 0x0001, 0x0001, 0x0003, 0x0001, 0x0001, 0x0003, 0x0001, 0x0001, 0x0003, 0x0001, 
    0x0001, 0x0000, 0x0002, 0x0000, 0x0001, 0x0001, 0x0003, 0x0001, 0x0001, 0x0003, 0x0001, 0x0001, 0x0003, 0x0001, 0x0001, 0x0003, 
    0x0001, 0x0001, 0x0003, 0x0001, 0x0001, 0x0003, 0x0001, 0x0001, 0x0003, 0x0001, 0x0001, 0x0003, 0x0001, 0x0001, 0x0000, 0x0002, 
    0x0000, 0x0001, 0x0001, 0x0003, 0x0001, 0x0001, 0x0003, 0x0001, 0x0001, 0x0003, 0x0001, 0x0001, 0x0003, 0x0001, 0x0001, 0x0003, 
    0x0001, 0x0001, 0x0003, 0x0001, 0x0001, 0x0003, 0x0001, 0x0001, 0x0003, 0x0001, 0x0001, 0x0000, 0x0002, 0x0000, 0x0001, 0x0001, 
    0x0003, 0x0001, 0x0001, 0x0003, 0x0001, 0x0001, 0x0003, 0x0001, 0x0001, 0x0003, 0x0001, 0x0001, 0x0003, 0x0001, 0x0001, 0x0003, 
    0x0001, 0x0001, 0x0003, 0x0001, 0x0001, 0x0003, 0x0001, 0x0001, 0x0000, 0x0002, 0x0000, 0x0001, 0x0001, 0x0003, 0x0001, 0x0001, 
    0x0003, 0x0001, 0x0001, 0x0003, 0x0001, 0x0001, 0x0003, 0x0001, 0x0001, 0x0003, 0x0001, 0x0001, 0x0003, 0x0001, 0x0001, 0x0003, 
    0x0001, 0x0001, 0x0003, 0x0001, 0x0001, 0x0000, 0x0002, 0x0000, 0x0001, 0x0001, 0x0003, 0x0001, 0x0001, 0x0003, 0x0001, 0x0001, 
    0x0003, 0x0001, 0x0001, 0x0003, 0x0001, 0x0001, 0x0003, 0x0001, 0x0001, 0x0003, 0x0001, 0x0001, 0x0003, 0x0001, 0x0001, 0x0003, 
    0x0001, 0x0001, 0x0000, 0x0002, 0x0000, 0x0001, 0x0001, 0x0003, 0x0001, 0x0001, 0x0003, 0x0001, 0x0001, 0x0003, 0x0001, 0x0001, 
    0x0003, 0x0001, 0x0001, 0x0003, 0x0001, 0x0001, 0x0003, 0x0001, 0x0001, 0x0003, 0x0001, 0x0001, 0x0003, 0x0001, 0x0001, 0x0000, 
    0x0002, 0x0000, 0x0001, 0x0001, 0x0003, 0x0001, 0x0001, 0x0003, 0x0001, 0x0001, 0x0003, 0x0001, 0x0001, 0x0003, 0x0001, 0x0001, 
    0x0003, 0x0001, 0x0001, 0x0003, 0x0001, 0x0001, 0x0003, 0x0001, 0x0001, 0x0003, 0x0001, 0x0001, 0x0000, 0x0002, 0x0000, 0x0001, 
    0x0001, 0x0003, 0x0001, 0x0001, 0x0003, 0x0001, 0x0001, 0x0003, 0x0001, 0x0001, 0x0003, 0x0001, 0x0001, 0x0003, 0x0001, 0x0001, 
    0x0003, 0x0001, 0x0001, 0x0003, 0x0001, 0x0001, 0x0003, 0x0001, 0x0001, 0x0000, 0x0002, 0x0000, 0x0001, 0x0001, 0x0003, 0x0001, 
    0x0001, 0x0003, 0x0001, 0x0001, 0x0003, 0x0001, 0x0001, 0x0003, 0x0001, 0x0001, 0x0003, 0x0001, 0x0001, 0x0003, 0x0001, 0x0001, 
    0x0003, 0x0001, 0x0001, 0x0003, 0x0001, 0x0001, 0x0000, 0x0002, 0x0000, 0x0001, 0x0001, 0x0003, 0x0001, 0x0001, 0x0003, 0x0001, 
    0x0001, 0x0003, 0x0001, 0x0001, 0x0003, 0x0001, 0x0001, 0x0003, 0x0001, 0x0001, 0x0003, 0x0001, 0x0001, 0x0003, 0x0001, 0x0001, 
    0x0003, 0x0001, 0x0001, 0x0000, 0x0002, 0x0000, 0x0001, 0x0001, 0x0003, 0x0001, 0x0001, 0x0003, 0x0001, 0x0001, 0x0003, 0x0001, 
    0x0001, 0x0003, 0x0001, 0x0001, 0x0003, 0x0001, 0x0001, 0x0003, 0x0001, 0x0001, 0x0003, 0x0001, 0x0001, 0x0003, 0x0001, 0x0001, 
    0x0000, 0x0002, 0x0000, 0x0001, 0x0001, 0x0003, 0x0001, 0x0001, 0x0003, 0x0001, 0x0001, 0x0003, 0x0001, 0x0001, 0x0003, 0x0001, 
    0x0001, 0x0003, 0x0001, 0x0001, 0x0003, 0x0001, 0x0001, 0x0003, 0x0001, 0x0001, 0x0003, 0x0001, 0x0001, 0x0000, 0x0002, 0x0000, 
    0x0001, 0x0001, 0x0003, 0x0001, 0x0001, 0x0003, 0x0001, 0x0001, 0x0003, 0x0001, 0x0001, 0x0003, 0x0001, 0x0001, 0x0003, 0x0001, 
    0x0001, 0x0003, 0x0001, 0x0001, 0x0003, 0x0001, 0x0001, 0x0003, 0x0001, 0x0001, 0x0000, 0x0002, 0x0000, 0x0001, 0x0001, 0x0003, 
    0x0001, 0x0001, 0x0003, 0x0001, 0x0001, 0x0003, 0x0001, 0x0001, 0x0003, 0x0001, 0x0001, 0x0003, 0x0001, 0x0001, 0x0003, 0x0001, 
    0x0001, 0x0003, 0x0001, 0x0001, 0x0003, 0x0001, 0x0001, 0x0000, 0x0002, 0x0000, 0x0001, 0x0001, 0x0003, 0x0001, 0x0001, 0x0003, 
    0x0001, 0x0001, 0x0003, 0x0001, 0x0001, 0x0003, 0x0001, 0x0001, 0x0003, 0x0001, 0x0001, 0x0003, 0x0001, 0x0001, 0x0003, 0x0001, 
    0x0001, 0x0003, 0x0001, 0x0001, 0x0000, 0x0002, 0x0000, 0x0001, 0x0001, 0x0003, 0x0001, 0x0001, 0x0003, 0x0001, 0x0001, 0x0003, 
    0x0001, 0x0001, 0x0003, 0x0001, 0x0001, 0x0003, 0x0001, 0x0001, 0x0003, 0x0001, 0x0001, 0x0003, 0x0001, 0x0001, 0x0003, 0x0001, 
    0x0001, 0x0000, 0x0002, 0x0000, 0x0001, 0x0001, 0x0003, 0x0001, 0x0001, 0x0003, 0x0001, 0x0001, 0x0003, 0x0001, 0x0001, 0x0003, 
    0x0001, 0x0001, 0x0003, 0x0001, 0x0001, 0x0003, 0x0001, 0x0001, 0x0003, 0x0001, 0x0001, 0x0003, 0x0001, 0x0001, 0x0000, 0x0002, 
    0x0000, 0x0001, 0x0001, 0x0003, 0x0001, 0x0001, 0x0003, 0x0001, 0x0001, 0x0003, 0x0001, 0x0001, 0x0003, 0x0001, 0x0001, 0x0003, 
    0x0001, 0x0001, 0x0003, 0x0001, 0x0001, 0x0003, 0x0001, 0x0001, 0x0003, 0x0001, 0x0001, 0x0000, 0x0002, 0x0000, 0x0001, 0x0001, 
    0x0003, 0x0001, 0x0001, 0x0003, 0x0001, 0x0001, 0x0003, 0x0001, 0x0001, 0x0003, 0x0001, 0x0001, 0x0003, 0x0001, 0x0001, 0x0003, 
    0x0001, 0x0001, 0x0003, 0x0001, 0x0001, 0x0003, 0x0001, 0x0001, 0x0000, 0x0002, 0x0000, 0x0001, 0x0001, 0x0003, 0x0001, 0x0001, 
    0x0003, 0x0001, 0x0001, 0x0003, 0x0001, 0x0001, 0x0003, 0x0001, 0x0001, 0x0003, 0x0001, 0x0001, 0x0003, 0x0001, 0x0001, 0x0003, 
    0x0001, 0x0001, 0x0003, 0x0001, 0x0001, 0x0000, 0x0002, 0x0000, 0x0001, 0x0001, 0x0003, 0x0001, 0x0001, 0x0003, 0x0001, 0x0001, 
    0x0003, 0x0001, 0x0001, 0x0003, 0x0001, 0x0001, 0x0003, 0x0001, 0x0001, 0x0003, 0x0001, 0x0001, 0x0003, 0x0001, 0x0001, 0x0003, 
    0x0001, 0x0001, 0x0000, 0x0002, 0x0000, 0x0001, 0x0001, 0x0003, 0x0001, 0x0001, 0x0003, 0x0001, 0x0001, 0x0003, 0x0001, 0x0001, 
    0x0003, 0x0001, 0x0001, 0x0003, 0x0001, 0x0001, 0x0003, 0x0001, 0x0001, 0x0003, 0x0001, 0x0001, 0x0003, 0x0001, 0x0001, 0x0000, 
    0x0002, 0x0000, 0x0001, 0x0001, 0x0003, 0x0001, 0x0001, 0x0003, 0x0001, 0x0001, 0x0003, 0x0001, 0x0001, 0x0003, 0x0001, 0x0001, 
    0x0003, 0x0001, 0x0001, 0x0003, 0x0001, 0x0001, 0x0003, 0x0001, 0x0001, 0x0003, 0x0001, 0x0001, 0x0000, 0x0002, 0x0000, 0x0001, 
    0x0001, 0x0003, 0x0001, 0x0001, 0x0003, 0x0001, 0x0001, 0x0003, 0x0001, 0x0001, 0x0003, 0x0001, 0x0001, 0x0003, 0x0001, 0x0001, 
    0x0003, 0x0001, 0x0001, 0x0003, 0x0001, 0x0001, 0x0003, 0x0001, 0x0001, 0x0000, 0x0002, 0x0000, 0x0001, 0x0001, 0x0003, 0x0001, 
    0x0001, 0x0003, 0x0001, 0x0001, 0x0003, 0x0001, 0x0001, 0x0003, 0x0001, 0x0001, 0x0003, 0x0001, 0x0001, 0x0003, 0x0001, 0x0001, 
    0x0003, 0x0001, 0x0001, 0x0003, 0x0001, 0x0001, 0x0000, 0x0002, 0x0000, 0x0001, 0x0001, 0x0003, 0x0001, 0x0001, 0x0003, 0x0001, 
    0x0001, 0x0003, 0x0001, 0x0001, 0x0003, 0x0001, 0x0001, 0x0003, 0x0001, 0x0001, 0x0003, 0x0001, 0x0001, 0x0003, 0x0001, 0x0001, 
    0x0003, 0x0001, 0x0001, 0x0000, 0x0002, 0x0000, 0x0001, 0x0001, 0x0003, 0x0001, 0x0001, 0x0003, 0x0001, 0x0001, 0x0003, 0x0001, 
    0x0001, 0x0003, 0x0001, 0x0001, 0x0003, 0x0001, 0x0001, 0x0003, 0x0001, 0x0001, 0x0003, 0x0001, 0x0001, 0x0003, 0x0001, 0x0001, 
    0x0000, 0x0002, 0x0000, 0x0001, 0x0001, 0x0003, 0x0001, 0x0001, 0x0003, 0x0001, 0x0001, 0x0003, 0x0001, 0x0001, 0x0003, 0x0001, 
    0x0001, 0x0003, 0x0001, 0x0001, 0x0003, 0x0001, 0x0001, 0x0003, 0x0001, 0x0001, 0x0003, 0x0001, 0x0001, 0x0000, 0x0002, 0x0000, 
    0x0001, 0x0001, 0x0003, 0x0001, 0x0001, 0x0003, 0x0001, 0x0001, 0x0003, 0x0001, 0x0001, 0x0003, 0x0001, 0x0001, 0x0003, 0x0001, 
    0x0001, 0x0003, 0x0001, 0x0001, 0x0003, 0x0001, 0x0001, 0x0003, 0x0001, 0x0001, 0x0000, 0x0002, 0x0000, 0x0001, 0x0001, 0x0003, 
    0x0001, 0x0001, 0x0003, 0x0001, 0x0001, 0x0003, 0x0001, 0x0001, 0x0003, 0x0001, 0x0001, 0x0003, 0x0001, 0x0001, 0x0003, 0x0001, 
    0x0001, 0x0003, 0x0001, 0x0001, 0x0003, 0x0001, 0x0001, 0x0000, 0x0002, 0x0000, 0x0001, 0x0001, 0x0003, 0x0001, 0x0001, 0x0003, 
    0x0001, 0x0001, 0x0003, 0x0001, 0x0001, 0x0003, 0x0001, 0x0001, 0x0003, 0x0001, 0x0001, 0x0003, 0x0001, 0x0001, 0x0003, 0x0001, 
    0x0001, 0x0003, 0x0001, 0x0001, 0x0000, 0x0002, 0x0000, 0x0001, 0x0001, 0x0003, 0x0001, 0x0001, 0x0003, 0x0001, 0x0001, 0x0003, 
    0x0001, 0x0001, 0x0003, 0x0001, 0x0001, 0x0003, 0x0001, 0x0001, 0x0003, 0x0001, 0x0001, 0x0003, 0x0001, 0x0001, 0x0003, 0x0001, 
    0x0001, 0x0000, 0x0002, 0x0000, 0x0001, 0x0001, 0x0003, 0x0001, 0x0001, 0x0003, 0x0001, 0x0001, 0x0003, 0x0001, 0x0001, 0x0003, 
    0x0001, 0x0001, 0x0003, 0x0001, 0x0001, 0x0003, 0x0001, 0x0001, 0x0003, 0x0001, 0x0001, 0x0003, 0x0001, 0x0001, 0x0000, 0x0002, 
    0x0000, 0x0001, 0x0001, 0x0003, 0x0001, 0x0001, 0x0003, 0x0001, 0x0001, 0x0003, 0x0001, 0x0001, 0x0003, 0x0001, 0x0001, 0x0003, 
    0x0001, 0x0001, 0x0003, 0x0001, 0x0001, 0x0003, 0x0001, 0x0001, 0x0003, 0x0001, 0x0001, 0x0000, 0x0002, 0x0000, 0x0001, 0x0001, 
    0x0003, 0x0001, 0x0001, 0x0003, 0x0001, 0x0001, 0x0003, 0x0001, 0x0001, 0x0003, 0x0001, 0x0001, 0x0003, 0x0001, 0x0001, 0x0003, 
    0x0001, 0x0001, 0x0003, 0x0001, 0x0001, 0x0003, 0x0001, 0x0001, 0x0000, 0x0002, 0x0000, 0x0001, 0x0001, 0x0003, 0x0001, 0x0001, 
    0x0003, 0x0001, 0x0001, 0x0003, 0x0001, 0x0001, 0x0003, 0x0001, 0x0001, 0x0003, 0x0001, 0x0001, 0x0003, 0x0001, 0x0001, 0x0003, 
    0x0001, 0x0001, 0x0003, 0x0001, 0x0001, 0x0000, 0x0002, 0x0000, 0x0001, 0x0001, 0x0003, 0x0001, 0x0001, 0x0003, 0x0001, 0x0001, 
    0x0003, 0x0001, 0x0001, 0x0003, 0x0001, 0x0001, 0x0003, 0x0001, 0x0001, 0x0003, 0x0001, 0x0001, 0x0003, 0x0001, 0x0001, 0x0003, 
    0x0001, 0x0001, 0x0000, 0x0002, 0x0000, 0x0001, 0x0001, 0x0003, 0x0001, 0x0001, 0x0003, 0x0001, 0x0001, 0x0003, 0x0001, 0x0001, 
    0x0003, 0x0001, 0x0001, 0x0003, 0x0001, 0x0001, 0x0003, 0x0001, 0x0001, 0x0003, 0x0001, 0x0001, 0x0003, 0x0001, 0x0001, 0x0000, 
    0x0002, 0x0000, 0x0001, 0x0001, 0x0003, 0x0001, 0x0001, 0x0003, 0x0001, 0x0001, 0x0003, 0x0001, 0x0001, 0x0003, 0x0001, 0x0001, 
    0x0003, 0x0001, 0x0001, 0x0003, 0x0001, 0x0001, 0x0003, 0x0001, 0x0001, 0x0003, 0x0001, 0x0001, 0x0000, 0x0002, 0x0000, 0x0001, 
    0x0001, 0x0003, 0x0001, 0x0001, 0x0003, 0x0001, 0x0001, 0x0003, 0x0001, 0x0001, 0x0003, 0x0001, 0x0001, 0x0003, 0x0001, 0x0001, 
    0x0003, 0x0001, 0x0001, 0x0003, 0x0001, 0x0001, 0x0003, 0x0001, 0x0001, 0x0000, 0x0002, 0x0000, 0x0001, 0x0001, 0x0003, 0x0001, 
    0x0001, 0x0003, 0x0001, 0x0001, 0x0003, 0x0001, 0x0001, 0x0003, 0x0001, 0x0001, 0x0003, 0x0001, 0x0001, 0x0003, 0x0001, 0x0001, 
    0x0003, 0x0001, 0x0001, 0x0003, 0x0001, 0x0001, 0x0000, 0x0002, 0x0000, 0x0001, 0x0001, 0x0003, 0x0001, 0x0001, 0x0003, 0x0001, 
    0x0001, 0x0003, 0x0001, 0x0001, 0x0003, 0x0001, 0x0001, 0x0003, 0x0001, 0x0001, 0x0003, 0x0001, 0x0001, 0x0003, 0x0001, 0x0001, 
    0x0003, 0x0001, 0x0001, 0x0000, 0x0002, 0x0000, 0x0001, 0x0001, 0x0003, 0x0001, 0x0001, 0x0003, 0x0001, 0x0001, 0x0003, 0x0001, 
    0x0001, 0x0003, 0x0001, 0x0001, 0x0003, 0x0001, 0x0001, 0x0003, 0x0001, 0x0001, 0x0003, 0x0001, 0x0001, 0x0003, 0x0001, 0x0001, 
    0x0000, 0x0002, 0x0000, 0x0001, 0x0001, 0x0003, 0x0001, 0x0001, 0x0003, 0x0001, 0x0001, 0x0003, 0x0001, 0x0001, 0x0003, 0x0001, 
    0x0001, 0x0003, 0x0001, 0x0001, 0x0003, 0x0001, 0x0001, 0x0003, 0x0001, 0x0001, 0x0003, 0x0001, 0x0001, 0x0000, 0x0002, 0x0000, 
    0x0001, 0x0001, 0x0003, 0x0001, 0x0001, 0x0003, 0x0001, 0x0001, 0x0003, 0x0001, 0x0001, 0x0003, 0x0001, 0x0001, 0x0003, 0x0001, 
    0x0001, 0x0003, 0x0001, 0x0001, 0x0003, 0x0001, 0x0001, 0x0003, 0x0001, 0x0001, 0x0000, 0x0002, 0x0000, 0x0001, 0x0001, 0x0003, 
    0x0001, 0x0001, 0x0003, 0x0001, 0x0001, 0x0003, 0x0001, 0x0001, 0x0003, 0x0001, 0x0001, 0x0003, 0x0001, 0x0001, 0x0003, 0x0001, 
    0x0001, 0x0003, 0x0001, 0x0001, 0x0003, 0x0001, 0x0001, 0x0000, 0x0002, 0x0000, 0x0001, 0x0001, 0x0003, 0x0001, 0x0001, 0x0003, 
    0x0001, 0x0001, 0x0003, 0x0001, 0x0001, 0x0003, 0x0001, 0x0001, 0x0003, 0x0001, 0x0001, 0x0003, 0x0001, 0x0001, 0x0003, 0x0001, 
    0x0001, 0x0003, 0x0001, 0x0001, 0x0000, 0x0002, 0x0000, 0x0001, 0x0001, 0x0003, 0x0001, 0x0001, 0x0003, 0x0001, 0x0001, 0x0003, 
    0x0001, 0x0001, 0x0003, 0x0001, 0x0001, 0x0003, 0x0001, 0x0001, 0x0003, 0x0001, 0x0001, 0x0003, 0x0001, 0x0001, 0x0003, 0x0001, 
    0x0001, 0x0000, 0x0002, 0x0000, 0x0001, 0x0001, 0x0003, 0x0001, 0x0001, 0x0003, 0x0001, 0x0001, 0x0003, 0x0001, 0x0001, 0x0003, 
    0x0001, 0x0001, 0x0003, 0x0001, 0x0001, 0x0003, 0x0001, 0x0001, 0x0003, 0x0001, 0x0001, 0x0003, 0x0001, 0x0001, 0x0000, 0x0002, 
    0x0000, 0x0001, 0x0001, 0x0003, 0x0001, 0x0001, 0x0003, 0x0001, 0x0001, 0x0003, 0x0001, 0x0001, 0x0003, 0x0001, 0x0001, 0x0003, 
    0x0001, 0x0001, 0x0003, 0x0001, 0x0001, 0x0003, 0x0001, 0x0001, 0x0003, 0x0001, 0x0001, 0x0000, 0x0002, 0x0000, 0x0001, 0x0001, 
    0x0003, 0x0001, 0x0001, 0x0003, 0x0001, 0x0001, 0x0003, 0x0001, 0x0001, 0x0003, 0x0001, 0x0001, 0x0003, 0x0001, 0x0001, 0x0003, 
    0x0001, 0x0001, 0x0003, 0x0001, 0x0001, 0x0003, 0x0001, 0x0001, 0x0000, 0x0002, 0x0000, 0x0001, 0x0001, 0x0003, 0x0001, 0x0001, 
    0x0003, 0x0001, 0x0001, 0x0003, 0x0001, 0x0001, 0x0003, 0x0001, 0x0001, 0x0003, 0x0001, 0x0001, 0x0003, 0x0001, 0x0001, 0x0003, 
    0x0001, 0x0001, 0x0003, 0x0001, 0x0001, 0x0000, 0x0002, 0x0000, 0x0001, 0x0001, 0x0003, 0x0001, 0x0001, 0x0003, 0x0001, 0x0001, 
    0x0003, 0x0001, 0x0001, 0x0003, 0x0001, 0x0001, 0x0003, 0x0001, 0x0001, 0x0003, 0x0001, 0x0001, 0x0003, 0x0001, 0x0001, 0x0003, 
    0x0001, 0x0001, 0x0000, 0x0002, 0x0000, 0x0001, 0x0001, 0x0003, 0x0001, 0x0001, 0x0003, 0x0001, 0x0001, 0x0003, 0x0001, 0x0001, 
    0x0003, 0x0001, 0x0001, 0x0003, 0x0001, 0x0001, 0x0003, 0x0001, 0x0001, 0x0003, 0x0001, 0x0001, 0x0003, 0x0001, 0x0001, 0x0000, 
    0x0002, 0x0000, 0x0001, 0x0001, 0x0003, 0x0001, 0x0001, 0x0003, 0x0001, 0x0001, 0x0003, 0x0001, 0x0001, 0x0003, 0x0001, 0x0001, 
    0x0003, 0x0001, 0x0001, 0x0003, 0x0001, 0x0001, 0x0003, 0x0001, 0x0001, 0x0003, 0x0001, 0x0001, 0x0000, 0x0002, 0x0000, 0x0001, 
    0x0001, 0x0003, 0x0001, 0x0001, 0x0003, 0x0001, 0x0001, 0x0003, 0x0001, 0x0001, 0x0003, 0x0001, 0x0001, 0x0003, 0x0001, 0x0001, 
    0x0003, 0x0001, 0x0001, 0x0003, 0x0001, 0x0001, 0x0003, 0x0001, 0x0001, 0x0000, 0x0002, 0x0000, 0x0001, 0x0001, 0x0003, 0x0001, 
    0x0001, 0x0003, 0x0001, 0x0001, 0x0003, 0x0001, 0x0001, 0x0003, 0x0001, 0x0001, 0x0003, 0x0001, 0x0001, 0x0003, 0x0001, 0x0001, 
    0x0003, 0x0001, 0x0001, 0x0003, 0x0001, 0x0001, 0x0000, 0x0002, 0x0000, 0x0001, 0x0001, 0x0003, 0x0001, 0x0001, 0x0003, 0x0001, 
    0x0001, 0x0003, 0x0001, 0x0001, 0x0003, 0x0001, 0x0001, 0x0003, 0x0001, 0x0001, 0x0003, 0x0001, 0x0001, 0x0003, 0x0001, 0x0001, 
    0x0003, 0x0001, 0x0001, 0x0000, 0x0002, 0x0000, 0x0001, 0x0001, 0x0003, 0x0001, 0x0001, 0x0003, 0x0001, 0x0001, 0x0003, 0x0001, 
    0x0001, 0x0003, 0x0001, 0x0001, 0x0003, 0x0001, 0x0001, 0x0003, 0x0001, 0x0001, 0x0003, 0x0001, 0x0001, 0x0003, 0x0001, 0x0001, 
    0x0000, 0x0002, 0x0000, 0x0001, 0x0001, 0x0003, 0x0001, 0x0001, 0x0003, 0x0001, 0x0001, 0x0003, 0x0001, 0x0001, 0x0003, 0x0001, 
    0x0001, 0x0003, 0x0001, 0x0001, 0x0003, 0x0001, 0x0001, 0x0003, 0x0001, 0x0001, 0x0003, 0x0001, 0x0001, 0x0000, 0x0002, 0x0000, 
    0x0001, 0x0001, 0x0003, 0x0001, 0x0001, 0x0003, 0x0001, 0x0001, 0x0003, 0x0001, 0x0001, 0x0003, 0x0001, 0x0001, 0x0003, 0x0001, 
    0x0001, 0x0003, 0x0001, 0x0001, 0x0003, 0x0001, 0x0001, 0x0003, 0x0001, 0x0001, 0x0000, 0x0002, 0x0000, 0x0001, 0x0001, 0x0003, 
    0x0001, 0x0001, 0x0003, 0x0001, 0x0001, 0x0003, 0x0001, 0x0001, 0x0003, 0x0001, 0x0001, 0x0003, 0x0001, 0x0001, 0x0003, 0x0001, 
    0x0001, 0x0003, 0x0001, 0x0001, 0x0003, 0x0001, 0x0001, 0x0000, 0x0002, 0x0000, 0x0001, 0x0001, 0x0003, 0x0001, 0x0001, 0x0003, 
    0x0001, 0x0001, 0x0003, 0x0001, 0x0001, 0x0003, 0x0001, 0x0001, 0x0003, 0x0001, 0x0001, 0x0003, 0x0001, 0x0001, 0x0003, 0x0001, 
    0x0001, 0x0003, 0x0001, 0x0001, 0x0000, 0x0002, 0x0000, 0x0001, 0x0001, 0x0003, 0x0001, 0x0001, 0x0003, 0x0001, 0x0001, 0x0003, 
    0x0001, 0x0001, 0x0003, 0x0001, 0x0001, 0x0003, 0x0001, 0x0001, 0x0003, 0x0001, 0x0001, 0x0003, 0x0001, 0x0001, 0x0003, 0x0001, 
    0x0001, 0x0000, 0x0002, 0x0000, 0x0001, 0x0001, 0x0003, 0x0001, 0x0001, 0x0003, 0x0001, 0x0001, 0x0003, 0x0001, 0x0001, 0x0003, 
    0x0001, 0x0001, 0x0003, 0x0001, 0x0001, 0x0003, 0x0001, 0x0001, 0x0003, 0x0001, 0x0001, 0x0003, 0x0001, 0x0001, 0x0000, 0x0002, 
    0x0000, 0x0001, 0x0001, 0x0003, 0x0001, 0x0001, 0x0003, 0x0001, 0x0001, 0x0003, 0x0001, 0x0001, 0x0003, 0x0001, 0x0001, 0x0003, 
    0x0001, 0x0001, 0x0003, 0x0001, 0x0001, 0x0003, 0x0001, 0x0001, 0x0003, 0x0001, 0x0001, 0x0000, 0x0002, 0x0000, 0x0001, 0x0001, 
    0x0003, 0x0001, 0x0001, 0x0003, 0x0001, 0x0001, 0x0003, 0x0001, 0x0001, 0x0003, 0x0001, 0x0001, 0x0003, 0x0001, 0x0001, 0x0003, 
    0x0001, 0x0001, 0x0003, 0x0001, 0x0001, 0x0003, 0x0001, 0x0001, 0x0000, 0x0002, 0x0000, 0x0001, 0x0001, 0x0003, 0x0001, 0x0001, 
    0x0003, 0x0001, 0x0001, 0x0003, 0x0001, 0x0001, 0x0003, 0x0001, 0x0001, 0x0003, 0x0001, 0x0001, 0x0003, 0x0001, 0x0001, 0x0003, 
    0x0001, 0x0001, 0x0003, 0x0001, 0x0001, 0x0000, 0x0002, 0x0000, 0x0001, 0x0001, 0x0003, 0x0001, 0x0001, 0x0003, 0x0001, 0x0001, 
    0x0003, 0x0001, 0x0001, 0x0003, 0x0001, 0x0001, 0x0003, 0x0001, 0x0001, 0x0003, 0x0001, 0x0001, 0x0003, 0x0001, 0x0001, 0x0003, 
    0x0001, 0x0001, 0x0000, 0x0002, 0x0000, 0x0001, 0x0001, 0x0003, 0x0001, 0x0001, 0x0003, 0x0001, 0x0001, 0x0003, 0x0001, 0x0001, 
    0x0003, 0x0001, 0x0001, 0x0003, 0x0001, 0x0001, 0x0003, 0x0001, 0x0001, 0x0003, 0x0001, 0x0001, 0x0003, 0x0001, 0x0001, 0x0000, 
    0x0002, 0x0000, 0x0001, 0x0001, 0x0003, 0x0001, 0x0001, 0x0003, 0x0001, 0x0001, 0x0003, 0x0001, 0x0001, 0x0003, 0x0001, 0x0001, 
    0x0003, 0x0001, 0x0001, 0x0003, 0x0001, 0x0001, 0x0003, 0x0001, 0x0001, 0x0003, 0x0001, 0x0001, 0x0000, 0x0002, 0x0000, 0x0001, 
    0x0001, 0x0003, 0x0001, 0x0001, 0x0003, 0x0001, 0x0001, 0x0003, 0x0001, 0x0001, 0x0003, 0x0001, 0x0001, 0x0003, 0x0001, 0x0001, 
    0x0003, 0x0001, 0x0001, 0x0003, 0x0001, 0x0001, 0x0003, 0x0001, 0x0001, 0x0000, 0x0002, 0x0000, 0x0001, 0x0001, 0x0003, 0x0001, 
    0x0001, 0x0003, 0x0001, 0x0001, 0x0003, 0x0001, 0x0001, 0x0003, 0x0001, 0x0001, 0x0003, 0x0001, 0x0001, 0x0003, 0x0001, 0x0001, 
    0x0003, 0x0001, 0x0001, 0x0003, 0x0001, 0x0001, 0x0000, 0x0002, 0x0000, 0x0001, 0x0001, 0x0003, 0x0001, 0x0001, 0x0003, 0x0001, 
    0x0001, 0x0003, 0x0001, 0x0001, 0x0003, 0x0001, 0x0001, 0x0003, 0x0001, 0x0001, 0x0003, 0x0001, 0x0001, 0x0003, 0x0001, 0x0001, 
    0x0003, 0x0001, 0x0001, 0x0000, 0x0002, 0x0000, 0x0001, 0x0001, 0x0003, 0x0001, 0x0001, 0x0003, 0x0001, 0x0001, 0x0003, 0x0001, 
    0x0001, 0x0003, 0x0001, 0x0001, 0x0003, 0x0001, 0x0001, 0x0003, 0x0001, 0x0001, 0x0003, 0x0001, 0x0001, 0x0003, 0x0001, 0x0001, 
    0x0000, 0x0002, 0x0000, 0x0001, 0x0001, 0x0003, 0x0001, 0x0001, 0x0003, 0x0001, 0x0001, 0x0003, 0x0001, 0x0001, 0x0003, 0x0001, 
    0x0001, 0x0003, 0x0001, 0x0001, 0x0003, 0x0001, 0x0001, 0x0003, 0x0001, 0x0001, 0x0003, 0x0001, 0x0001, 0x0000, 0x0002, 0x0000, 
    0x0001, 0x0001, 0x0003, 0x0001, 0x0001, 0x0003, 0x0001, 0x0001, 0x0003, 0x0001, 0x0001, 0x0003, 0x0001, 0x0001, 0x0003, 0x0001, 
    0x0001, 0x0003, 0x0001, 0x0001, 0x0003, 0x0001, 0x0001, 0x0003, 0x0001, 0x0001, 0x0000, 0x0002, 0x0000, 0x0001, 0x0001, 0x0003, 
    0x0001, 0x0001, 0x0003, 0x0001, 0x0001, 0x0003, 0x0001, 0x0001, 0x0003, 0x0001, 0x0001, 0x0003, 0x0001, 0x0001, 0x0003, 0x0001, 
    0x0001, 0x0003, 0x0001, 0x0001, 0x0003, 0x0001, 0x0001, 0x0000, 0x0002, 0x0000, 0x0001, 0x0001, 0x0003, 0x0001, 0x0001, 0x0003, 
    0x0001, 0x0001, 0x0003, 0x0001, 0x0001, 0x0003, 0x0001, 0x0001, 0x0003, 0x0001, 0x0001, 0x0003, 0x0001, 0x0001, 0x0003, 0x0001, 
    0x0001, 0x0003, 0x0001, 0x0001, 0x0000, 0x0002, 0x0000, 0x0001, 0x0001, 0x0003, 0x0001, 0x0001, 0x0003, 0x0001, 0x0001, 0x0003, 
    0x0001, 0x0001, 0x0003, 0x0001, 0x0001, 0x0003, 0x0001, 0x0001, 0x0003, 0x0001, 0x0001, 0x0003, 0x0001, 0x0001, 0x0003, 0x0001, 
    0x0001, 0x0000, 0x0002, 0x0000, 0x0001, 0x0001, 0x0003, 0x0001, 0x0001, 0x0003, 0x0001, 0x0001, 0x0003, 0x0001, 0x0001, 0x0003, 
    0x0001, 0x0001, 0x0003, 0x0001, 0x0001, 0x0003, 0x0001, 0x0001, 0x0003, 0x0001, 0x0001, 0x0003, 0x0001, 0x0001, 0x0000, 0x0002, 
    0x0000, 0x0001, 0x0001, 0x0003, 0x0001, 0x0001, 0x0003, 0x0001, 0x0001, 0x0003, 0x0001, 0x0001, 0x0003, 0x0001, 0x0001, 0x0003, 
    0x0001, 0x0001, 0x0003, 0x0001, 0x0001, 0x0003, 0x0001, 0x0001, 0x0003, 0x0001, 0x0001, 0x0000, 0x0002, 0x0000, 0x0001, 0x0001, 
    0x0003, 0x0001, 0x0001, 0x0003, 0x0001, 0x0001, 0x0003, 0x0001, 0x0001, 0x0003, 0x0001, 0x0001, 0x0003, 0x0001, 0x0001, 0x0003, 
    0x0001, 0x0001, 0x0003, 0x0001, 0x0001, 0x0003, 0x0001, 0x0001, 0x0000, 0x0002, 0x0000, 0x0001, 0x0001, 0x0003, 0x0001, 0x0001, 
    0x0003, 0x0001, 0x0001, 0x0003, 0x0001, 0x0001, 0x0003, 0x0001, 0x0001, 0x0003, 0x0001, 0x0001, 0x0003, 0x0001, 0x0001, 0x0003, 
    0x0001, 0x0001, 0x0003, 0x0001, 0x0001, 0x0000, 0x0002, 0x0000, 0x0001, 0x0001, 0x0003, 0x0001, 0x0001, 0x0003, 0x0001, 0x0001, 
    0x0003, 0x0001, 0x0001, 0x0003, 0x0001, 0x0001, 0x0003, 0x0001, 0x0001, 0x0003, 0x0001, 0x0001, 0x0003, 0x0001, 0x0001, 0x0003, 
    0x0001, 0x0001, 0x0000, 0x0002, 0x0000, 0x0001, 0x0001, 0x0003, 0x0001, 0x0001, 0x0003, 0x0001, 0x0001, 0x0003, 0x0001, 0x0001, 
    0x0003, 0x0001, 0x0001, 0x0003, 0x0001, 0x0001, 0x0003, 0x0001, 0x0001, 0x0003, 0x0001, 0x0001, 0x0003, 0x0001, 0x0001, 0x0000, 
    0x0002, 0x0000, 0x0001, 0x0001, 0x0003, 0x0001, 0x0001, 0x0003, 0x0001, 0x0001, 0x0003, 0x0001, 0x0001, 0x0003, 0x0001, 0x0001, 
    0x0003, 0x0001, 0x0001, 0x0003, 0x0001, 0x0001, 0x0003, 0x0001, 0x0001, 0x0003, 0x0001, 0x0001, 0x0000, 0x0002, 0x0000, 0x0001, 
    0x0001, 0x0003, 0x0001, 0x0001, 0x0003, 0x0001, 0x0001, 0x0003, 0x0001, 0x0001, 0x0003, 0x0001, 0x0001, 0x0003, 0x0001, 0x0001, 
    0x0003, 0x0001, 0x0001, 0x0003, 0x0001, 0x0001, 0x0003, 0x0001, 0x0001, 0x0000, 0x0002, 0x0000, 0x0001, 0x0001, 0x0003, 0x0001, 
    0x0001, 0x0003, 0x0001, 0x0001, 0x0003, 0x0001, 0x0001, 0x0003, 0x0001, 0x0001, 0x0003, 0x0001, 0x0001, 0x0003, 0x0001, 0x0001, 
    0x0003, 0x0001, 0x0001, 0x0003, 0x0001, 0x0001, 0x0000, 0x0002, 0x0000, 0x0001, 0x0001, 0x0003, 0x0001, 0x0001, 0x0003, 0x0001, 
    0x0001, 0x0003, 0x0001, 0x0001, 0x0003, 0x0001, 0x0001, 0x0003, 0x0001, 0x0001, 0x0003, 0x0001, 0x0001, 0x0003, 0x0001, 0x0001, 
    0x0003, 0x0001, 0x0001, 0x0000, 0x0002, 0x0000, 0x0001, 0x0001, 0x0003, 0x0001, 0x0001, 0x0003, 0x0001, 0x0001, 0x0003, 0x0001, 
    0x0001, 0x0003, 0x0001, 0x0001, 0x0003, 0x0001, 0x0001, 0x0003, 0x0001, 0x0001, 0x0003, 0x0001, 0x0001, 0x0003, 0x0001, 0x0001, 
    0x0000, 0x0002, 0x0000, 0x0001, 0x0001, 0x0003, 0x0001, 0x0001, 0x0003, 0x0001, 0x0001, 0x0003, 0x0001, 0x0001, 0x0003, 0x0001, 
    0x0001, 0x0003, 0x0001, 0x0001, 0x0003, 0x0001, 0x0001, 0x0003, 0x0001, 0x0001, 0x0003, 0x0001, 0x0001, 0x0000, 0x0002, 0x0000, 
    0x0001, 0x0001, 0x0003, 0x0001, 0x0001, 0x0003, 0x0001, 0x0001, 0x0003, 0x0001, 0x0001, 0x0003, 0x0001, 0x0001, 0x0003, 0x0001, 
    0x0001, 0x0003, 0x0001, 0x0001, 0x0003, 0x0001, 0x0001, 0x0003, 0x0001, 0x0001, 0x0000, 0x0002, 0x0000, 0x0001, 0x0001, 0x0003, 
    0x0001, 0x0001, 0x0003, 0x0001, 0x0001, 0x0003, 0x0001, 0x0001, 0x0003, 0x0001, 0x0001, 0x0003, 0x0001, 0x0001, 0x0003, 0x0001, 
    0x0001, 0x0003, 0x0001, 0x0001, 0x0003, 0x0001, 0x0001, 0x0000, 0x0002, 0x0000, 0x0001, 0x0001, 0x0003, 0x0001, 0x0001, 0x0003, 
    0x0001, 0x0001, 0x0003, 0x0001, 0x0001, 0x0003, 0x0001, 0x0001, 0x0003, 0x0001, 0x0001, 0x0003, 0x0001, 0x0001, 0x0003, 0x0001, 
    0x0001, 0x0003, 0x0001, 0x0001, 0x0000, 0x0002, 0x0000, 0x0001, 0x0001, 0x0003, 0x0001, 0x0001, 0x0003, 0x0001, 0x0001, 0x0003, 
    0x0001, 0x0001, 0x0003, 0x0001, 0x0001, 0x0003, 0x0001, 0x0001, 0x0003, 0x0001, 0x0001, 0x0003, 0x0001, 0x0001, 0x0003, 0x0001, 
    0x0001, 0x0000, 0x0002, 0x0000, 0x0001, 0x0001, 0x0003, 0x0001, 0x0001, 0x0003, 0x0001, 0x0001, 0x0003, 0x0001, 0x0001, 0x0003, 
    0x0001, 0x0001, 0x0003, 0x0001, 0x0001, 0x0003, 0x0001, 0x0001, 0x0003, 0x0001, 0x0001, 0x0003, 0x0001, 0x0001, 0x0000, 0x0002, 
    0x0000, 0x0001, 0x0001, 0x0003, 0x0001, 0x0001, 0x0003, 0x0001, 0x0001, 0x0003, 0x0001, 0x0001, 0x0003, 0x0001, 0x0001, 0x0003, 
    0x0001, 0x0001, 0x0003, 0x0001, 0x0001, 0x0003, 0x0001, 0x0001, 0x0003, 0x0001, 0x0001, 0x0000, 0x0002, 0x0000, 0x0001, 0x0001, 
    0x0003, 0x0001, 0x0001, 0x0003, 0x0001, 0x0001, 0x0003, 0x0001, 0x0001, 0x0003, 0x0001, 0x0001, 0x0003, 0x0001, 0x0001, 0x0003, 
    0x0001, 0x0001, 0x0003, 0x0001, 0x0001, 0x0003, 0x0001, 0x0001, 0x0000, 0x0002, 0x0000, 0x0001, 0x0001, 0x0003, 0x0001, 0x0001, 
    0x0003, 0x0001, 0x0001, 0x0003, 0x0001, 0x0001, 0x0003, 0x0001, 0x0001, 0x0003, 0x0001, 0x0001, 0x0003, 0x0001, 0x0001, 0x0003, 
    0x0001, 0x0001, 0x0003, 0x0001, 0x0001, 0x0000, 0x0002, 0x0000, 0x0001, 0x0001, 0x0003, 0x0001, 0x0001, 0x0003, 0x0001, 0x0001, 
    0x0003, 0x0001, 0x0001, 0x0003, 0x0001, 0x0001, 0x0003, 0x0001, 0x0001, 0x0003, 0x0001, 0x0001, 0x0003, 0x0001, 0x0001, 0x0003, 
    0x0001, 0x0001, 0x0000, 0x0002, 0x0000, 0x0001, 0x0001, 0x0003, 0x0001, 0x0001, 0x0003, 0x0001, 0x0001, 0x0003, 0x0001, 0x0001, 
    0x0003, 0x0001, 0x0001, 0x0003, 0x0001, 0x0001, 0x0003, 0x0001, 0x0001, 0x0003, 0x0001, 0x0001, 0x0003, 0x0001, 0x0001, 0x0000, 
    0x0002, 0x0000, 0x0001, 0x0001, 0x0003, 0x0001, 0x0001, 0x0003, 0x0001, 0x0001, 0x0003, 0x0001, 0x0001, 0x0003, 0x0001, 0x0001, 
    0x0003, 0x0001, 0x0001, 0x0003, 0x0001, 0x0001, 0x0003, 0x0001, 0x0001, 0x0003, 0x0001, 0x0001, 0x0000, 0x0002, 0x0000, 0x0001, 
    0x0001, 0x0003, 0x0001, 0x0001, 0x0003, 0x0001, 0x0001, 0x0003, 0x0001, 0x0001, 0x0003, 0x0001, 0x0001, 0x0003, 0x0001, 0x0001, 
    0x0003, 0x0001, 0x0001, 0x0003, 0x0001, 0x0001, 0x0003, 0x0001, 0x0001, 0x0000, 0x0002, 0x0000, 0x0001, 0x0001, 0x0003, 0x0001, 
    0x0001, 0x0003, 0x0001, 0x0001, 0x0003, 0x0001, 0x0001, 0x0003, 0x0001, 0x0001, 0x0003, 0x0001, 0x0001, 0x0003, 0x0001, 0x0001, 
    0x0003, 0x0001, 0x0001, 0x0003, 0x0001, 0x0001, 0x0000, 0x0002, 0x0000, 0x0001, 0x0001, 0x0003, 0x0001, 0x0001, 0x0003, 0x0001, 
    0x0001, 0x0003, 0x0001, 0x0001, 0x0003, 0x0001, 0x0001, 0x0003, 0x0001, 0x0001, 0x0003, 0x0001, 0x0001, 0x0003, 0x0001, 0x0001, 
    0x0003, 0x0001, 0x0001, 0x0000, 0x0002, 0x0000, 0x0001, 0x0001, 0x0003, 0x0001, 0x0001, 0x0003, 0x0001, 0x0001, 0x0003, 0x0001, 
    0x0001, 0x0003, 0x0001, 0x0001, 0x0003, 0x0001, 0x0001, 0x0003, 0x0001, 0x0001, 0x0003, 0x0001, 0x0001, 0x0003, 0x0001, 0x0001, 
    0x0000, 0x0002, 0x0000, 0x0001, 0x0001, 0x0003, 0x0001, 0x0001, 0x0003, 0x0001, 0x0001, 0x0003, 0x0001, 0x0001, 0x0003, 0x0001, 
    0x0001, 0x0003, 0x0001, 0x0001, 0x0003, 0x0001, 0x0001, 0x0003, 0x0001, 0x0001, 0x0003, 0x0001, 0x0001, 0x0000, 0x0002, 0x0000, 
    0x0001, 0x0001, 0x0003, 0x0001, 0x0001, 0x0003, 0x0001, 0x0001, 0x0003, 0x0001, 0x0001, 0x0003, 0x0001, 0x0001, 0x0003, 0x0001, 
    0x0001, 0x0003, 0x0001, 0x0001, 0x0003, 0x0001, 0x0001, 0x0003, 0x0001, 0x0001, 0x0000, 0x0002, 0x0000, 0x0001, 0x0001, 0x0003, 
    0x0001, 0x0001, 0x0003, 0x0001, 0x0001, 0x0003, 0x0001, 0x0001, 0x0003, 0x0001, 0x0001, 0x0003, 0x0001, 0x0001, 0x0003, 0x0001, 
    0x0001, 0x0003, 0x0001, 0x0001, 0x0003, 0x0001, 0x0001, 0x0000, 0x0002, 0x0000, 0x0001, 0x0001, 0x0003, 0x0001, 0x0001, 0x0003, 
    0x0001, 0x0001, 0x0003, 0x0001, 0x0001, 0x0003, 0x0001, 0x0001, 0x0003, 0x0001, 0x0001, 0x0003, 0x0001, 0x0001, 0x0003, 0x0001, 
    0x0001, 0x0003, 0x0001, 0x0001, 0x0000, 0x0002, 0x0000, 0x0001, 0x0001, 0x0003, 0x0001, 0x0001, 0x0003, 0x0001, 0x0001, 0x0003, 
    0x0001, 0x0001, 0x0003, 0x0001, 0x0001, 0x0003, 0x0001, 0x0001, 0x0003, 0x0001, 0x0001, 0x0003, 0x0001, 0x0001, 0x0003, 0x0001, 
    0x0001, 0x0000, 0x0002, 0x0000, 0x0001, 0x0001, 0x0003, 0x0001, 0x0001, 0x0003, 0x0001, 0x0001, 0x0003, 0x0001, 0x0001, 0x0003, 
    0x0001, 0x0001, 0x0003, 0x0001, 0x0001, 0x0003, 0x0001, 0x0001, 0x0003, 0x0001, 0x0001, 0x0003, 0x0001, 0x0001, 0x0000, 0x0002, 
    0x0000, 0x0001, 0x0001, 0x0003, 0x0001, 0x0001, 0x0003, 0x0001, 0x0001, 0x0003, 0x0001, 0x0001, 0x0003, 0x0001, 0x0001, 0x0003, 
    0x0001, 0x0001, 0x0003, 0x0001, 0x0001, 0x0003, 0x0001, 0x0001, 0x0003, 0x0001, 0x0001, 0x0000, 0x0002, 0x0000, 0x0001, 0x0001, 
    0x0003, 0x0001, 0x0001, 0x0003, 0x0001, 0x0001, 0x0003, 0x0001, 0x0001, 0x0003, 0x0001, 0x0001, 0x0003, 0x0001, 0x0001, 0x0003, 
    0x0001, 0x0001, 0x0003, 0x0001, 0x0001, 0x0003, 0x0001, 0x0001, 0x0000, 0x0002, 0x0000, 0x0001, 0x0001, 0x0003, 0x0001, 0x0001, 
    0x0003, 0x0001, 0x0001, 0x0003, 0x0001, 0x0001, 0x0003, 0x0001, 0x0001, 0x0003, 0x0001, 0x0001, 0x0003, 0x0001, 0x0001, 0x0003, 
    0x0001, 0x0001, 0x0003, 0x0001, 0x0001, 0x0000, 0x0002, 0x0000, 0x0001, 0x0001, 0x0003, 0x0001, 0x0001, 0x0003, 0x0001, 0x0001, 
    0x0003, 0x0001, 0x0001, 0x0003, 0x0001, 0x0001, 0x0003, 0x0001, 0x0001, 0x0003, 0x0001, 0x0001, 0x0003, 0x0001, 0x0001, 0x0003, 
    0x0001, 0x0001, 0x0000, 0x0002, 0x0000, 0x0001, 0x0001, 0x0003, 0x0001, 0x0001, 0x0003, 0x0001, 0x0001, 0x0003, 0x0001, 0x0001, 
    0x0003, 0x0001, 0x0001, 0x0003, 0x0001, 0x0001, 0x0003, 0x0001, 0x0001, 0x0003, 0x0001, 0x0001, 0x0003, 0x0001, 0x0001, 0x0000, 
    0x0002, 0x0000, 0x0001, 0x0001, 0x0003, 0x0001, 0x0001, 0x0003, 0x0001, 0x0001, 0x0003, 0x0001, 0x0001, 0x0003, 0x0001, 0x0001, 
    0x0003, 0x0001, 0x0001, 0x0003, 0x0001, 0x0001, 0x0003, 0x0001, 0x0001, 0x0003, 0x0001, 0x0001, 0x0000, 0x0002, 0x0000, 0x0001, 
    0x0001, 0x0003, 0x0001, 0x0001, 0x0003, 0x0001, 0x0001, 0x0003, 0x0001, 0x0001, 0x0003, 0x0001, 0x0001, 0x0003, 0x0001, 0x0001, 
    0x0003, 0x0001, 0x0001, 0x0003, 0x0001, 0x0001, 0x0003, 0x0001, 0x0001, 0x0000, 0x0002, 0x0000, 0x0001, 0x0001, 0x0003, 0x0001, 
    0x0001, 0x0003, 0x0001, 0x0001, 0x0003, 0x0001, 0x0001, 0x0003, 0x0001, 0x0001, 0x0003, 0x0001, 0x0001, 0x0003, 0x0001, 0x0001, 
    0x0003, 0x0001, 0x0001, 0x0003, 0x0001, 0x0001, 0x0000, 0x0002, 0x0000, 0x0001, 0x0001, 0x0003, 0x0001, 0x0001, 0x0003, 0x0001, 
    0x0001, 0x0003, 0x0001, 0x0001, 0x0003, 0x0001, 0x0001, 0x0003, 0x0001, 0x0001, 0x0003, 0x0001, 0x0001, 0x0003, 0x0001, 0x0001, 
    0x0003, 0x0001, 0x0001, 0x0000, 0x0002, 0x0000, 0x0001, 0x0001, 0x0003, 0x0001, 0x0001, 0x0003, 0x0001, 0x0001, 0x0003, 0x0001, 
    0x0001, 0x0003, 0x0001, 0x0001, 0x0003, 0x0001, 0x0001, 0x0003, 0x0001, 0x0001, 0x0003, 0x0001, 0x0001, 0x0003, 0x0001, 0x0001, 
    0x0000, 0x0002, 0x0000, 0x0001, 0x0001, 0x0003, 0x0001, 0x0001, 0x0003, 0x0001, 0x0001, 0x0003, 0x0001, 0x0001, 0x0003, 0x0001, 
    0x0001, 0x0003, 0x0001, 0x0001, 0x0003, 0x0001, 0x0001, 0x0003, 0x0001, 0x0001, 0x0003, 0x0001, 0x0001, 0x0000, 0x0002, 0x0000, 
    0x0001, 0x0001, 0x0003, 0x0001, 0x0001, 0x0003, 0x0001, 0x0001, 0x0003, 0x0001, 0x0001, 0x0003, 0x0001, 0x0001, 0x0003, 0x0001, 
    0x0001, 0x0003, 0x0001, 0x0001, 0x0003, 0x0001, 0x0001, 0x0003, 0x0001, 0x0001, 0x0000, 0x0002, 0x0000, 0x0001, 0x0001, 0x0003, 
    0x0001, 0x0001, 0x0003, 0x0001, 0x0001, 0x0003, 0x0001, 0x0001, 0x0003, 0x0001, 0x0001, 0x0003, 0x0001, 0x0001, 0x0003, 0x0001, 
    0x0001, 0x0003, 0x0001, 0x0001, 0x0003, 0x0001, 0x0001, 0x0000, 0x0002, 0x0000, 0x0001, 0x0001, 0x0003, 0x0001, 0x0001, 0x0003, 
    0x0001, 0x0001, 0x0003, 0x0001, 0x0001, 0x0003, 0x0001, 0x0001, 0x0003, 0x0001, 0x0001, 0x0003, 0x0001, 0x0001, 0x0003, 0x0001, 
    0x0001, 0x0003, 0x0001, 0x0001, 0x0000, 0x0002, 0x0000, 0x0001, 0x0001, 0x0003, 0x0001, 0x0001, 0x0003, 0x0001, 0x0001, 0x0003, 
    0x0001, 0x0001, 0x0003, 0x0001, 0x0001, 0x0003, 0x0001, 0x0001, 0x0003, 0x0001, 0x0001, 0x0003, 0x0001, 0x0001, 0x0003, 0x0001, 
    0x0001, 0x0000, 0x0002, 0x0000, 0x0001, 0x0001, 0x0003, 0x0001, 0x0001, 0x0003, 0x0001, 0x0001, 0x0003, 0x0001, 0x0001, 0x0003, 
    0x0001, 0x0001, 0x0003, 0x0001, 0x0001, 0x0003, 0x0001, 0x0001, 0x0003, 0x0001, 0x0001, 0x0003, 0x0001, 0x0001, 0x0000, 0x0002, 
    0x0000, 0x0001, 0x0001, 0x0003, 0x0001, 0x0001, 0x0003, 0x0001, 0x0001, 0x0003, 0x0001, 0x0001, 0x0003, 0x0001, 0x0001, 0x0003, 
    0x0001, 0x0001, 0x0003, 0x0001, 0x0001, 0x0003, 0x0001, 0x0001, 0x0003, 0x0001, 0x0001, 0x0000, 0x0002, 0x0000, 0x0001, 0x0001, 
    0x0003, 0x0001, 0x0001, 0x0003, 0x0001, 0x0001, 0x0003, 0x0001, 0x0001, 0x0003, 0x0001, 0x0001, 0x0003, 0x0001, 0x0001, 0x0003, 
    0x0001, 0x0001, 0x0003, 0x0001, 0x0001, 0x0003, 0x0001, 0x0001, 0x0000, 0x0002, 0x0000, 0x0001, 0x0001, 0x0003, 0x0001, 0x0001, 
    0x0003, 0x0001, 0x0001, 0x0003, 0x0001, 0x0001, 0x0003, 0x0001, 0x0001, 0x0003, 0x0001, 0x0001, 0x0003, 0x0001, 0x0001, 0x0003, 
    0x0001, 0x0001, 0x0003, 0x0001, 0x0001, 0x0000, 0x0002, 0x0000, 0x0001, 0x0001, 0x0003, 0x0001, 0x0001, 0x0003, 0x0001, 0x0001, 
    0x0003, 0x0001, 0x0001, 0x0003, 0x0001, 0x0001, 0x0003, 0x0001, 0x0001, 0x0003, 0x0001, 0x0001, 0x0003, 0x0001, 0x0001, 0x0003, 
    0x0001, 0x0001, 0x0000, 0x0002, 0x0000, 0x0001, 0x0001, 0x0003, 0x0001, 0x0001, 0x0003, 0x0001, 0x0001, 0x0003, 0x0001, 0x0001, 
    0x0003, 0x0001, 0x0001, 0x0003, 0x0001, 0x0001, 0x0003, 0x0001, 0x0001, 0x0003, 0x0001, 0x0001, 0x0003, 0x0001, 0x0001, 0x0000, 
    0x0002, 0x0000, 0x0001, 0x0001, 0x0003, 0x0001, 0x0001, 0x0003, 0x0001, 0x0001, 0x0003, 0x0001, 0x0001, 0x0003, 0x0001, 0x0001, 
    0x0003, 0x0001, 0x0001, 0x0003, 0x0001, 0x0001, 0x0003, 0x0001, 0x0001, 0x0003, 0x0001, 0x0001, 0x0000, 0x0002, 0x0000, 0x0001, 
    0x0001, 0x0003, 0x0001, 0x0001, 0x0003, 0x0001, 0x0001, 0x0003, 0x0001, 0x0001, 0x0003, 0x0001, 0x0001, 0x0003, 0x0001, 0x0001, 
    0x0003, 0x0001, 0x0001, 0x0003, 0x0001, 0x0001, 0x0003, 0x0001, 0x0001, 0x0000, 0x0002, 0x0000, 0x0001, 0x0001, 0x0003, 0x0001, 
    0x0001, 0x0003, 0x0001, 0x0001, 0x0003, 0x0001, 0x0001, 0x0003, 0x0001, 0x0001, 0x0003, 0x0001, 0x0001, 0x0003, 0x0001, 0x0001, 
    0x0003, 0x0001, 0x0001, 0x0003, 0x0001, 0x0001, 0x0000, 0x0002, 0x0000, 0x0001, 0x0001, 0x0003, 0x0001, 0x0001, 0x0003, 0x0001, 
    0x0001, 0x0003, 0x0001, 0x0001, 0x0003, 0x0001, 0x0001, 0x0003, 0x0001, 0x0001, 0x0003, 0x0001, 0x0001, 0x0003, 0x0001, 0x0001, 
    0x0003, 0x0001, 0x0001, 0x0000, 0x0002, 0x0000, 0x0001, 0x0001, 0x0003, 0x0001, 0x0001, 0x0003, 0x0001, 0x0001, 0x0003, 0x0001, 
    0x0001, 0x0003, 0x0001, 0x0001, 0x0003, 0x0001, 0x0001, 0x0003, 0x0001, 0x0001, 0x0003, 0x0001, 0x0001, 0x0003, 0x0001, 0x0001, 
    0x0000, 0x0002, 0x0000, 0x0001, 0x0001, 0x0003, 0x0001, 0x0001, 0x0003, 0x0001, 0x0001, 0x0003, 0x0001, 0x0001, 0x0003, 0x0001, 
    0x0001, 0x0003, 0x0001, 0x0001, 0x0003, 0x0001, 0x0001, 0x0003, 0x0001, 0x0001, 0x0003, 0x0001, 0x0001, 0x0000, 0x0002, 0x0000, 
    0x0001, 0x0001, 0x0003, 0x0001, 0x0001, 0x0003, 0x0001, 0x0001, 0x0003, 0x0001, 0x0001, 0x0003, 0x0001, 0x0001, 0x0003, 0x0001, 
    0x0001, 0x0003, 0x0001, 0x0001, 0x0003, 0x0001, 0x0001, 0x0003, 0x0001, 0x0001, 0x0000, 0x0002, 0x0000, 0x0001, 0x0001, 0x0003, 
    0x0001, 0x0001, 0x0003, 0x0001, 0x0001, 0x0003, 0x0001, 0x0001, 0x0003, 0x0001, 0x0001, 0x0003, 0x0001, 0x0001, 0x0003, 0x0001, 
    0x0001, 0x0003, 0x0001, 0x0001, 0x0003, 0x0001, 0x0001, 0x0000, 0x0002, 0x0000, 0x0001, 0x0001, 0x0003, 0x0001, 0x0001, 0x0003, 
    0x0001, 0x0001, 0x0003, 0x0001, 0x0001, 0x0003, 0x0001, 0x0001, 0x0003, 0x0001, 0x0001, 0x0003, 0x0001, 0x0001, 0x0003, 0x0001, 
    0x0001, 0x0003, 0x0001, 0x0001, 0x0000, 0x0002, 0x0000, 0x0001, 0x0001, 0x0003, 0x0001, 0x0001, 0x0003, 0x0001, 0x0001, 0x0003, 
    0x0001, 0x0001, 0x0003, 0x0001, 0x0001, 0x0003, 0x0001, 0x0001, 0x0003, 0x0001, 0x0001, 0x0003, 0x0001, 0x0001, 0x0003, 0x0001, 
    0x0001, 0x0000, 0x0002, 0x0000, 0x0001, 0x0001, 0x0003, 0x0001, 0x0001, 0x0003, 0x0001, 0x0001, 0x0003, 0x0001, 0x0001, 0x0003, 
    0x0001, 0x0001, 0x0003, 0x0001, 0x0001, 0x0003, 0x0001, 0x0001, 0x0003, 0x0001, 0x0001, 0x0003, 0x0001, 0x0001, 0x0000, 0x0002, 
    0x0000, 0x0001, 0x0001, 0x0003, 0x0001, 0x0001, 0x0003, 0x0001, 0x0001, 0x0003, 0x0001, 0x0001, 0x0003, 0x0001, 0x0001, 0x0003, 
    0x0001, 0x0001, 0x0003, 0x0001, 0x0001, 0x0003, 0x0001, 0x0001, 0x0003, 0x0001, 0x0001, 0x0000, 0x0002, 0x0000, 0x0001, 0x0001, 
    0x0003, 0x0001, 0x0001, 0x0003, 0x0001, 0x0001, 0x0003, 0x0001, 0x0001, 0x0003, 0x0001, 0x0001, 0x0003, 0x0001, 0x0001, 0x0003, 
    0x0001, 0x0001, 0x0003, 0x0001, 0x0001, 0x0003, 0x0001, 0x0001, 0x0000, 0x0002, 0x0000, 0x0001, 0x0001, 0x0003, 0x0001, 0x0001, 
    0x0003, 0x0001, 0x0001, 0x0003, 0x0001, 0x0001, 0x0003, 0x0001, 0x0001, 0x0003, 0x0001, 0x0001, 0x0003, 0x0001, 0x0001, 0x0003, 
    0x0001, 0x0001, 0x0003, 0x0001, 0x0001, 0x0000, 0x0002, 0x0000, 0x0001, 0x0001, 0x0003, 0x0001, 0x0001, 0x0003, 0x0001, 0x0001, 
    0x0003, 0x0001, 0x0001, 0x0003, 0x0001, 0x0001, 0x0003, 0x0001, 0x0001, 0x0003, 0x0001, 0x0001, 0x0003, 0x0001, 0x0001, 0x0003, 
    0x0001, 0x0001, 0x0000, 0x0002, 0x0000, 0x0001, 0x0001, 0x0003, 0x0001, 0x0001, 0x0003, 0x0001, 0x0001, 0x0003, 0x0001, 0x0001, 
    0x0003, 0x0001, 0x0001, 0x0003, 0x0001, 0x0001, 0x0003, 0x0001, 0x0001, 0x0003, 0x0001, 0x0001, 0x0003, 0x0001, 0x0001, 0x0000, 
    0x0002, 0x0000, 0x0001, 0x0001, 0x0003, 0x0001, 0x0001, 0x0003, 0x0001, 0x0001, 0x0003, 0x0001, 0x0001, 0x0003, 0x0001, 0x0001, 
    0x0003, 0x0001, 0x0001, 0x0003, 0x0001, 0x0001, 0x0003, 0x0001, 0x0001, 0x0003, 0x0001, 0x0001, 0x0000, 0x0002, 0x0000, 0x0001, 
    0x0001, 0x0003, 0x0001, 0x0001, 0x0003, 0x0001, 0x0001, 0x0003, 0x0001, 0x0001, 0x0003, 0x0001, 0x0001, 0x0003, 0x0001, 0x0001, 
    0x0003, 0x0001, 0x0001, 0x0003, 0x0001, 0x0001, 0x0003, 0x0001, 0x0001, 0x0000, 0x0002, 0x0000, 0x0001, 0x0001, 0x0003, 0x0001, 
    0x0001, 0x0003, 0x0001, 0x0001, 0x0003, 0x0001, 0x0001, 0x0003, 0x0001, 0x0001, 0x0003, 0x0001, 0x0001, 0x0003, 0x0001, 0x0001, 
    0x0003, 0x0001, 0x0001, 0x0003, 0x0001, 0x0001, 0x0000, 0x0002, 0x0000, 0x0001, 0x0001, 0x0003, 0x0001, 0x0001, 0x0003, 0x0001, 
    0x0001, 0x0003, 0x0001, 0x0001, 0x0003, 0x0001, 0x0001, 0x0003, 0x0001, 0x0001, 0x0003, 0x0001, 0x0001, 0x0003, 0x0001, 0x0001, 
    0x0003, 0x0001, 0x0001, 0x0000, 0x0002, 0x0000, 0x0001, 0x0001, 0x0003, 0x0001, 0x0001, 0x0003, 0x0001, 0x0001, 0x0003, 0x0001, 
    0x0001, 0x0003, 0x0001, 0x0001, 0x0003, 0x0001, 0x0001, 0x0003, 0x0001, 0x0001, 0x0003, 0x0001, 0x0001, 0x0003, 0x0001, 0x0001, 
    0x0000, 0x0002, 0x0000, 0x0001, 0x0001, 0x0003, 0x0001, 0x0001, 0x0003, 0x0001, 0x0001, 0x0003, 0x0001, 0x0001, 0x0003, 0x0001, 
    0x0001, 0x0003, 0x0001, 0x0001, 0x0003, 0x0001, 0x0001, 0x0003, 0x0001, 0x0001, 0x0003, 0x0001, 0x0001, 0x0000, 0x0002, 0x0000, 
    0x0001, 0x0001, 0x0003, 0x0001, 0x0001, 0x0003, 0x0001, 0x0001, 0x0003, 0x0001, 0x0001, 0x0003, 0x0001, 0x0001, 0x0003, 0x0001, 
    0x0001, 0x0003, 0x0001, 0x0001, 0x0003, 0x0001, 0x0001, 0x0003, 0x0001, 0x0001, 0x0000, 0x0002, 0x0000, 0x0001, 0x0001, 0x0003, 
    0x0001, 0x0001, 0x0003, 0x0001, 0x0001, 0x0003, 0x0001, 0x0001, 0x0003, 0x0001, 0x0001, 0x0003, 0x0001, 0x0001, 0x0003, 0x0001, 
    0x0001, 0x0003, 0x0001, 0x0001, 0x0003, 0x0001, 0x0001, 0x0000, 0x0002, 0x0000, 0x0001, 0x0001, 0x0003, 0x0001, 0x0001, 0x0003, 
    0x0001, 0x0001, 0x0003, 0x0001, 0x0001, 0x0003, 0x0001, 0x0001, 0x0003, 0x0001, 0x0001, 0x0003, 0x0001, 0x0001, 0x0003, 0x0001, 
    0x0001, 0x0003, 0x0001, 0x0001, 0x0000, 0x0002, 0x0000, 0x0001, 0x0001, 0x0003, 0x0001, 0x0001, 0x0003, 0x0001, 0x0001, 0x0003, 
    0x0001, 0x0001, 0x0003, 0x0001, 0x0001, 0x0003, 0x0001, 0x0001, 0x0003, 0x0001, 0x0001, 0x0003, 0x0001, 0x0001, 0x0003, 0x0001, 
    0x0001, 0x0000, 0x0002, 0x0000, 0x0001, 0x0001, 0x0003, 0x0001, 0x0001, 0x0003, 0x0001, 0x0001, 0x0003, 0x0001, 0x0001, 0x0003, 
    0x0001, 0x0001, 0x0003, 0x0001, 0x0001, 0x0003, 0x0001, 0x0001, 0x0003, 0x0001, 0x0001, 0x0003, 0x0001, 0x0001, 0x0000, 0x0002, 
    0x0000, 0x0001, 0x0001, 0x0003, 0x0001, 0x0001, 0x0003, 0x0001, 0x0001, 0x0003, 0x0001, 0x0001, 0x0003, 0x0001, 0x0001, 0x0003, 
    0x0001, 0x0001, 0x0003, 0x0001, 0x0001, 0x0003, 0x0001, 0x0001, 0x0003, 0x0001, 0x0001, 0x0000, 0x0002, 0x0000, 0x0001, 0x0001, 
    0x0003, 0x0001, 0x0001, 0x0003, 0x0001, 0x0001, 0x0003, 0x0001, 0x0001, 0x0003, 0x0001, 0x0001, 0x0003, 0x0001, 0x0001, 0x0003, 
    0x0001, 0x0001, 0x0003, 0x0001, 0x0001, 0x0003, 0x0001, 0x0001, 0x0000, 0x0002, 0x0000, 0x0001, 0x0001, 0x0003, 0x0001, 0x0001, 
    0x0003, 0x0001, 0x0001, 0x0003, 0x0001, 0x0001, 0x0003, 0x0001, 0x0001, 0x0003, 0x0001, 0x0001, 0x0003, 0x0001, 0x0001, 0x0003, 
    0x0001, 0x0001, 0x0003, 0x0001, 0x0001, 0x0000, 0x0002, 0x0000, 0x0001, 0x0001, 0x0003, 0x0001, 0x0001, 0x0003, 0x0001, 0x0001, 
    0x0003, 0x0001, 0x0001, 0x0003, 0x0001, 0x0001, 0x0003, 0x0001, 0x0001, 0x0003, 0x0001, 0x0001, 0x0003, 0x0001, 0x0001, 0x0003, 
    0x0001, 0x0001, 0x0000, 0x0002, 0x0000, 0x0001, 0x0001, 0x0003, 0x0001, 0x0001, 0x0003, 0x0001, 0x0001, 0x0003, 0x0001, 0x0001, 
    0x0003, 0x0001, 0x0001, 0x0003, 0x0001, 0x0001, 0x0003, 0x0001, 0x0001, 0x0003, 0x0001, 0x0001, 0x0003, 0x0001, 0x0001, 0x0000, 
    0x0002, 0x0000, 0x0001, 0x0001, 0x0003, 0x0001, 0x0001, 0x0003, 0x0001, 0x0001, 0x0003, 0x0001, 0x0001, 0x0003, 0x0001, 0x0001, 
    0x0003, 0x0001, 0x0001, 0x0003, 0x0001, 0x0001, 0x0003, 0x0001, 0x0001, 0x0003, 0x0001, 0x0001, 0x0000, 0x0002, 0x0000, 0x0001, 
    0x0001, 0x0003, 0x0001, 0x0001, 0x0003, 0x0001, 0x0001, 0x0003, 0x0001, 0x0001, 0x0003, 0x0001, 0x0001, 0x0003, 0x0001, 0x0001, 
    0x0003, 0x0001, 0x0001, 0x0003, 0x0001, 0x0001, 0x0003, 0x0001, 0x0001, 0x0000, 0x0002, 0x0000, 0x0001, 0x0001, 0x0003, 0x0001, 
    0x0001, 0x0003, 0x0001, 0x0001, 0x0003, 0x0001, 0x0001, 0x0003, 0x0001, 0x0001, 0x0003, 0x0001, 0x0001, 0x0003, 0x0001, 0x0001, 
    0x0003, 0x0001, 0x0001, 0x0003, 0x0001, 0x0001, 0x0000, 0x0002, 0x0000, 0x0001, 0x0001, 0x0003, 0x0001, 0x0001, 0x0003, 0x0001, 
    0x0001, 0x0003, 0x0001, 0x0001, 0x0003, 0x0001, 0x0001, 0x0003, 0x0001, 0x0001, 0x0003, 0x0001, 0x0001, 0x0003, 0x0001, 0x0001, 
    0x0003, 0x0001, 0x0001, 0x0000, 0x0002, 0x0000, 0x0001, 0x0001, 0x0003, 0x0001, 0x0001, 0x0003, 0x0001, 0x0001, 0x0003, 0x0001, 
    0x0001, 0x0003, 0x0001, 0x0001, 0x0003, 0x0001, 0x0001, 0x0003, 0x0001, 0x0001, 0x0003, 0x0001, 0x0001, 0x0003, 0x0001, 0x0001, 
    0x0000, 0x0002, 0x0000, 0x0001, 0x0001, 0x0003, 0x0001, 0x0001, 0x0003, 0x0001, 0x0001, 0x0003, 0x0001, 0x0001, 0x0003, 0x0001, 
    0x0001, 0x0003, 0x0001, 0x0001, 0x0003, 0x0001, 0x0001, 0x0003, 0x0001, 0x0001, 0x0003, 0x0001, 0x0001, 0x0000, 0x0002, 0x0000, 
    0x0001, 0x0001, 0x0003, 0x0001, 0x0001, 0x0003, 0x0001, 0x0001, 0x0003, 0x0001, 0x0001, 0x0003, 0x0001, 0x0001, 0x0003, 0x0001, 
    0x0001, 0x0003, 0x0001, 0x0001, 0x0003, 0x0001, 0x0001, 0x0003, 0x0001, 0x0001, 0x0000, 0x0002, 0x0000, 0x0001, 0x0001, 0x0003, 
    0x0001, 0x0001, 0x0003, 0x0001, 0x0001, 0x0003, 0x0001, 0x0001, 0x0003, 0x0001, 0x0001, 0x0003, 0x0001, 0x0001, 0x0003, 0x0001, 
    0x0001, 0x0003, 0x0001, 0x0001, 0x0003, 0x0001, 0x0001, 0x0000, 0x0002, 0x0000, 0x0001, 0x0001, 0x0003, 0x0001, 0x0001, 0x0003, 
    0x0001, 0x0001, 0x0003, 0x0001, 0x0001, 0x0003, 0x0001, 0x0001, 0x0003, 0x0001, 0x0001, 0x0003, 0x0001, 0x0001, 0x0003, 0x0001, 
    0x0001, 0x0003, 0x0001, 0x0001, 0x0000, 0x0002, 0x0000, 0x0001, 0x0001, 0x0003, 0x0001, 0x0001, 0x0003, 0x0001, 0x0001, 0x0003, 
    0x0001, 0x0001, 0x0003, 0x0001, 0x0001, 0x0003, 0x0001, 0x0001, 0x0003, 0x0001, 0x0001, 0x0003, 0x0001, 0x0001, 0x0003, 0x0001, 
    0x0001, 0x0000, 0x0002, 0x0000, 0x0001, 0x0001, 0x0003, 0x0001, 0x0001, 0x0003, 0x0001, 0x0001, 0x0003, 0x0001, 0x0001, 0x0003, 
    0x0001, 0x0001, 0x0003, 0x0001, 0x0001, 0x0003, 0x0001, 0x0001, 0x0003, 0x0001, 0x0001, 0x0003, 0x0001, 0x0001, 0x0000, 0x0002, 
    0x0000, 0x0001, 0x0001, 0x0003, 0x0001, 0x0001, 0x0003, 0x0001, 0x0001, 0x0003, 0x0001, 0x0001, 0x0003, 0x0001, 0x0001, 0x0003, 
    0x0001, 0x0001, 0x0003, 0x0001, 0x0001, 0x0003, 0x0001, 0x0001, 0x0003, 0x0001, 0x0001, 0x0000, 0x0002, 0x0000, 0x0001, 0x0001, 
    0x0003, 0x0001, 0x0001, 0x0003, 0x0001, 0x0001, 0x0003, 0x0001, 0x0001, 0x0003, 0x0001, 0x0001, 0x0003, 0x0001, 0x0001, 0x0003, 
    0x0001, 0x0001, 0x0003, 0x0001, 0x0001, 0x0003, 0x0001, 0x0001, 0x0000, 0x0002, 0x0000, 0x0001, 0x0001, 0x0003, 0x0001, 0x0001, 
    0x0003, 0x0001, 0x0001, 0x0003, 0x0001, 0x0001, 0x0003, 0x0001, 0x0001, 0x0003, 0x0001, 0x0001, 0x0003, 0x0001, 0x0001, 0x0003, 
    0x0001, 0x0001, 0x0003, 0x0001, 0x0001, 0x0000, 0x0002, 0x0000, 0x0001, 0x0001, 0x0003, 0x0001, 0x0001, 0x0003, 0x0001, 0x0001, 
    0x0003, 0x0001, 0x0001, 0x0003, 0x0001, 0x0001, 0x0003, 0x0001, 0x0001, 0x0003, 0x0001, 0x0001, 0x0003, 0x0001, 0x0001, 0x0003, 
    0x0001, 0x0001, 0x0000, 0x0002, 0x0000, 0x0001, 0x0001, 0x0003, 0x0001, 0x0001, 0x0003, 0x0001, 0x0001, 0x0003, 0x0001, 0x0001, 
    0x0003, 0x0001, 0x0001, 0x0003, 0x0001, 0x0001, 0x0003, 0x0001, 0x0001, 0x0003, 0x0001, 0x0001, 0x0003, 0x0001, 0x0001, 0x0000, 
    0x0002, 0x0000, 0x0001, 0x0001, 0x0003, 0x0001, 0x0001, 0x0003, 0x0001, 0x0001, 0x0003, 0x0001, 0x0001, 0x0003, 0x0001, 0x0001, 
    0x0003, 0x0001, 0x0001, 0x0003, 0x0001, 0x0001, 0x0003, 0x0001, 0x0001, 0x0003, 0x0001, 0x0001, 0x0000, 0x0002, 0x0000, 0x0001, 
    0x0001, 0x0003, 0x0001, 0x0001, 0x0003, 0x0001, 0x0001, 0x0003, 0x0001, 0x0001, 0x0003, 0x0001, 0x0001, 0x0003, 0x0001, 0x0001, 
    0x0003, 0x0001, 0x0001, 0x0003, 0x0001, 0x0001, 0x0003, 0x0001, 0x0001, 0x0000, 0x0002, 0x0000, 0x0001, 0x0001, 0x0003, 0x0001, 
    0x0001, 0x0003, 0x0001, 0x0001, 0x0003, 0x0001, 0x0001, 0x0003, 0x0001, 0x0001, 0x0003, 0x0001, 0x0001, 0x0003, 0x0001, 0x0001, 
    0x0003, 0x0001, 0x0001, 0x0003, 0x0001, 0x0001, 0x0000, 0x0002, 0x0000, 0x0001, 0x0001, 0x0003, 0x0001, 0x0001, 0x0003, 0x0001, 
    0x0001, 0x0003, 0x0001, 0x0001, 0x0003, 0x0001, 0x0001, 0x0003, 0x0001, 0x0001, 0x0003, 0x0001, 0x0001, 0x0003, 0x0001, 0x0001, 
    0x0003, 0x0001, 0x0001, 0x0000, 0x0002, 0x0000, 0x0001, 0x0001, 0x0003, 0x0001, 0x0001, 0x0003, 0x0001, 0x0001, 0x0003, 0x0001, 
    0x0001, 0x0003, 0x0001, 0x0001, 0x0003, 0x0001, 0x0001, 0x0003, 0x0001, 0x0001, 0x0003, 0x0001, 0x0001, 0x0003, 0x0001, 0x0001, 
    0x0000, 0x0002, 0x0000, 0x0001, 0x0001, 0x0003, 0x0001, 0x0001, 0x0003, 0x0001, 0x0001, 0x0003, 0x0001, 0x0001, 0x0003, 0x0001, 
    0x0001, 0x0003, 0x0001, 0x0001, 0x0003, 0x0001, 0x0001, 0x0003, 0x0001, 0x0001, 0x0003, 0x0001, 0x0001, 0x0000, 0x0002, 0x0000, 
    0x0001, 0x0001, 0x0003, 0x0001, 0x0001, 0x0003, 0x0001, 0x0001, 0x0003, 0x0001, 0x0001, 0x0003, 0x0001, 0x0001, 0x0003, 0x0001, 
    0x0001, 0x0003, 0x0001, 0x0001, 0x0003, 0x0001, 0x0001, 0x0003, 0x0001, 0x0001, 0x0000, 0x0002, 0x0000, 0x0001, 0x0001, 0x0003, 
    0x0001, 0x0001, 0x0003, 0x0001, 0x0001, 0x0003, 0x0001, 0x0001, 0x0003, 0x0001, 0x0001, 0x0003, 0x0001, 0x0001, 0x0003, 0x0001, 
    0x0001, 0x0003, 0x0001, 0x0001, 0x0003, 0x0001, 0x0001, 0x0000, 0x0002, 0x0000, 0x0001, 0x0001, 0x0003, 0x0001, 0x0001, 0x0003, 
    0x0001, 0x0001, 0x0003, 0x0001, 0x0001, 0x0003, 0x0001, 0x0001, 0x0003, 0x0001, 0x0001, 0x0003, 0x0001, 0x0001, 0x0003, 0x0001, 
    0x0001, 0x0003, 0x0001, 0x0001, 0x0000, 0x0002, 0x0000, 0x0001, 0x0001, 0x0003, 0x0001, 0x0001, 0x0003, 0x0001, 0x0001, 0x0003, 
    0x0001, 0x0001, 0x0003, 0x0001, 0x0001, 0x0003, 0x0001, 0x0001, 0x0003, 0x0001, 0x0001, 0x0003, 0x0001, 0x0001, 0x0003, 0x0001, 
    0x0001, 0x0000, 0x0002, 0x0000, 0x0001, 0x0001, 0x0003, 0x0001, 0x0001, 0x0003, 0x0001, 0x0001, 0x0003, 0x0001, 0x0001, 0x0003, 
    0x0001, 0x0001, 0x0003, 0x0001, 0x0001, 0x0003, 0x0001, 0x0001, 0x0003, 0x0001, 0x0001, 0x0003, 0x0001, 0x0001, 0x0000, 0x0002, 
    0x0000, 0x0001, 0x0001, 0x0003, 0x0001, 0x0001, 0x0003, 0x0001, 0x0001, 0x0003, 0x0001, 0x0001, 0x0003, 0x0001, 0x0001, 0x0003, 
    0x0001, 0x0001, 0x0003, 0x0001, 0x0001, 0x0003, 0x0001, 0x0001, 0x0003, 0x0001, 0x0001, 0x0000, 0x0002, 0x0000, 0x0001, 0x0001, 
    0x0003, 0x0001, 0x0001, 0x0003, 0x0001, 0x0001, 0x0003, 0x0001, 0x0001, 0x0003, 0x0001, 0x0001, 0x0003, 0x0001, 0x0001, 0x0003, 
    0x0001, 0x0001, 0x0003, 0x0001, 0x0001, 0x0003, 0x0001, 0x0001, 0x0000, 0x0002, 0x0000, 0x0001, 0x0001, 0x0003, 0x0001, 0x0001, 
    0x0003, 0x0001, 0x0001, 0x0003, 0x0001, 0x0001, 0x0003, 0x0001, 0x0001, 0x0003, 0x0001, 0x0001, 0x0003, 0x0001, 0x0001, 0x0003, 
    0x0001, 0x0001, 0x0003, 0x0001, 0x0001, 0x0000, 0x0002, 0x0000, 0x0001, 0x0001, 0x0003, 0x0001, 0x0001, 0x0003, 0x0001, 0x0001, 
    0x0003, 0x0001, 0x0001, 0x0003, 0x0001, 0x0001, 0x0003, 0x0001, 0x0001, 0x0003, 0x0001, 0x0001, 0x0003, 0x0001, 0x0001, 0x0003, 
    0x0001, 0x0001, 0x0000, 0x0002, 0x0000, 0x0001, 0x0001, 0x0003, 0x0001, 0x0001, 0x0003, 0x0001, 0x0001, 0x0003, 0x0001, 0x0001, 
    0x0003, 0x0001, 0x0001, 0x0003, 0x0001, 0x0001, 0x0003, 0x0001, 0x0001, 0x0003, 0x0001, 0x0001, 0x0003, 0x0001, 0x0001, 0x0000, 
    0x0002, 0x0000, 0x0001, 0x0001, 0x0003, 0x0001, 0x0001, 0x0003, 0x0001, 0x0001, 0x0003, 0x0001, 0x0001, 0x0003, 0x0001, 0x0001, 
    0x0003, 0x0001, 0x0001, 0x0003, 0x0001, 0x0001, 0x0003, 0x0001, 0x0001, 0x0003, 0x0001, 0x0001, 0x0000, 0x0002, 0x0000, 0x0001, 
    0x0001, 0x0003, 0x0001, 0x0001, 0x0003, 0x0001, 0x0001, 0x0003, 0x0001, 0x0001, 0x0003, 0x0001, 0x0001, 0x0003, 0x0001, 0x0001, 
    0x0003, 0x0001, 0x0001, 0x0003, 0x0001, 0x0001, 0x0003, 0x0001, 0x0001, 0x0000, 0x0002, 0x0000, 0x0001, 0x0001, 0x0003, 0x0001, 
    0x0001, 0x0003, 0x0001, 0x0001, 0x0003, 0x0001, 0x0001, 0x0003, 0x0001, 0x0001, 0x0003, 0x0001, 0x0001, 0x0003, 0x0001, 0x0001, 
    0x0003, 0x0001, 0x0001, 0x0003, 0x0001, 0x0001, 0x0000, 0x0002, 0x0000, 0x0001, 0x0001, 0x0003, 0x0001, 0x0001, 0x0003, 0x0001, 
    0x0001, 0x0003, 0x0001, 0x0001, 0x0003, 0x0001, 0x0001, 0x0003, 0x0001, 0x0001, 0x0003, 0x0001, 0x0001, 0x0003, 0x0001, 0x0001, 
    0x0003, 0x0001, 0x0001, 0x0000, 0x0002, 0x0000, 0x0001, 0x0001, 0x0003, 0x0001, 0x0001, 0x0003, 0x0001, 0x0001, 0x0003, 0x0001, 
    0x0001, 0x0003, 0x0001, 0x0001, 0x0003, 0x0001, 0x0001, 0x0003, 0x0001, 0x0001, 0x0003, 0x0001, 0x0001, 0x0003, 0x0001, 0x0001, 
    0x0000, 0x0002, 0x0000, 0x0001, 0x0001, 0x0003, 0x0001, 0x0001, 0x0003, 0x0001, 0x0001, 0x0003, 0x0001, 0x0001, 0x0003, 0x0001, 
    0x0001, 0x0003, 0x0001, 0x0001, 0x0003, 0x0001, 0x0001, 0x0003, 0x0001, 0x0001, 0x0003, 0x0001, 0x0001, 0x0000, 0x0002, 0x0000, 
    0x0001, 0x0001, 0x0003, 0x0001, 0x0001, 0x0003, 0x0001, 0x0001, 0x0003, 0x0001, 0x0001, 0x0003, 0x0001, 0x0001, 0x0003, 0x0001, 
    0x0001, 0x0003, 0x0001, 0x0001, 0x0003, 0x0001, 0x0001, 0x0003, 0x0001, 0x0001, 0x0000, 0x0002, 0x0000, 0x0001, 0x0001, 0x0003, 
    0x0001, 0x0001, 0x0003, 0x0001, 0x0001, 0x0003, 0x0001, 0x0001, 0x0003, 0x0001, 0x0001, 0x0003, 0x0001, 0x0001, 0x0003, 0x0001, 
    0x0001, 0x0003, 0x0001, 0x0001, 0x0003, 0x0001, 0x0001, 0x0000, 0x0002, 0x0000, 0x0001, 0x0001, 0x0003, 0x0001, 0x0001, 0x0003, 
    0x0001, 0x0001, 0x0003, 0x0001, 0x0001, 0x0003, 0x0001, 0x0001, 0x0003, 0x0001, 0x0001, 0x0003, 0x0001, 0x0001, 0x0003, 0x0001, 
    0x0001, 0x0003, 0x0001, 0x0001, 0x0000, 0x0002, 0x0000, 0x0001, 0x0001, 0x0003, 0x0001, 0x0001, 0x0003, 0x0001, 0x0001, 0x0003, 
    0x0001, 0x0001, 0x0003, 0x0001, 0x0001, 0x0003, 0x0001, 0x0001, 0x0003, 0x0001, 0x0001, 0x0003, 0x0001, 0x0001, 0x0003, 0x0001, 
    0x0001, 0x0000, 0x0002, 0x0000, 0x0001, 0x0001, 0x0003, 0x0001, 0x0001, 0x0003, 0x0001, 0x0001, 0x0003, 0x0001, 0x0001, 0x0003, 
    0x0001, 0x0001, 0x0003, 0x0001, 0x0001, 0x0003, 0x0001, 0x0001, 0x0003, 0x0001, 0x0001, 0x0003, 0x0001, 0x0001, 0x0000, 0x0002, 
    0x0000, 0x0001, 0x0001, 0x0003, 0x0001, 0x0001, 0x0003, 0x0001, 0x0001, 0x0003, 0x0001, 0x0001, 0x0003, 0x0001, 0x0001, 0x0003, 
    0x0001, 0x0001, 0x0003, 0x0001, 0x0001, 0x0003, 0x0001, 0x0001, 0x0003, 0x0001, 0x0001, 0x0000, 0x0002, 0x0000, 0x0001, 0x0001, 
    0x0003, 0x0001, 0x0001, 0x0003, 0x0001, 0x0001, 0x0003, 0x0001, 0x0001, 0x0003, 0x0001, 0x0001, 0x0003, 0x0001, 0x0001, 0x0003, 
    0x0001, 0x0001, 0x0003, 0x0001, 0x0001, 0x0003, 0x0001, 0x0001, 0x0000, 0x0002, 0x0000, 0x0001, 0x0001, 0x0003, 0x0001, 0x0001, 
    0x0003, 0x0001, 0x0001, 0x0003, 0x0001, 0x0001, 0x0003, 0x0001, 0x0001, 0x0003, 0x0001, 0x0001, 0x0003, 0x0001, 0x0001, 0x0003, 
    0x0001, 0x0001, 0x0003, 0x0001, 0x0001, 0x0000, 0x0002, 0x0000, 0x0001, 0x0001, 0x0003, 0x0001, 0x0001, 0x0003, 0x0001, 0x0001, 
    0x0003, 0x0001, 0x0001, 0x0003, 0x0001, 0x0001, 0x0003, 0x0001, 0x0001, 0x0003, 0x0001, 0x0001, 0x0003, 0x0001, 0x0001, 0x0003, 
    0x0001, 0x0001, 0x0000, 0x0002, 0x0000, 0x0001, 0x0001, 0x0003, 0x0001, 0x0001, 0x0003, 0x0001, 0x0001, 0x0003, 0x0001, 0x0001, 
    0x0003, 0x0001, 0x0001, 0x0003, 0x0001, 0x0001, 0x0003, 0x0001, 0x0001, 0x0003, 0x0001, 0x0001, 0x0003, 0x0001, 0x0001, 0x0000, 
    0x0002, 0x0000, 0x0001, 0x0001, 0x0003, 0x0001, 0x0001, 0x0003, 0x0001, 0x0001, 0x0003, 0x0001, 0x0001, 0x0003, 0x0001, 0x0001, 
    0x0003, 0x0001, 0x0001, 0x0003, 0x0001, 0x0001, 0x0003, 0x0001, 0x0001, 0x0003, 0x0001, 0x0001, 0x0000, 0x0002, 0x0000, 0x0001, 
    0x0001, 0x0003, 0x0001, 0x0001, 0x0003, 0x0001, 0x0001, 0x0003, 0x0001, 0x0001, 0x0003, 0x0001, 0x0001, 0x0003, 0x0001, 0x0001, 
    0x0003, 0x0001, 0x0001, 0x0003, 0x0001, 0x0001, 0x0003, 0x0001, 0x0001, 0x0000, 0x0002, 0x0000, 0x0001, 0x0001, 0x0003, 0x0001, 
    0x0001, 0x0003, 0x0001, 0x0001, 0x0003, 0x0001, 0x0001, 0x0003, 0x0001, 0x0001, 0x0003, 0x0001, 0x0001, 0x0003, 0x0001, 0x0001, 
    0x0003, 0x0001, 0x0001, 0x0003, 0x0001, 0x0001, 0x0000, 0x0002, 0x0000, 0x0001, 0x0001, 0x0003, 0x0001, 0x0001, 0x0003, 0x0001, 
    0x0001, 0x0003, 0x0001, 0x0001, 0x0003, 0x0001, 0x0001, 0x0003, 0x0001, 0x0001, 0x0003, 0x0001, 0x0001, 0x0003, 0x0001, 0x0001, 
    0x0003, 0x0001, 0x0001, 0x0000, 0x0002, 0x0000, 0x0001, 0x0001, 0x0003, 0x0001, 0x0001, 0x0003, 0x0001, 0x0001, 0x0003, 0x0001, 
    0x0001, 0x0003, 0x0001, 0x0001, 0x0003, 0x0001, 0x0001, 0x0003, 0x0001, 0x0001, 0x0003, 0x0001, 0x0001, 0x0003, 0x0001, 0x0001, 
    0x0000, 0x0002, 0x0000, 0x0001, 0x0001, 0x0003, 0x0001, 0x0001, 0x0003, 0x0001, 0x0001, 0x0003, 0x0001, 0x0001, 0x0003, 0x0001, 
    0x0001, 0x0003, 0x0001, 0x0001, 0x0003, 0x0001, 0x0001, 0x0003, 0x0001, 0x0001, 0x0003, 0x0001, 0x0001, 0x0000, 0x0002, 0x0000, 
    0x0001, 0x0001, 0x0003, 0x0001, 0x0001, 0x0003, 0x0001, 0x0001, 0x0003, 0x0001, 0x0001, 0x0003, 0x0001, 0x0001, 0x0003, 0x0001, 
    0x0001, 0x0003, 0x0001, 0x0001, 0x0003, 0x0001, 0x0001, 0x0003, 0x0001, 0x0001, 0x0000, 0x0002, 0x0000, 0x0001, 0x0001, 0x0003, 
    0x0001, 0x0001, 0x0003, 0x0001, 0x0001, 0x0003, 0x0001, 0x0001, 0x0003, 0x0001, 0x0001, 0x0003, 0x0001, 0x0001, 0x0003, 0x0001, 
    0x0001, 0x0003, 0x0001, 0x0001, 0x0003, 0x0001, 0x0001, 0x0000, 0x0002, 0x0000, 0x0001, 0x0001, 0x0003, 0x0001, 0x0001, 0x0003, 
    0x0001, 0x0001, 0x0003, 0x0001, 0x0001, 0x0003, 0x0001, 0x0001, 0x0003, 0x0001, 0x0001, 0x0003, 0x0001, 0x0001, 0x0003, 0x0001, 
    0x0001, 0x0003, 0x0001, 0x0001, 0x0000, 0x0002, 0x0000, 0x0001, 0x0001, 0x0003, 0x0001, 0x0001, 0x0003, 0x0001, 0x0001, 0x0003, 
    0x0001, 0x0001, 0x0003, 0x0001, 0x0001, 0x0003, 0x0001, 0x0001, 0x0003, 0x0001, 0x0001, 0x0003, 0x0001, 0x0001, 0x0003, 0x0001, 
    0x0001, 0x0000, 0x0002, 0x0000, 0x0001, 0x0001, 0x0003, 0x0001, 0x0001, 0x0003, 0x0001, 0x0001, 0x0003, 0x0001, 0x0001, 0x0003, 
    0x0001, 0x0001, 0x0003, 0x0001, 0x0001, 0x0003, 0x0001, 0x0001, 0x0003, 0x0001, 0x0001, 0x0003, 0x0001, 0x0001, 0x0000, 0x0002, 
    0x0000, 0x0001, 0x0001, 0x0003, 0x0001, 0x0001, 0x0003, 0x0001, 0x0001, 0x0003, 0x0001, 0x0001, 0x0003, 0x0001, 0x0001, 0x0003, 
    0x0001, 0x0001, 0x0003, 0x0001, 0x0001, 0x0003, 0x0001, 0x0001, 0x0003, 0x0001, 0x0001, 0x0000, 0x0002, 0x0000, 0x0001, 0x0001, 
    0x0003, 0x0001, 0x0001, 0x0003, 0x0001, 0x0001, 0x0003, 0x0001, 0x0001, 0x0003, 0x0001, 0x0001, 0x0003, 0x0001, 0x0001, 0x0003, 
    0x0001, 0x0001, 0x0003, 0x0001, 0x0001, 0x0003, 0x0001, 0x0001, 0x0000, 0x0002, 0x0000, 0x0001, 0x0001, 0x0003, 0x0001, 0x0001, 
    0x0003, 0x0001, 0x0001, 0x0003, 0x0001, 0x0001, 0x0003, 0x0001, 0x0001, 0x0003, 0x0001, 0x0001, 0x0003, 0x0001, 0x0001, 0x0003, 
    0x0001, 0x0001, 0x0003, 0x0001, 0x0001, 0x0000, 0x0002, 0x0000, 0x0001, 0x0001, 0x0003, 0x0001, 0x0001, 0x0003, 0x0001, 0x0001, 
    0x0003, 0x0001, 0x0001, 0x0003, 0x0001, 0x0001, 0x0003, 0x0001, 0x0001, 0x0003, 0x0001, 0x0001, 0x0003, 0x0001, 0x0001, 0x0003, 
    0x0001, 0x0001, 0x0001, 0x0003, 0x0001, 0x0000, 0x0002, 0x0003, 0x0001, 0x0001, 0x0003, 0x0002, 0x0000, 0x0001, 0x0001, 0x0003, 
    0x0001, 0x0000, 0x0002, 0x0000, 0x0001, 0x0003, 0x0001, 0x0000, 0x0002, 0x0000, 0x0000, 0x0002, 0x0000, 0x0000, 0x0002, 0x0000, 
    0x0000, 0x0002, 0x0000, 0x0000, 0x0002, 0x0000, 0x0001, 0x0001, 0x0003, 0x0001, 0x0000, 0x0002, 0x0000, 0x0000, 0x0002, 0x0000, 
    0x0000, 0x0002, 0x0000, 0x0000, 0x0002, 0x0000, 0x0000, 0x0002, 0x0000, 0x0000, 0x0002, 0x0000, 0x0000, 0x0002, 0x0000, 0x0000, 
    0x0002, 0x0000, 0x0001, 0x0001, 0x0003, 0x0001, 0x0001, 0x0003, 0x0002, 0x0000, 0x0001, 0x0001, 0x0003, 0x0001, 0x0000, 0x0002, 
    0x0000, 0x0001, 0x0003, 0x0001, 0x0000, 0x0002, 0x0000, 0x0000, 0x0002, 0x0000, 0x0000, 0x0002, 0x0000, 0x0000, 0x0002, 0x0000, 
    0x0001, 0x0003, 0x0001, 0x0001, 0x0001, 0x0003, 0x0001, 0x0001, 0x0003, 0x0001, 0x0001, 0x0003, 0x0001, 0x0001, 0x0003, 0x0001, 
    0x0001, 0x0003, 0x0001, 0x0001, 0x0003, 0x0001, 0x0001, 0x0003, 0x0001, 0x0001, 0x0003, 0x0001, 0x0001, 0x0003, 0x0001, 0x0001, 
    0x0000, 0x0002, 0x0000, 0x0001, 0x0001, 0x0003, 0x0001, 0x0001, 0x0003, 0x0001, 0x0001, 0x0003, 0x0001, 0x0001, 0x0003, 0x0001, 
    0x0001, 0x0003, 0x0001, 0x0001, 0x0003, 0x0001, 0x0001, 0x0003, 0x0001, 0x0001, 0x0003, 0x0001, 0x0001, 0x0000, 0x0002, 0x0000, 
    0x0001, 0x0001, 0x0003, 0x0001, 0x0001, 0x0003, 0x0001, 0x0001, 0x0003, 0x0001, 0x0001, 0x0003, 0x0001, 0x0001, 0x0003, 0x0001, 
    0x0001, 0x0003, 0x0001, 0x0001, 0x0003, 0x0001, 0x0001, 0x0003, 0x0001, 0x0001, 0x0000, 0x0002, 0x0000, 0x0001, 0x0001, 0x0003, 
    0x0001, 0x0001, 0x0003, 0x0001, 0x0001, 0x0003, 0x0001, 0x0001, 0x0003, 0x0001, 0x0001, 0x0003, 0x0001, 0x0001, 0x0003, 0x0001, 
    0x0001, 0x0003, 0x0001, 0x0001, 0x0003, 0x0001, 0x0001, 0x0000, 0x0002, 0x0000, 0x0001, 0x0001, 0x0003, 0x0001, 0x0001, 0x0003, 
    0x0001, 0x0001, 0x0003, 0x0001, 0x0001, 0x0003, 0x0001, 0x0001, 0x0003, 0x0001, 0x0001, 0x0003, 0x0001, 0x0001, 0x0003, 0x0001, 
    0x0001, 0x0003, 0x0001, 0x0001, 0x0000, 0x0002, 0x0000, 0x0001, 0x0001, 0x0003, 0x0001, 0x0001, 0x0003, 0x0001, 0x0001, 0x0003, 
    0x0001, 0x0001, 0x0003, 0x0001, 0x0001, 0x0003, 0x0001, 0x0001, 0x0003, 0x0001, 0x0001, 0x0003, 0x0001, 0x0001, 0x0003, 0x0001, 
    0x0001, 0x0000, 0x0002, 0x0000, 0x0001, 0x0001, 0x0003, 0x0001, 0x0001, 0x0003, 0x0001, 0x0001, 0x0003, 0x0001, 0x0001, 0x0003, 
    0x0001, 0x0001, 0x0003, 0x0001, 0x0001, 0x0003, 0x0001, 0x0001, 0x0003, 0x0001, 0x0001, 0x0003, 0x0001, 0x0001, 0x0000, 0x0002, 
    0x0000, 0x0001, 0x0001, 0x0003, 0x0001, 0x0001, 0x0003, 0x0001, 0x0001, 0x0003, 0x0001, 0x0001, 0x0003, 0x0001, 0x0001, 0x0003, 
    0x0001, 0x0001, 0x0003, 0x0001, 0x0001, 0x0003, 0x0001, 0x0001, 0x0003, 0x0001, 0x0001, 0x0001, 0x0003, 0x0001, 0x0000, 0x0002, 
    0x0003, 0x0001, 0x0001, 0x0003, 0x0002, 0x0000, 0x0001, 0x0001, 0x0003, 0x0001, 0x0000, 0x0002, 0x0000, 0x0001, 0x0003, 0x0001, 
    0x0000, 0x0002, 0x0000, 0x0000, 0x0002, 0x0000, 0x0000, 0x0002, 0x0000, 0x0000, 0x0002, 0x0000, 0x0000, 0x0002, 0x0000, 0x0001, 
    0x0001, 0x0003, 0x0001, 0x0000, 0x0002, 0x0000, 0x0000, 0x0002, 0x0000, 0x0000, 0x0002, 0x0000, 0x0000, 0x0002, 0x0000, 0x0000, 
    0x0002, 0x0000, 0x0000, 0x0002, 0x0000, 0x0000, 0x0002, 0x0000, 0x0000, 0x0002, 0x0000, 0x0001, 0x0001, 0x0003, 0x0001, 0x0001, 
    0x0003, 0x0002, 0x0000, 0x0001, 0x0001, 0x0003, 0x0001, 0x0000, 0x0002, 0x0000, 0x0001, 0x0003, 0x0001, 0x0000, 0x0002, 0x0000, 
    0x0000, 0x0002, 0x0000, 0x0000, 0x0002, 0x0000, 0x0000, 0x0002, 0x0000, 0x0001, 0x0003, 0x0001, 0x0001, 0x0001, 0x0003, 0x0001, 
    0x0001, 0x0003, 0x0001, 0x0001, 0x0003, 0x0001, 0x0001, 0x0003, 0x0001, 0x0001, 0x0003, 0x0001, 0x0001, 0x0003, 0x0001, 0x0001, 
    0x0003, 0x0001, 0x0001, 0x0003, 0x0001, 0x0001, 0x0003, 0x0001, 0x0001, 0x0000, 0x0002, 0x0000, 0x0001, 0x0001, 0x0003, 0x0001, 
    0x0001, 0x0003, 0x0001, 0x0001, 0x0003, 0x0001, 0x0001, 0x0003, 0x0001, 0x0001, 0x0003, 0x0001, 0x0001, 0x0003, 0x0001, 0x0001, 
    0x0003, 0x0001, 0x0001, 0x0003, 0x0001, 0x0001, 0x0000, 0x0002, 0x0000, 0x0001, 0x0001, 0x0003, 0x0001, 0x0001, 0x0003, 0x0001, 
    0x0001, 0x0003, 0x0001, 0x0001, 0x0003, 0x0001, 0x0001, 0x0003, 0x0001, 0x0001, 0x0003, 0x0001, 0x0001, 0x0003, 0x0001, 0x0001, 
    0x0003, 0x0001, 0x0001, 0x0000, 0x0002, 0x0000, 0x0001, 0x0001, 0x0003, 0x0001, 0x0001, 0x0003, 0x0001, 0x0001, 0x0003, 0x0001, 
    0x0001, 0x0003, 0x0001, 0x0001, 0x0003, 0x0001, 0x0001, 0x0003, 0x0001, 0x0001, 0x0003, 0x0001, 0x0001, 0x0003, 0x0001, 0x0001, 
    0x0000, 0x0002, 0x0000, 0x0001, 0x0001, 0x0003, 0x0001, 0x0001, 0x0003, 0x0001, 0x0001, 0x0003, 0x0001, 0x0001, 0x0003, 0x0001, 
    0x0001, 0x0003, 0x0001, 0x0001, 0x0003, 0x0001, 0x0001, 0x0003, 0x0001, 0x0001, 0x0003, 0x0001, 0x0001, 0x0000, 0x0002, 0x0000, 
    0x0001, 0x0001, 0x0003, 0x0001, 0x0001, 0x0003, 0x0001, 0x0001, 0x0003, 0x0001, 0x0001, 0x0003, 0x0001, 0x0001, 0x0003, 0x0001, 
    0x0001, 0x0003, 0x0001, 0x0001, 0x0003, 0x0001, 0x0001, 0x0003, 0x0001, 0x0001, 0x0000, 0x0002, 0x0000, 0x0001, 0x0001, 0x0003, 
    0x0001, 0x0001, 0x0003, 0x0001, 0x0001, 0x0003, 0x0001, 0x0001, 0x0003, 0x0001, 0x0001, 0x0003, 0x0001, 0x0001, 0x0003, 0x0001, 
    0x0001, 0x0003, 0x0001, 0x0001, 0x0003, 0x0001, 0x0001, 0x0000, 0x0002, 0x0000, 0x0001, 0x0001, 0x0003, 0x0001, 0x0001, 0x0003, 
    0x0001, 0x0001, 0x0003, 0x0001, 0x0001, 0x0003, 0x0001, 0x0001, 0x0003, 0x0001, 0x0001, 0x0003, 0x0001, 0x0001, 0x0003, 0x0001, 
    0x0001, 0x0003, 0x0001, 0x0001, 0x0000, 0x0002, 0x0000, 0x0001, 0x0001, 0x0003, 0x0001, 0x0001, 0x0003, 0x0001, 0x0001, 0x0003, 
    0x0001, 0x0001, 0x0003, 0x0001, 0x0001, 0x0003, 0x0001, 0x0001, 0x0003, 0x0001, 0x0001, 0x0003, 0x0001, 0x0001, 0x0003, 0x0001, 
    0x0001, 0x0000, 0x0002, 0x0000, 0x0001, 0x0001, 0x0003, 0x0001, 0x0001, 0x0003, 0x0001, 0x0001, 0x0003, 0x0001, 0x0001, 0x0003, 
    0x0001, 0x0001, 0x0003, 0x0001, 0x0001, 0x0003, 0x0001, 0x0001, 0x0003, 0x0001, 0x0001, 0x0003, 0x0001, 0x0001, 0x0000, 0x0002, 
    0x0000, 0x0001, 0x0001, 0x0003, 0x0001, 0x0001, 0x0003, 0x0001, 0x0001, 0x0003, 0x0001, 0x0001, 0x0003, 0x0001, 0x0001, 0x0003, 
    0x0001, 0x0001, 0x0003, 0x0001, 0x0001, 0x0003, 0x0001, 0x0001, 0x0003, 0x0001, 0x0001, 0x0000, 0x0002, 0x0000, 0x0001, 0x0001, 
    0x0003, 0x0001, 0x0001, 0x0003, 0x0001, 0x0001, 0x0003, 0x0001, 0x0001, 0x0003, 0x0001, 0x0001, 0x0003, 0x0001, 0x0001, 0x0003, 
    0x0001, 0x0001, 0x0003, 0x0001, 0x0001, 0x0003, 0x0001, 0x0001, 0x0000, 0x0002, 0x0000, 0x0001, 0x0001, 0x0003, 0x0001, 0x0001, 
    0x0003, 0x0001, 0x0001, 0x0003, 0x0001, 0x0001, 0x0003, 0x0001, 0x0001, 0x0003, 0x0001, 0x0001, 0x0003, 0x0001, 0x0001, 0x0003, 
    0x0001, 0x0001, 0x0003, 0x0001, 0x0001, 0x0000, 0x0002, 0x0000, 0x0001, 0x0001, 0x0003, 0x0001, 0x0001, 0x0003, 0x0001, 0x0001, 
    0x0003, 0x0001, 0x0001, 0x0003, 0x0001, 0x0001, 0x0003, 0x0001, 0x0001, 0x0003, 0x0001, 0x0001, 0x0003, 0x0001, 0x0001, 0x0003, 
    0x0001, 0x0001, 0x0000, 0x0002, 0x0000, 0x0001, 0x0001, 0x0003, 0x0001, 0x0001, 0x0003, 0x0001, 0x0001, 0x0003, 0x0001, 0x0001, 
    0x0003, 0x0001, 0x0001, 0x0003, 0x0001, 0x0001, 0x0003, 0x0001, 0x0001, 0x0003, 0x0001, 0x0001, 0x0003, 0x0001, 0x0001, 0x0000, 
    0x0002, 0x0000, 0x0001, 0x0001, 0x0003, 0x0001, 0x0001, 0x0003, 0x0001, 0x0001, 0x0003, 0x0001, 0x0001, 0x0003, 0x0001, 0x0001, 
    0x0003, 0x0001, 0x0001, 0x0003, 0x0001, 0x0001, 0x0003, 0x0001, 0x0001, 0x0003, 0x0001, 0x0001, 0x0000, 0x0002, 0x0000, 0x0001, 
    0x0001, 0x0003, 0x0001, 0x0001, 0x0003, 0x0001, 0x0001, 0x0003, 0x0001, 0x0001, 0x0003, 0x0001, 0x0001, 0x0003, 0x0001, 0x0001, 
    0x0003, 0x0001, 0x0001, 0x0003, 0x0001, 0x0001, 0x0003, 0x0001, 0x0001, 0x0000, 0x0002, 0x0000, 0x0001, 0x0001, 0x0003, 0x0001, 
    0x0001, 0x0003, 0x0001, 0x0001, 0x0003, 0x0001, 0x0001, 0x0003, 0x0001, 0x0001, 0x0003, 0x0001, 0x0001, 0x0003, 0x0001, 0x0001, 
    0x0003, 0x0001, 0x0001, 0x0003, 0x0001, 0x0001, 0x0000, 0x0002, 0x0000, 0x0001, 0x0001, 0x0003, 0x0001, 0x0001, 0x0003, 0x0001, 
    0x0001, 0x0003, 0x0001, 0x0001, 0x0003, 0x0001, 0x0001, 0x0003, 0x0001, 0x0001, 0x0003, 0x0001, 0x0001, 0x0003, 0x0001, 0x0001, 
    0x0003, 0x0001, 0x0001, 0x0000, 0x0002, 0x0000, 0x0001, 0x0001, 0x0003, 0x0001, 0x0001, 0x0003, 0x0001, 0x0001, 0x0003, 0x0001, 
    0x0001, 0x0003, 0x0001, 0x0001, 0x0003, 0x0001, 0x0001, 0x0003, 0x0001, 0x0001, 0x0003, 0x0001, 0x0001, 0x0003, 0x0001, 0x0001, 
    0x0000, 0x0002, 0x0000, 0x0001, 0x0001, 0x0003, 0x0001, 0x0001, 0x0003, 0x0001, 0x0001, 0x0003, 0x0001, 0x0001, 0x0003, 0x0001, 
    0x0001, 0x0003, 0x0001, 0x0001, 0x0003, 0x0001, 0x0001, 0x0003, 0x0001, 0x0001, 0x0003, 0x0001, 0x0001, 0x0000, 0x0002, 0x0000, 
    0x0001, 0x0001, 0x0003, 0x0001, 0x0001, 0x0003, 0x0001, 0x0001, 0x0003, 0x0001, 0x0001, 0x0003, 0x0001, 0x0001, 0x0003, 0x0001, 
    0x0001, 0x0003, 0x0001, 0x0001, 0x0003, 0x0001, 0x0001, 0x0003, 0x0001, 0x0001, 0x0000, 0x0002, 0x0000, 0x0001, 0x0001, 0x0003, 
    0x0001, 0x0001, 0x0003, 0x0001, 0x0001, 0x0003, 0x0001, 0x0001, 0x0003, 0x0001, 0x0001, 0x0003, 0x0001, 0x0001, 0x0003, 0x0001, 
    0x0001, 0x0003, 0x0001, 0x0001, 0x0003, 0x0001, 0x0001, 0x0000, 0x0002, 0x0000, 0x0001, 0x0001, 0x0003, 0x0001, 0x0001, 0x0003, 
    0x0001, 0x0001, 0x0003, 0x0001, 0x0001, 0x0003, 0x0001, 0x0001, 0x0003, 0x0001, 0x0001, 0x0003, 0x0001, 0x0001, 0x0003, 0x0001, 
    0x0001, 0x0003, 0x0001, 0x0001, 0x0000, 0x0002, 0x0000, 0x0001, 0x0001, 0x0003, 0x0001, 0x0001, 0x0003, 0x0001, 0x0001, 0x0003, 
    0x0001, 0x0001, 0x0003, 0x0001, 0x0001, 0x0003, 0x0001, 0x0001, 0x0003, 0x0001, 0x0001, 0x0003, 0x0001, 0x0001, 0x0003, 0x0001, 
    0x0001, 0x0000, 0x0002, 0x0000, 0x0001, 0x0001, 0x0003, 0x0001, 0x0001, 0x0003, 0x0001, 0x0001, 0x0003, 0x0001, 0x0001, 0x0003, 
    0x0001, 0x0001, 0x0003, 0x0001, 0x0001, 0x0003, 0x0001, 0x0001, 0x0003, 0x0001, 0x0001, 0x0003, 0x0001, 0x0001, 0x0000, 0x0002, 
    0x0000, 0x0001, 0x0001, 0x0003, 0x0001, 0x0001, 0x0003, 0x0001, 0x0001, 0x0003, 0x0001, 0x0001, 0x0003, 0x0001, 0x0001, 0x0003, 
    0x0001, 0x0001, 0x0003, 0x0001, 0x0001, 0x0003, 0x0001, 0x0001, 0x0003, 0x0001, 0x0001, 0x0000, 0x0002, 0x0000, 0x0001, 0x0001, 
    0x0003, 0x0001, 0x0001, 0x0003, 0x0001, 0x0001, 0x0003, 0x0001, 0x0001, 0x0003, 0x0001, 0x0001, 0x0003, 0x0001, 0x0001, 0x0003, 
    0x0001, 0x0001, 0x0003, 0x0001, 0x0001, 0x0003, 0x0001, 0x0001, 0x0000, 0x0002, 0x0000, 0x0001, 0x0001, 0x0003, 0x0001, 0x0001, 
    0x0003, 0x0001, 0x0001, 0x0003, 0x0001, 0x0001, 0x0003, 0x0001, 0x0001, 0x0003, 0x0001, 0x0001, 0x0003, 0x0001, 0x0001, 0x0003, 
    0x0001, 0x0001, 0x0003, 0x0001, 0x0001, 0x0000, 0x0002, 0x0000, 0x0001, 0x0001, 0x0003, 0x0001, 0x0001, 0x0003, 0x0001, 0x0001, 
    0x0003, 0x0001, 0x0001, 0x0003, 0x0001, 0x0001, 0x0003, 0x0001, 0x0001, 0x0003, 0x0001, 0x0001, 0x0003, 0x0001, 0x0001, 0x0003, 
    0x0001, 0x0001, 0x0000, 0x0002, 0x0000, 0x0001, 0x0001, 0x0003, 0x0001, 0x0001, 0x0003, 0x0001, 0x0001, 0x0003, 0x0001, 0x0001, 
    0x0003, 0x0001, 0x0001, 0x0003, 0x0001, 0x0001, 0x0003, 0x0001, 0x0001, 0x0003, 0x0001, 0x0001, 0x0003, 0x0001, 0x0001, 0x0000, 
    0x0002, 0x0000, 0x0001, 0x0001, 0x0003, 0x0001, 0x0001, 0x0003, 0x0001, 0x0001, 0x0003, 0x0001, 0x0001, 0x0003, 0x0001, 0x0001, 
    0x0003, 0x0001, 0x0001, 0x0003, 0x0001, 0x0001, 0x0003, 0x0001, 0x0001, 0x0003, 0x0001, 0x0001, 0x0000, 0x0002, 0x0000, 0x0001, 
    0x0001, 0x0003, 0x0001, 0x0001, 0x0003, 0x0001, 0x0001, 0x0003, 0x0001, 0x0001, 0x0003, 0x0001, 0x0001, 0x0003, 0x0001, 0x0001, 
    0x0003, 0x0001, 0x0001, 0x0003, 0x0001, 0x0001, 0x0003, 0x0001, 0x0001, 0x0000, 0x0002, 0x0000, 0x0001, 0x0001, 0x0003, 0x0001, 
    0x0001, 0x0003, 0x0001, 0x0001, 0x0003, 0x0001, 0x0001, 0x0003, 0x0001, 0x0001, 0x0003, 0x0001, 0x0001, 0x0003, 0x0001, 0x0001, 
    0x0003, 0x0001, 0x0001, 0x0003, 0x0001, 0x0001, 0x0000, 0x0002, 0x0000, 0x0001, 0x0001, 0x0003, 0x0001, 0x0001, 0x0003, 0x0001, 
    0x0001, 0x0003, 0x0001, 0x0001, 0x0003, 0x0001, 0x0001, 0x0003, 0x0001, 0x0001, 0x0003, 0x0001, 0x0001, 0x0003, 0x0001, 0x0001, 
    0x0003, 0x0001, 0x0001, 0x0000, 0x0002, 0x0000, 0x0001, 0x0001, 0x0003, 0x0001, 0x0001, 0x0003, 0x0001, 0x0001, 0x0003, 0x0001, 
    0x0001, 0x0003, 0x0001, 0x0001, 0x0003, 0x0001, 0x0001, 0x0003, 0x0001, 0x0001, 0x0003, 0x0001, 0x0001, 0x0003, 0x0001, 0x0001, 
    0x0000, 0x0002, 0x0000, 0x0001, 0x0001, 0x0003, 0x0001, 0x0001, 0x0003, 0x0001, 0x0001, 0x0003, 0x0001, 0x0001, 0x0003, 0x0001, 
    0x0001, 0x0003, 0x0001, 0x0001, 0x0003, 0x0001, 0x0001, 0x0003, 0x0001, 0x0001, 0x0003, 0x0001, 0x0001, 0x0000, 0x0002, 0x0000, 
    0x0001, 0x0001, 0x0003, 0x0001, 0x0001, 0x0003, 0x0001, 0x0001, 0x0003, 0x0001, 0x0001, 0x0003, 0x0001, 0x0001, 0x0003, 0x0001, 
    0x0001, 0x0003, 0x0001, 0x0001, 0x0003, 0x0001, 0x0001, 0x0003, 0x0001, 0x0001, 0x0000, 0x0002, 0x0000, 0x0001, 0x0001, 0x0003, 
    0x0001, 0x0001, 0x0003, 0x0001, 0x0001, 0x0003, 0x0001, 0x0001, 0x0003, 0x0001, 0x0001, 0x0003, 0x0001, 0x0001, 0x0003, 0x0001, 
    0x0001, 0x0003, 0x0001, 0x0001, 0x0003, 0x0001, 0x0001, 0x0000, 0x0002, 0x0000, 0x0001, 0x0001, 0x0003, 0x0001, 0x0001, 0x0003, 
    0x0001, 0x0001, 0x0003, 0x0001, 0x0001, 0x0003, 0x0001, 0x0001, 0x0003, 0x0001, 0x0001, 0x0003, 0x0001, 0x0001, 0x0003, 0x0001, 
    0x0001, 0x0003, 0x0001, 0x0001, 0x0000, 0x0002, 0x0000, 0x0001, 0x0001, 0x0003, 0x0001, 0x0001, 0x0003, 0x0001, 0x0001, 0x0003, 
    0x0001, 0x0001, 0x0003, 0x0001, 0x0001, 0x0003, 0x0001, 0x0001, 0x0003, 0x0001, 0x0001, 0x0003, 0x0001, 0x0001, 0x0003, 0x0001, 
    0x0001, 0x0000, 0x0002, 0x0000, 0x0001, 0x0001, 0x0003, 0x0001, 0x0001, 0x0003, 0x0001, 0x0001, 0x0003, 0x0001, 0x0001, 0x0003, 
    0x0001, 0x0001, 0x0003, 0x0001, 0x0001, 0x0003, 0x0001, 0x0001, 0x0003, 0x0001, 0x0001, 0x0003, 0x0001, 0x0001, 0x0000, 0x0002, 
    0x0000, 0x0001, 0x0001, 0x0003, 0x0001, 0x0001, 0x0003, 0x0001, 0x0001, 0x0003, 0x0001, 0x0001, 0x0003, 0x0001, 0x0001, 0x0003, 
    0x0001, 0x0001, 0x0003, 0x0001, 0x0001, 0x0003, 0x0001, 0x0001, 0x0003, 0x0001, 0x0001, 0x0000, 0x0002, 0x0000, 0x0001, 0x0001, 
    0x0003, 0x0001, 0x0001, 0x0003, 0x0001, 0x0001, 0x0003, 0x0001, 0x0001, 0x0003, 0x0001, 0x0001, 0x0003, 0x0001, 0x0001, 0x0003, 
    0x0001, 0x0001, 0x0003, 0x0001, 0x0001, 0x0003, 0x0001, 0x0001, 0x0000, 0x0002, 0x0000, 0x0001, 0x0001, 0x0003, 0x0001, 0x0001, 
    0x0003, 0x0001, 0x0001, 0x0003, 0x0001, 0x0001, 0x0003, 0x0001, 0x0001, 0x0003, 0x0001, 0x0001, 0x0003, 0x0001, 0x0001, 0x0003, 
    0x0001, 0x0001, 0x0003, 0x0001, 0x0001, 0x0000, 0x0002, 0x0000, 0x0001, 0x0001, 0x0003, 0x0001, 0x0001, 0x0003, 0x0001, 0x0001, 
    0x0003, 0x0001, 0x0001, 0x0003, 0x0001, 0x0001, 0x0003, 0x0001, 0x0001, 0x0003, 0x0001, 0x0001, 0x0003, 0x0001, 0x0001, 0x0003, 
    0x0001, 0x0001, 0x0000, 0x0002, 0x0000, 0x0001, 0x0001, 0x0003, 0x0001, 0x0001, 0x0003, 0x0001, 0x0001, 0x0003, 0x0001, 0x0001, 
    0x0003, 0x0001, 0x0001, 0x0003, 0x0001, 0x0001, 0x0003, 0x0001, 0x0001, 0x0003, 0x0001, 0x0001, 0x0003, 0x0001, 0x0001, 0x0000, 
    0x0002, 0x0000, 0x0001, 0x0001, 0x0003, 0x0001, 0x0001, 0x0003, 0x0001, 0x0001, 0x0003, 0x0001, 0x0001, 0x0003, 0x0001, 0x0001, 
    0x0003, 0x0001, 0x0001, 0x0003, 0x0001, 0x0001, 0x0003, 0x0001, 0x0001, 0x0003, 0x0001, 0x0001, 0x0000, 0x0002, 0x0000, 0x0001, 
    0x0001, 0x0003, 0x0001, 0x0001, 0x0003, 0x0001, 0x0001, 0x0003, 0x0001, 0x0001, 0x0003, 0x0001, 0x0001, 0x0003, 0x0001, 0x0001, 
    0x0003, 0x0001, 0x0001, 0x0003, 0x0001, 0x0001, 0x0003, 0x0001, 0x0001, 0x0000, 0x0002, 0x0000, 0x0001, 0x0001, 0x0003, 0x0001, 
    0x0001, 0x0003, 0x0001, 0x0001, 0x0003, 0x0001, 0x0001, 0x0003, 0x0001, 0x0001, 0x0003, 0x0001, 0x0001, 0x0003, 0x0001, 0x0001, 
    0x0003, 0x0001, 0x0001, 0x0003, 0x0001, 0x0001, 0x0000, 0x0002, 0x0000, 0x0001, 0x0001, 0x0003, 0x0001, 0x0001, 0x0003, 0x0001, 
    0x0001, 0x0003, 0x0001, 0x0001, 0x0003, 0x0001, 0x0001, 0x0003, 0x0001, 0x0001, 0x0003, 0x0001, 0x0001, 0x0003, 0x0001, 0x0001, 
    0x0003, 0x0001, 0x0001, 0x0000, 0x0002, 0x0000, 0x0001, 0x0001, 0x0003, 0x0001, 0x0001, 0x0003, 0x0001, 0x0001, 0x0003, 0x0001, 
    0x0001, 0x0003, 0x0001, 0x0001, 0x0003, 0x0001, 0x0001, 0x0003, 0x0001, 0x0001, 0x0003, 0x0001, 0x0001, 0x0003, 0x0001, 0x0001, 
    0x0000, 0x0002, 0x0000, 0x0001, 0x0001, 0x0003, 0x0001, 0x0001, 0x0003, 0x0001, 0x0001, 0x0003, 0x0001, 0x0001, 0x0003, 0x0001, 
    0x0001, 0x0003, 0x0001, 0x0001, 0x0003, 0x0001, 0x0001, 0x0003, 0x0001, 0x0001, 0x0003, 0x0001, 0x0001, 0x0000, 0x0002, 0x0000, 
    0x0001, 0x0001, 0x0003, 0x0001, 0x0001, 0x0003, 0x0001, 0x0001, 0x0003, 0x0001, 0x0001, 0x0003, 0x0001, 0x0001, 0x0003, 0x0001, 
    0x0001, 0x0003, 0x0001, 0x0001, 0x0003, 0x0001, 0x0001, 0x0003, 0x0001, 0x0001, 0x0000, 0x0002, 0x0000, 0x0001, 0x0001, 0x0003, 
    0x0001, 0x0001, 0x0003, 0x0001, 0x0001, 0x0003, 0x0001, 0x0001, 0x0003, 0x0001, 0x0001, 0x0003, 0x0001, 0x0001, 0x0003, 0x0001, 
    0x0001, 0x0003, 0x0001, 0x0001, 0x0003, 0x0001, 0x0001, 0x0000, 0x0002, 0x0000, 0x0001, 0x0001, 0x0003, 0x0001, 0x0001, 0x0003, 
    0x0001, 0x0001, 0x0003, 0x0001, 0x0001, 0x0003, 0x0001, 0x0001, 0x0003, 0x0001, 0x0001, 0x0003, 0x0001, 0x0001, 0x0003, 0x0001, 
    0x0001, 0x0003, 0x0001, 0x0001, 0x0000, 0x0002, 0x0000, 0x0001, 0x0001, 0x0003, 0x0001, 0x0001, 0x0003, 0x0001, 0x0001, 0x0003, 
    0x0001, 0x0001, 0x0003, 0x0001, 0x0001, 0x0003, 0x0001, 0x0001, 0x0003, 0x0001, 0x0001, 0x0003, 0x0001, 0x0001, 0x0003, 0x0001, 
    0x0001, 0x0000, 0x0002, 0x0000, 0x0001, 0x0001, 0x0003, 0x0001, 0x0001, 0x0003, 0x0001, 0x0001, 0x0003, 0x0001, 0x0001, 0x0003, 
    0x0001, 0x0001, 0x0003, 0x0001, 0x0001, 0x0003, 0x0001, 0x0001, 0x0003, 0x0001, 0x0001, 0x0003, 0x0001, 0x0001, 0x0000, 0x0002, 
    0x0000, 0x0001, 0x0001, 0x0003, 0x0001, 0x0001, 0x0003, 0x0001, 0x0001, 0x0003, 0x0001, 0x0001, 0x0003, 0x0001, 0x0001, 0x0003, 
    0x0001, 0x0001, 0x0003, 0x0001, 0x0001, 0x0003, 0x0001, 0x0001, 0x0003, 0x0001, 0x0001, 0x0000, 0x0002, 0x0000, 0x0001, 0x0001, 
    0x0003, 0x0001, 0x0001, 0x0003, 0x0001, 0x0001, 0x0003, 0x0001, 0x0001, 0x0003, 0x0001, 0x0001, 0x0003, 0x0001, 0x0001, 0x0003, 
    0x0001, 0x0001, 0x0003, 0x0001, 0x0001, 0x0003, 0x0001, 0x0001, 0x0000, 0x0002, 0x0000, 0x0001, 0x0001, 0x0003, 0x0001, 0x0001, 
    0x0003, 0x0001, 0x0001, 0x0003, 0x0001, 0x0001, 0x0003, 0x0001, 0x0001, 0x0003, 0x0001, 0x0001, 0x0003, 0x0001, 0x0001, 0x0003, 
    0x0001, 0x0001, 0x0003, 0x0001, 0x0001, 0x0000, 0x0002, 0x0000, 0x0001, 0x0001, 0x0003, 0x0001, 0x0001, 0x0003, 0x0001, 0x0001, 
    0x0003, 0x0001, 0x0001, 0x0003, 0x0001, 0x0001, 0x0003, 0x0001, 0x0001, 0x0003, 0x0001, 0x0001, 0x0003, 0x0001, 0x0001, 0x0003, 
    0x0001, 0x0001, 0x0000, 0x0002, 0x0000, 0x0001, 0x0001, 0x0003, 0x0001, 0x0001, 0x0003, 0x0001, 0x0001, 0x0003, 0x0001, 0x0001, 
    0x0003, 0x0001, 0x0001, 0x0003, 0x0001, 0x0001, 0x0003, 0x0001, 0x0001, 0x0003, 0x0001, 0x0001, 0x0003, 0x0001, 0x0001, 0x0000, 
    0x0002, 0x0000, 0x0001, 0x0001, 0x0003, 0x0001, 0x0001, 0x0003, 0x0001, 0x0001, 0x0003, 0x0001, 0x0001, 0x0003, 0x0001, 0x0001, 
    0x0003, 0x0001, 0x0001, 0x0003, 0x0001, 0x0001, 0x0003, 0x0001, 0x0001, 0x0003, 0x0001, 0x0001, 0x0000, 0x0002, 0x0000, 0x0001, 
    0x0001, 0x0003, 0x0001, 0x0001, 0x0003, 0x0001, 0x0001, 0x0003, 0x0001, 0x0001, 0x0003, 0x0001, 0x0001, 0x0003, 0x0001, 0x0001, 
    0x0003, 0x0001, 0x0001, 0x0003, 0x0001, 0x0001, 0x0003, 0x0001, 0x0001, 0x0000, 0x0002, 0x0000, 0x0001, 0x0001, 0x0003, 0x0001, 
    0x0001, 0x0003, 0x0001, 0x0001, 0x0003, 0x0001, 0x0001, 0x0003, 0x0001, 0x0001, 0x0003, 0x0001, 0x0001, 0x0003, 0x0001, 0x0001, 
    0x0003, 0x0001, 0x0001, 0x0003, 0x0001, 0x0001, 0x0000, 0x0002, 0x0000, 0x0001, 0x0001, 0x0003, 0x0001, 0x0001, 0x0003, 0x0001, 
    0x0001, 0x0003, 0x0001, 0x0001, 0x0003, 0x0001, 0x0001, 0x0003, 0x0001, 0x0001, 0x0003, 0x0001, 0x0001, 0x0003, 0x0001, 0x0001, 
    0x0003, 0x0001, 0x0001, 0x0000, 0x0002, 0x0000, 0x0001, 0x0001, 0x0003, 0x0001, 0x0001, 0x0003, 0x0001, 0x0001, 0x0003, 0x0001, 
    0x0001, 0x0003, 0x0001, 0x0001, 0x0003, 0x0001, 0x0001, 0x0003, 0x0001, 0x0001, 0x0003, 0x0001, 0x0001, 0x0003, 0x0001, 0x0001, 
    0x0000, 0x0002, 0x0000, 0x0001, 0x0001, 0x0003, 0x0001, 0x0001, 0x0003, 0x0001, 0x0001, 0x0003, 0x0001, 0x0001, 0x0003, 0x0001, 
    0x0001, 0x0003, 0x0001, 0x0001, 0x0003, 0x0001, 0x0001, 0x0003, 0x0001, 0x0001, 0x0003, 0x0001, 0x0001, 0x0000, 0x0002, 0x0000, 
    0x0001, 0x0001, 0x0003, 0x0001, 0x0001, 0x0003, 0x0001, 0x0001, 0x0003, 0x0001, 0x0001, 0x0003, 0x0001, 0x0001, 0x0003, 0x0001, 
    0x0001, 0x0003, 0x0001, 0x0001, 0x0003, 0x0001, 0x0001, 0x0003, 0x0001, 0x0001, 0x0000, 0x0002, 0x0000, 0x0001, 0x0001, 0x0003, 
    0x0001, 0x0001, 0x0003, 0x0001, 0x0001, 0x0003, 0x0001, 0x0001, 0x0003, 0x0001, 0x0001, 0x0003, 0x0001, 0x0001, 0x0003, 0x0001, 
    0x0001, 0x0003, 0x0001, 0x0001, 0x0003, 0x0001, 0x0001, 0x0000, 0x0002, 0x0000, 0x0001, 0x0001, 0x0003, 0x0001, 0x0001, 0x0003, 
    0x0001, 0x0001, 0x0003, 0x0001, 0x0001, 0x0003, 0x0001, 0x0001, 0x0003, 0x0001, 0x0001, 0x0003, 0x0001, 0x0001, 0x0003, 0x0001, 
    0x0001, 0x0003, 0x0001, 0x0001, 0x0000, 0x0002, 0x0000, 0x0001, 0x0001, 0x0003, 0x0001, 0x0001, 0x0003, 0x0001, 0x0001, 0x0003, 
    0x0001, 0x0001, 0x0003, 0x0001, 0x0001, 0x0003, 0x0001, 0x0001, 0x0003, 0x0001, 0x0001, 0x0003, 0x0001, 0x0001, 0x0003, 0x0001, 
    0x0001, 0x0000, 0x0002, 0x0000, 0x0001, 0x0001, 0x0003, 0x0001, 0x0001, 0x0003, 0x0001, 0x0001, 0x0003, 0x0001, 0x0001, 0x0003, 
    0x0001, 0x0001, 0x0003, 0x0001, 0x0001, 0x0003, 0x0001, 0x0001, 0x0003, 0x0001, 0x0001, 0x0003, 0x0001, 0x0001, 0x0000, 0x0002, 
    0x0000, 0x0001, 0x0001, 0x0003, 0x0001, 0x0001, 0x0003, 0x0001, 0x0001, 0x0003, 0x0001, 0x0001, 0x0003, 0x0001, 0x0001, 0x0003, 
    0x0001, 0x0001, 0x0003, 0x0001, 0x0001, 0x0003, 0x0001, 0x0001, 0x0003, 0x0001, 0x0001, 0x0000, 0x0002, 0x0000, 0x0001, 0x0001, 
    0x0003, 0x0001, 0x0001, 0x0003, 0x0001, 0x0001, 0x0003, 0x0001, 0x0001, 0x0003, 0x0001, 0x0001, 0x0003, 0x0001, 0x0001, 0x0003, 
    0x0001, 0x0001, 0x0003, 0x0001, 0x0001, 0x0003, 0x0001, 0x0001, 0x0000, 0x0002, 0x0000, 0x0001, 0x0001, 0x0003, 0x0001, 0x0001, 
    0x0003, 0x0001, 0x0001, 0x0003, 0x0001, 0x0001, 0x0003, 0x0001, 0x0001, 0x0003, 0x0001, 0x0001, 0x0003, 0x0001, 0x0001, 0x0003, 
    0x0001, 0x0001, 0x0003, 0x0001, 0x0001, 0x0000, 0x0002, 0x0000, 0x0001, 0x0001, 0x0003, 0x0001, 0x0001, 0x0003, 0x0001, 0x0001, 
    0x0003, 0x0001, 0x0001, 0x0003, 0x0001, 0x0001, 0x0003, 0x0001, 0x0001, 0x0003, 0x0001, 0x0001, 0x0003, 0x0001, 0x0001, 0x0003, 
    0x0001, 0x0001, 0x0000, 0x0002, 0x0000, 0x0001, 0x0001, 0x0003, 0x0001, 0x0001, 0x0003, 0x0001, 0x0001, 0x0003, 0x0001, 0x0001, 
    0x0003, 0x0001, 0x0001, 0x0003, 0x0001, 0x0001, 0x0003, 0x0001, 0x0001, 0x0003, 0x0001, 0x0001, 0x0003, 0x0001, 0x0001, 0x0000, 
    0x0002, 0x0000, 0x0001, 0x0001, 0x0003, 0x0001, 0x0001, 0x0003, 0x0001, 0x0001, 0x0003, 0x0001, 0x0001, 0x0003, 0x0001, 0x0001, 
    0x0003, 0x0001, 0x0001, 0x0003, 0x0001, 0x0001, 0x0003, 0x0001, 0x0001, 0x0003, 0x0001, 0x0001, 0x0000, 0x0002, 0x0000, 0x0001, 
    0x0001, 0x0003, 0x0001, 0x0001, 0x0003, 0x0001, 0x0001, 0x0003, 0x0001, 0x0001, 0x0003, 0x0001, 0x0001, 0x0003, 0x0001, 0x0001, 
    0x0003, 0x0001, 0x0001, 0x0003, 0x0001, 0x0001, 0x0003, 0x0001, 0x0001, 0x0000, 0x0002, 0x0000, 0x0001, 0x0001, 0x0003, 0x0001, 
    0x0001, 0x0003, 0x0001, 0x0001, 0x0003, 0x0001, 0x0001, 0x0003, 0x0001, 0x0001, 0x0003, 0x0001, 0x0001, 0x0003, 0x0001, 0x0001, 
    0x0003, 0x0001, 0x0001, 0x0003, 0x0001, 0x0001, 0x0000, 0x0002, 0x0000, 0x0001, 0x0001, 0x0003, 0x0001, 0x0001, 0x0003, 0x0001, 
    0x0001, 0x0003, 0x0001, 0x0001, 0x0003, 0x0001, 0x0001, 0x0003, 0x0001, 0x0001, 0x0003, 0x0001, 0x0001, 0x0003, 0x0001, 0x0001, 
    0x0003, 0x0001, 0x0001, 0x0000, 0x0002, 0x0000, 0x0001, 0x0001, 0x0003, 0x0001, 0x0001, 0x0003, 0x0001, 0x0001, 0x0003, 0x0001, 
    0x0001, 0x0003, 0x0001, 0x0001, 0x0003, 0x0001, 0x0001, 0x0003, 0x0001, 0x0001, 0x0003, 0x0001, 0x0001, 0x0003, 0x0001, 0x0001, 
    0x0000, 0x0002, 0x0000, 0x0001, 0x0001, 0x0003, 0x0001, 0x0001, 0x0003, 0x0001, 0x0001, 0x0003, 0x0001, 0x0001, 0x0003, 0x0001, 
    0x0001, 0x0003, 0x0001, 0x0001, 0x0003, 0x0001, 0x0001, 0x0003, 0x0001, 0x0001, 0x0003, 0x0001, 0x0001, 0x0000, 0x0002, 0x0000, 
    0x0001, 0x0001, 0x0003, 0x0001, 0x0001, 0x0003, 0x0001, 0x0001, 0x0003, 0x0001, 0x0001, 0x0003, 0x0001, 0x0001, 0x0003, 0x0001, 
    0x0001, 0x0003, 0x0001, 0x0001, 0x0003, 0x0001, 0x0001, 0x0003, 0x0001, 0x0001, 0x0000, 0x0002, 0x0000, 0x0001, 0x0001, 0x0003, 
    0x0001, 0x0001, 0x0003, 0x0001, 0x0001, 0x0003, 0x0001, 0x0001, 0x0003, 0x0001, 0x0001, 0x0003, 0x0001, 0x0001, 0x0003, 0x0001, 
    0x0001, 0x0003, 0x0001, 0x0001, 0x0003, 0x0001, 0x0001, 0x0000, 0x0002, 0x0000, 0x0001, 0x0001, 0x0003, 0x0001, 0x0001, 0x0003, 
    0x0001, 0x0001, 0x0003, 0x0001, 0x0001, 0x0003, 0x0001, 0x0001, 0x0003, 0x0001, 0x0001, 0x0003, 0x0001, 0x0001, 0x0003, 0x0001, 
    0x0001, 0x0003, 0x0001, 0x0001, 0x0000, 0x0002, 0x0000, 0x0001, 0x0001, 0x0003, 0x0001, 0x0001, 0x0003, 0x0001, 0x0001, 0x0003, 
    0x0001, 0x0001, 0x0003, 0x0001, 0x0001, 0x0003, 0x0001, 0x0001, 0x0003, 0x0001, 0x0001, 0x0003, 0x0001, 0x0001, 0x0003, 0x0001, 
    0x0001, 0x0000, 0x0002, 0x0000, 0x0001, 0x0001, 0x0003, 0x0001, 0x0001, 0x0003, 0x0001, 0x0001, 0x0003, 0x0001, 0x0001, 0x0003, 
    0x0001, 0x0001, 0x0003, 0x0001, 0x0001, 0x0003, 0x0001, 0x0001, 0x0003, 0x0001, 0x0001, 0x0003, 0x0001, 0x0001, 0x0000, 0x0002, 
    0x0000, 0x0001, 0x0001, 0x0003, 0x0001, 0x0001, 0x0003, 0x0001, 0x0001, 0x0003, 0x0001, 0x0001, 0x0003, 0x0001, 0x0001, 0x0003, 
    0x0001, 0x0001, 0x0003, 0x0001, 0x0001, 0x0003, 0x0001, 0x0001, 0x0003, 0x0001, 0x0001, 0x0000, 0x0002, 0x0000, 0x0001, 0x0001, 
    0x0003, 0x0001, 0x0001, 0x0003, 0x0001, 0x0001, 0x0003, 0x0001, 0x0001, 0x0003, 0x0001, 0x0001, 0x0003, 0x0001, 0x0001, 0x0003, 
    0x0001, 0x0001, 0x0003, 0x0001, 0x0001, 0x0003, 0x0001, 0x0001, 0x0000, 0x0002, 0x0000, 0x0001, 0x0001, 0x0003, 0x0001, 0x0001, 
    0x0003, 0x0001, 0x0001, 0x0003, 0x0001, 0x0001, 0x0003, 0x0001, 0x0001, 0x0003, 0x0001, 0x0001, 0x0003, 0x0001, 0x0001, 0x0003, 
    0x0001, 0x0001, 0x0003, 0x0001, 0x0001, 0x0000, 0x0002, 0x0000, 0x0001, 0x0001, 0x0003, 0x0001, 0x0001, 0x0003, 0x0001, 0x0001, 
    0x0003, 0x0001, 0x0001, 0x0003, 0x0001, 0x0001, 0x0003, 0x0001, 0x0001, 0x0003, 0x0001, 0x0001, 0x0003, 0x0001, 0x0001, 0x0003, 
    0x0001, 0x0001, 0x0000, 0x0002, 0x0000, 0x0001, 0x0001, 0x0003, 0x0001, 0x0001, 0x0003, 0x0001, 0x0001, 0x0003, 0x0001, 0x0001, 
    0x0003, 0x0001, 0x0001, 0x0003, 0x0001, 0x0001, 0x0003, 0x0001, 0x0001, 0x0003, 0x0001, 0x0001, 0x0003, 0x0001, 0x0001, 0x0000, 
    0x0002, 0x0000, 0x0001, 0x0001, 0x0003, 0x0001, 0x0001, 0x0003, 0x0001, 0x0001, 0x0003, 0x0001, 0x0001, 0x0003, 0x0001, 0x0001, 
    0x0003, 0x0001, 0x0001, 0x0003, 0x0001, 0x0001, 0x0003, 0x0001, 0x0001, 0x0003, 0x0001, 0x0001, 0x0000, 0x0002, 0x0000, 0x0001, 
    0x0001, 0x0003, 0x0001, 0x0001, 0x0003, 0x0001, 0x0001, 0x0003, 0x0001, 0x0001, 0x0003, 0x0001, 0x0001, 0x0003, 0x0001, 0x0001, 
    0x0003, 0x0001, 0x0001, 0x0003, 0x0001, 0x0001, 0x0003, 0x0001, 0x0001, 0x0000, 0x0002, 0x0000, 0x0001, 0x0001, 0x0003, 0x0001, 
    0x0001, 0x0003, 0x0001, 0x0001, 0x0003, 0x0001, 0x0001, 0x0003, 0x0001, 0x0001, 0x0003, 0x0001, 0x0001, 0x0003, 0x0001, 0x0001, 
    0x0003, 0x0001, 0x0001, 0x0003, 0x0001, 0x0001, 0x0000, 0x0002, 0x0000, 0x0001, 0x0001, 0x0003, 0x0001, 0x0001, 0x0003, 0x0001, 
    0x0001, 0x0003, 0x0001, 0x0001, 0x0003, 0x0001, 0x0001, 0x0003, 0x0001, 0x0001, 0x0003, 0x0001, 0x0001, 0x0003, 0x0001, 0x0001, 
    0x0003, 0x0001, 0x0001, 0x0000, 0x0002, 0x0000, 0x0001, 0x0001, 0x0003, 0x0001, 0x0001, 0x0003, 0x0001, 0x0001, 0x0003, 0x0001, 
    0x0001, 0x0003, 0x0001, 0x0001, 0x0003, 0x0001, 0x0001, 0x0003, 0x0001, 0x0001, 0x0003, 0x0001, 0x0001, 0x0003, 0x0001, 0x0001, 
    0x0000, 0x0002, 0x0000, 0x0001, 0x0001, 0x0003, 0x0001, 0x0001, 0x0003, 0x0001, 0x0001, 0x0003, 0x0001, 0x0001, 0x0003, 0x0001, 
    0x0001, 0x0003, 0x0001, 0x0001, 0x0003, 0x0001, 0x0001, 0x0003, 0x0001, 0x0001, 0x0003, 0x0001, 0x0001, 0x0000, 0x0002, 0x0000, 
    0x0001, 0x0001, 0x0003, 0x0001, 0x0001, 0x0003, 0x0001, 0x0001, 0x0003, 0x0001, 0x0001, 0x0003, 0x0001, 0x0001, 0x0003, 0x0001, 
    0x0001, 0x0003, 0x0001, 0x0001, 0x0003, 0x0001, 0x0001, 0x0003, 0x0001, 0x0001, 0x0000, 0x0002, 0x0000, 0x0001, 0x0001, 0x0003, 
    0x0001, 0x0001, 0x0003, 0x0001, 0x0001, 0x0003, 0x0001, 0x0001, 0x0003, 0x0001, 0x0001, 0x0003, 0x0001, 0x0001, 0x0003, 0x0001, 
    0x0001, 0x0003, 0x0001, 0x0001, 0x0003, 0x0001, 0x0001, 0x0000, 0x0002, 0x0000, 0x0001, 0x0001, 0x0003, 0x0001, 0x0001, 0x0003, 
    0x0001, 0x0001, 0x0003, 0x0001, 0x0001, 0x0003, 0x0001, 0x0001, 0x0003, 0x0001, 0x0001, 0x0003, 0x0001, 0x0001, 0x0003, 0x0001, 
    0x0001, 0x0003, 0x0001, 0x0001, 0x0000, 0x0002, 0x0000, 0x0001, 0x0001, 0x0003, 0x0001, 0x0001, 0x0003, 0x0001, 0x0001, 0x0003, 
    0x0001, 0x0001, 0x0003, 0x0001, 0x0001, 0x0003, 0x0001, 0x0001, 0x0003, 0x0001, 0x0001, 0x0003, 0x0001, 0x0001, 0x0003, 0x0001, 
    0x0001, 0x0000, 0x0002, 0x0000, 0x0001, 0x0001, 0x0003, 0x0001, 0x0001, 0x0003, 0x0001, 0x0001, 0x0003, 0x0001, 0x0001, 0x0003, 
    0x0001, 0x0001, 0x0003, 0x0001, 0x0001, 0x0003, 0x0001, 0x0001, 0x0003, 0x0001, 0x0001, 0x0003, 0x0001, 0x0001, 0x0000, 0x0002, 
    0x0000, 0x0001, 0x0001, 0x0003, 0x0001, 0x0001, 0x0003, 0x0001, 0x0001, 0x0003, 0x0001, 0x0001, 0x0003, 0x0001, 0x0001, 0x0003, 
    0x0001, 0x0001, 0x0003, 0x0001, 0x0001, 0x0003, 0x0001, 0x0001, 0x0003, 0x0001, 0x0001, 0x0000, 0x0002, 0x0000, 0x0001, 0x0001, 
    0x0003, 0x0001, 0x0001, 0x0003, 0x0001, 0x0001, 0x0003, 0x0001, 0x0001, 0x0003, 0x0001, 0x0001, 0x0003, 0x0001, 0x0001, 0x0003, 
    0x0001, 0x0001, 0x0003, 0x0001, 0x0001, 0x0003, 0x0001, 0x0001, 0x0000, 0x0002, 0x0000, 0x0001, 0x0001, 0x0003, 0x0001, 0x0001, 
    0x0003, 0x0001, 0x0001, 0x0003, 0x0001, 0x0001, 0x0003, 0x0001, 0x0001, 0x0003, 0x0001, 0x0001, 0x0003, 0x0001, 0x0001, 0x0003, 
    0x0001, 0x0001, 0x0003, 0x0001, 0x0001, 0x0000, 0x0002, 0x0000, 0x0001, 0x0001, 0x0003, 0x0001, 0x0001, 0x0003, 0x0001, 0x0001, 
    0x0003, 0x0001, 0x0001, 0x0003, 0x0001, 0x0001, 0x0003, 0x0001, 0x0001, 0x0003, 0x0001, 0x0001, 0x0003, 0x0001, 0x0001, 0x0003, 
    0x0001, 0x0001, 0x0000, 0x0002, 0x0000, 0x0001, 0x0001, 0x0003, 0x0001, 0x0001, 0x0003, 0x0001, 0x0001, 0x0003, 0x0001, 0x0001, 
    0x0003, 0x0001, 0x0001, 0x0003, 0x0001, 0x0001, 0x0003, 0x0001, 0x0001, 0x0003, 0x0001, 0x0001, 0x0003, 0x0001, 0x0001, 0x0000, 
    0x0002, 0x0000, 0x0001, 0x0001, 0x0003, 0x0001, 0x0001, 0x0003, 0x0001, 0x0001, 0x0003, 0x0001, 0x0001, 0x0003, 0x0001, 0x0001, 
    0x0003, 0x0001, 0x0001, 0x0003, 0x0001, 0x0001, 0x0003, 0x0001, 0x0001, 0x0003, 0x0001, 0x0001, 0x0000, 0x0002, 0x0000, 0x0001, 
    0x0001, 0x0003, 0x0001, 0x0001, 0x0003, 0x0001, 0x0001, 0x0003, 0x0001, 0x0001, 0x0003, 0x0001, 0x0001, 0x0003, 0x0001, 0x0001, 
    0x0003, 0x0001, 0x0001, 0x0003, 0x0001, 0x0001, 0x0003, 0x0001, 0x0001, 0x0000, 0x0002, 0x0000, 0x0001, 0x0001, 0x0003, 0x0001, 
    0x0001, 0x0003, 0x0001, 0x0001, 0x0003, 0x0001, 0x0001, 0x0003, 0x0001, 0x0001, 0x0003, 0x0001, 0x0001, 0x0003, 0x0001, 0x0001, 
    0x0003, 0x0001, 0x0001, 0x0003, 0x0001, 0x0001, 0x0000, 0x0002, 0x0000, 0x0001, 0x0001, 0x0003, 0x0001, 0x0001, 0x0003, 0x0001, 
    0x0001, 0x0003, 0x0001, 0x0001, 0x0003, 0x0001, 0x0001, 0x0003, 0x0001, 0x0001, 0x0003, 0x0001, 0x0001, 0x0003, 0x0001, 0x0001, 
    0x0003, 0x0001, 0x0001, 0x0000, 0x0002, 0x0000, 0x0001, 0x0001, 0x0003, 0x0001, 0x0001, 0x0003, 0x0001, 0x0001, 0x0003, 0x0001, 
    0x0001, 0x0003, 0x0001, 0x0001, 0x0003, 0x0001, 0x0001, 0x0003, 0x0001, 0x0001, 0x0003, 0x0001, 0x0001, 0x0003, 0x0001, 0x0001, 
    0x0000, 0x0002, 0x0000, 0x0001, 0x0001, 0x0003, 0x0001, 0x0001, 0x0003, 0x0001, 0x0001, 0x0003, 0x0001, 0x0001, 0x0003, 0x0001, 
    0x0001, 0x0003, 0x0001, 0x0001, 0x0003, 0x0001, 0x0001, 0x0003, 0x0001, 0x0001, 0x0003, 0x0001, 0x0001, 0x0000, 0x0002, 0x0000, 
    0x0001, 0x0001, 0x0003, 0x0001, 0x0001, 0x0003, 0x0001, 0x0001, 0x0003, 0x0001, 0x0001, 0x0003, 0x0001, 0x0001, 0x0003, 0x0001, 
    0x0001, 0x0003, 0x0001, 0x0001, 0x0003, 0x0001, 0x0001, 0x0003, 0x0001, 0x0001, 0x0000, 0x0002, 0x0000, 0x0001, 0x0001, 0x0003, 
    0x0001, 0x0001, 0x0003, 0x0001, 0x0001, 0x0003, 0x0001, 0x0001, 0x0003, 0x0001, 0x0001, 0x0003, 0x0001, 0x0001, 0x0003, 0x0001, 
    0x0001, 0x0003, 0x0001, 0x0001, 0x0003, 0x0001, 0x0001, 0x0000, 0x0002, 0x0000, 0x0001, 0x0001, 0x0003, 0x0001, 0x0001, 0x0003, 
    0x0001, 0x0001, 0x0003, 0x0001, 0x0001, 0x0003, 0x0001, 0x0001, 0x0003, 0x0001, 0x0001, 0x0003, 0x0001, 0x0001, 0x0003, 0x0001, 
    0x0001, 0x0003, 0x0001, 0x0001, 0x0000, 0x0002, 0x0000, 0x0001, 0x0001, 0x0003, 0x0001, 0x0001, 0x0003, 0x0001, 0x0001, 0x0003, 
    0x0001, 0x0001, 0x0003, 0x0001, 0x0001, 0x0003, 0x0001, 0x0001, 0x0003, 0x0001, 0x0001, 0x0003, 0x0001, 0x0001, 0x0003, 0x0001, 
    0x0001, 0x0000, 0x0002, 0x0000, 0x0001, 0x0001, 0x0003, 0x0001, 0x0001, 0x0003, 0x0001, 0x0001, 0x0003, 0x0001, 0x0001, 0x0003, 
    0x0001, 0x0001, 0x0003, 0x0001, 0x0001, 0x0003, 0x0001, 0x0001, 0x0003, 0x0001, 0x0001, 0x0003, 0x0001, 0x0001, 0x0000, 0x0002, 
    0x0000, 0x0001, 0x0001, 0x0003, 0x0001, 0x0001, 0x0003, 0x0001, 0x0001, 0x0003, 0x0001, 0x0001, 0x0003, 0x0001, 0x0001, 0x0003, 
    0x0001, 0x0001, 0x0003, 0x0001, 0x0001, 0x0003, 0x0001, 0x0001, 0x0003, 0x0001, 0x0001, 0x0000, 0x0002, 0x0000, 0x0001, 0x0001, 
    0x0003, 0x0001, 0x0001, 0x0003, 0x0001, 0x0001, 0x0003, 0x0001, 0x0001, 0x0003, 0x0001, 0x0001, 0x0003, 0x0001, 0x0001, 0x0003, 
    0x0001, 0x0001, 0x0003, 0x0001, 0x0001, 0x0003, 0x0001, 0x0001, 0x0000, 0x0002, 0x0000, 0x0001, 0x0001, 0x0003, 0x0001, 0x0001, 
    0x0003, 0x0001, 0x0001, 0x0003, 0x0001, 0x0001, 0x0003, 0x0001, 0x0001, 0x0003, 0x0001, 0x0001, 0x0003, 0x0001, 0x0001, 0x0003, 
    0x0001, 0x0001, 0x0003, 0x0001, 0x0001, 0x0000, 0x0002, 0x0000, 0x0001, 0x0001, 0x0003, 0x0001, 0x0001, 0x0003, 0x0001, 0x0001, 
    0x0003, 0x0001, 0x0001, 0x0003, 0x0001, 0x0001, 0x0003, 0x0001, 0x0001, 0x0003, 0x0001, 0x0001, 0x0003, 0x0001, 0x0001, 0x0003, 
    0x0001, 0x0001, 0x0000, 0x0002, 0x0000, 0x0001, 0x0001, 0x0003, 0x0001, 0x0001, 0x0003, 0x0001, 0x0001, 0x0003, 0x0001, 0x0001, 
    0x0003, 0x0001, 0x0001, 0x0003, 0x0001, 0x0001, 0x0003, 0x0001, 0x0001, 0x0003, 0x0001, 0x0001, 0x0003, 0x0001, 0x0001, 0x0000, 
    0x0002, 0x0000, 0x0001, 0x0001, 0x0003, 0x0001, 0x0001, 0x0003, 0x0001, 0x0001, 0x0003, 0x0001, 0x0001, 0x0003, 0x0001, 0x0001, 
    0x0003, 0x0001, 0x0001, 0x0003, 0x0001, 0x0001, 0x0003, 0x0001, 0x0001, 0x0003, 0x0001, 0x0001, 0x0000, 0x0002, 0x0000, 0x0001, 
    0x0001, 0x0003, 0x0001, 0x0001, 0x0003, 0x0001, 0x0001, 0x0003, 0x0001, 0x0001, 0x0003, 0x0001, 0x0001, 0x0003, 0x0001, 0x0001, 
    0x0003, 0x0001, 0x0001, 0x0003, 0x0001, 0x0001, 0x0003, 0x0001, 0x0001, 0x0000, 0x0002, 0x0000, 0x0001, 0x0001, 0x0003, 0x0001, 
    0x0001, 0x0003, 0x0001, 0x0001, 0x0003, 0x0001, 0x0001, 0x0003, 0x0001, 0x0001, 0x0003, 0x0001, 0x0001, 0x0003, 0x0001, 0x0001, 
    0x0003, 0x0001, 0x0001, 0x0003, 0x0001, 0x0001, 0x0000, 0x0002, 0x0000, 0x0001, 0x0001, 0x0003, 0x0001, 0x0001, 0x0003, 0x0001, 
    0x0001, 0x0003, 0x0001, 0x0001, 0x0003, 0x0001, 0x0001, 0x0003, 0x0001, 0x0001, 0x0003, 0x0001, 0x0001, 0x0003, 0x0001, 0x0001, 
    0x0003, 0x0001, 0x0001, 0x0000, 0x0002, 0x0000, 0x0001, 0x0001, 0x0003, 0x0001, 0x0001, 0x0003, 0x0001, 0x0001, 0x0003, 0x0001, 
    0x0001, 0x0003, 0x0001, 0x0001, 0x0003, 0x0001, 0x0001, 0x0003, 0x0001, 0x0001, 0x0003, 0x0001, 0x0001, 0x0003, 0x0001, 0x0001, 
    0x0000, 0x0002, 0x0000, 0x0001, 0x0001, 0x0003, 0x0001, 0x0001, 0x0003, 0x0001, 0x0001, 0x0003, 0x0001, 0x0001, 0x0003, 0x0001, 
    0x0001, 0x0003, 0x0001, 0x0001, 0x0003, 0x0001, 0x0001, 0x0003, 0x0001, 0x0001, 0x0003, 0x0001, 0x0001, 0x0000, 0x0002, 0x0000, 
    0x0001, 0x0001, 0x0003, 0x0001, 0x0001, 0x0003, 0x0001, 0x0001, 0x0003, 0x0001, 0x0001, 0x0003, 0x0001, 0x0001, 0x0003, 0x0001, 
    0x0001, 0x0003, 0x0001, 0x0001, 0x0003, 0x0001, 0x0001, 0x0003, 0x0001, 0x0001, 0x0000, 0x0002, 0x0000, 0x0001, 0x0001, 0x0003, 
    0x0001, 0x0001, 0x0003, 0x0001, 0x0001, 0x0003, 0x0001, 0x0001, 0x0003, 0x0001, 0x0001, 0x0003, 0x0001, 0x0001, 0x0003, 0x0001, 
    0x0001, 0x0003, 0x0001, 0x0001, 0x0003, 0x0001, 0x0001, 0x0000, 0x0002, 0x0000, 0x0001, 0x0001, 0x0003, 0x0001, 0x0001, 0x0003, 
    0x0001, 0x0001, 0x0003, 0x0001, 0x0001, 0x0003, 0x0001, 0x0001, 0x0003, 0x0001, 0x0001, 0x0003, 0x0001, 0x0001, 0x0003, 0x0001, 
    0x0001, 0x0003, 0x0001, 0x0001, 0x0000, 0x0002, 0x0000, 0x0001, 0x0001, 0x0003, 0x0001, 0x0001, 0x0003, 0x0001, 0x0001, 0x0003, 
    0x0001, 0x0001, 0x0003, 0x0001, 0x0001, 0x0003, 0x0001, 0x0001, 0x0003, 0x0001, 0x0001, 0x0003, 0x0001, 0x0001, 0x0003, 0x0001, 
    0x0001, 0x0000, 0x0002, 0x0000, 0x0001, 0x0001, 0x0003, 0x0001, 0x0001, 0x0003, 0x0001, 0x0001, 0x0003, 0x0001, 0x0001, 0x0003, 
    0x0001, 0x0001, 0x0003, 0x0001, 0x0001, 0x0003, 0x0001, 0x0001, 0x0003, 0x0001, 0x0001, 0x0003, 0x0001, 0x0001, 0x0000, 0x0002, 
    0x0000, 0x0001, 0x0001, 0x0003, 0x0001, 0x0001, 0x0003, 0x0001, 0x0001, 0x0003, 0x0001, 0x0001, 0x0003, 0x0001, 0x0001, 0x0003, 
    0x0001, 0x0001, 0x0003, 0x0001, 0x0001, 0x0003, 0x0001, 0x0001, 0x0003, 0x0001, 0x0001, 0x0000, 0x0002, 0x0000, 0x0001, 0x0001, 
    0x0003, 0x0001, 0x0001, 0x0003, 0x0001, 0x0001, 0x0003, 0x0001, 0x0001, 0x0003, 0x0001, 0x0001, 0x0003, 0x0001, 0x0001, 0x0003, 
    0x0001, 0x0001, 0x0003, 0x0001, 0x0001, 0x0003, 0x0001, 0x0001, 0x0000, 0x0002, 0x0000, 0x0001, 0x0001, 0x0003, 0x0001, 0x0001, 
    0x0003, 0x0001, 0x0001, 0x0003, 0x0001, 0x0001, 0x0003, 0x0001, 0x0001, 0x0003, 0x0001, 0x0001, 0x0003, 0x0001, 0x0001, 0x0003, 
    0x0001, 0x0001, 0x0003, 0x0001, 0x0001, 0x0000, 0x0002, 0x0000, 0x0001, 0x0001, 0x0003, 0x0001, 0x0001, 0x0003, 0x0001, 0x0001, 
    0x0003, 0x0001, 0x0001, 0x0003, 0x0001, 0x0001, 0x0003, 0x0001, 0x0001, 0x0003, 0x0001, 0x0001, 0x0003, 0x0001, 0x0001, 0x0003, 
    0x0001, 0x0001, 0x0000, 0x0002, 0x0000, 0x0001, 0x0001, 0x0003, 0x0001, 0x0001, 0x0003, 0x0001, 0x0001, 0x0003, 0x0001, 0x0001, 
    0x0003, 0x0001, 0x0001, 0x0003, 0x0001, 0x0001, 0x0003, 0x0001, 0x0001, 0x0003, 0x0001, 0x0001, 0x0003, 0x0001, 0x0001, 0x0000, 
    0x0002, 0x0000, 0x0001, 0x0001, 0x0003, 0x0001, 0x0001, 0x0003, 0x0001, 0x0001, 0x0003, 0x0001, 0x0001, 0x0003, 0x0001, 0x0001, 
    0x0003, 0x0001, 0x0001, 0x0003, 0x0001, 0x0001, 0x0003, 0x0001, 0x0001, 0x0003, 0x0001, 0x0001, 0x0000, 0x0002, 0x0000, 0x0001, 
    0x0001, 0x0003, 0x0001, 0x0001, 0x0003, 0x0001, 0x0001, 0x0003, 0x0001, 0x0001, 0x0003, 0x0001, 0x0001, 0x0003, 0x0001, 0x0001, 
    0x0003, 0x0001, 0x0001, 0x0003, 0x0001, 0x0001, 0x0003, 0x0001, 0x0001, 0x0000, 0x0002, 0x0000, 0x0001, 0x0001, 0x0003, 0x0001, 
    0x0001, 0x0003, 0x0001, 0x0001, 0x0003, 0x0001, 0x0001, 0x0003, 0x0001, 0x0001, 0x0003, 0x0001, 0x0001, 0x0003, 0x0001, 0x0001, 
    0x0003, 0x0001, 0x0001, 0x0003, 0x0001, 0x0001, 0x0000, 0x0002, 0x0000, 0x0001, 0x0001, 0x0003, 0x0001, 0x0001, 0x0003, 0x0001, 
    0x0001, 0x0003, 0x0001, 0x0001, 0x0003, 0x0001, 0x0001, 0x0003, 0x0001, 0x0001, 0x0003, 0x0001, 0x0001, 0x0003, 0x0001, 0x0001, 
    0x0003, 0x0001, 0x0001, 0x0000, 0x0002, 0x0000, 0x0001, 0x0001, 0x0003, 0x0001, 0x0001, 0x0003, 0x0001, 0x0001, 0x0003, 0x0001, 
    0x0001, 0x0003, 0x0001, 0x0001, 0x0003, 0x0001, 0x0001, 0x0003, 0x0001, 0x0001, 0x0003, 0x0001, 0x0001, 0x0003, 0x0001, 0x0001, 
    0x0000, 0x0002, 0x0000, 0x0001, 0x0001, 0x0003, 0x0001, 0x0001, 0x0003, 0x0001, 0x0001, 0x0003, 0x0001, 0x0001, 0x0003, 0x0001, 
    0x0001, 0x0003, 0x0001, 0x0001, 0x0003, 0x0001, 0x0001, 0x0003, 0x0001, 0x0001, 0x0003, 0x0001, 0x0001, 0x0000, 0x0002, 0x0000, 
    0x0001, 0x0001, 0x0003, 0x0001, 0x0001, 0x0003, 0x0001, 0x0001, 0x0003, 0x0001, 0x0001, 0x0003, 0x0001, 0x0001, 0x0003, 0x0001, 
    0x0001, 0x0003, 0x0001, 0x0001, 0x0003, 0x0001, 0x0001, 0x0003, 0x0001, 0x0001, 0x0000, 0x0002, 0x0000, 0x0001, 0x0001, 0x0003, 
    0x0001, 0x0001, 0x0003, 0x0001, 0x0001, 0x0003, 0x0001, 0x0001, 0x0003, 0x0001, 0x0001, 0x0003, 0x0001, 0x0001, 0x0003, 0x0001, 
    0x0001, 0x0003, 0x0001, 0x0001, 0x0003, 0x0001, 0x0001, 0x0000, 0x0002, 0x0000, 0x0001, 0x0001, 0x0003, 0x0001, 0x0001, 0x0003, 
    0x0001, 0x0001, 0x0003, 0x0001, 0x0001, 0x0003, 0x0001, 0x0001, 0x0003, 0x0001, 0x0001, 0x0003, 0x0001, 0x0001, 0x0003, 0x0001, 
    0x0001, 0x0003, 0x0001, 0x0001, 0x0000, 0x0002, 0x0000, 0x0001, 0x0001, 0x0003, 0x0001, 0x0001, 0x0003, 0x0001, 0x0001, 0x0003, 
    0x0001, 0x0001, 0x0003, 0x0001, 0x0001, 0x0003, 0x0001, 0x0001, 0x0003, 0x0001, 0x0001, 0x0003, 0x0001, 0x0001, 0x0003, 0x0001, 
    0x0001, 0x0000, 0x0002, 0x0000, 0x0001, 0x0001, 0x0003, 0x0001, 0x0001, 0x0003, 0x0001, 0x0001, 0x0003, 0x0001, 0x0001, 0x0003, 
    0x0001, 0x0001, 0x0003, 0x0001, 0x0001, 0x0003, 0x0001, 0x0001, 0x0003, 0x0001, 0x0001, 0x0003, 0x0001, 0x0001, 0x0000, 0x0002, 
    0x0000, 0x0001, 0x0001, 0x0003, 0x0001, 0x0001, 0x0003, 0x0001, 0x0001, 0x0003, 0x0001, 0x0001, 0x0003, 0x0001, 0x0001, 0x0003, 
    0x0001, 0x0001, 0x0003, 0x0001, 0x0001, 0x0003, 0x0001, 0x0001, 0x0003, 0x0001, 0x0001, 0x0000, 0x0002, 0x0000, 0x0001, 0x0001, 
    0x0003, 0x0001, 0x0001, 0x0003, 0x0001, 0x0001, 0x0003, 0x0001, 0x0001, 0x0003, 0x0001, 0x0001, 0x0003, 0x0001, 0x0001, 0x0003, 
    0x0001, 0x0001, 0x0003, 0x0001, 0x0001, 0x0003, 0x0001, 0x0001, 0x0000, 0x0002, 0x0000, 0x0001, 0x0001, 0x0003, 0x0001, 0x0001, 
    0x0003, 0x0001, 0x0001, 0x0003, 0x0001, 0x0001, 0x0003, 0x0001, 0x0001, 0x0003, 0x0001, 0x0001, 0x0003, 0x0001, 0x0001, 0x0003, 
    0x0001, 0x0001, 0x0003, 0x0001, 0x0001, 0x0000, 0x0002, 0x0000, 0x0001, 0x0001, 0x0003, 0x0001, 0x0001, 0x0003, 0x0001, 0x0001, 
    0x0003, 0x0001, 0x0001, 0x0003, 0x0001, 0x0001, 0x0003, 0x0001, 0x0001, 0x0003, 0x0001, 0x0001, 0x0003, 0x0001, 0x0001, 0x0003, 
    0x0001, 0x0001, 0x0000, 0x0002, 0x0000, 0x0001, 0x0001, 0x0003, 0x0001, 0x0001, 0x0003, 0x0001, 0x0001, 0x0003, 0x0001, 0x0001, 
    0x0003, 0x0001, 0x0001, 0x0003, 0x0001, 0x0001, 0x0003, 0x0001, 0x0001, 0x0003, 0x0001, 0x0001, 0x0003, 0x0001, 0x0001, 0x0000, 
    0x0002, 0x0000, 0x0001, 0x0001, 0x0003, 0x0001, 0x0001, 0x0003, 0x0001, 0x0001, 0x0003, 0x0001, 0x0001, 0x0003, 0x0001, 0x0001, 
    0x0003, 0x0001, 0x0001, 0x0003, 0x0001, 0x0001, 0x0003, 0x0001, 0x0001, 0x0003, 0x0001, 0x0001, 0x0000, 0x0002, 0x0000, 0x0001, 
    0x0001, 0x0003, 0x0001, 0x0001, 0x0003, 0x0001, 0x0001, 0x0003, 0x0001, 0x0001, 0x0003, 0x0001, 0x0001, 0x0003, 0x0001, 0x0001, 
    0x0003, 0x0001, 0x0001, 0x0003, 0x0001, 0x0001, 0x0003, 0x0001, 0x0001, 0x0000, 0x0002, 0x0000, 0x0001, 0x0001, 0x0003, 0x0001, 
    0x0001, 0x0003, 0x0001, 0x0001, 0x0003, 0x0001, 0x0001, 0x0003, 0x0001, 0x0001, 0x0003, 0x0001, 0x0001, 0x0003, 0x0001, 0x0001, 
    0x0003, 0x0001, 0x0001, 0x0003, 0x0001, 0x0001, 0x0000, 0x0002, 0x0000, 0x0001, 0x0001, 0x0003, 0x0001, 0x0001, 0x0003, 0x0001, 
    0x0001, 0x0003, 0x0001, 0x0001, 0x0003, 0x0001, 0x0001, 0x0003, 0x0001, 0x0001, 0x0003, 0x0001, 0x0001, 0x0003, 0x0001, 0x0001, 
    0x0003, 0x0001, 0x0001, 0x0000, 0x0002, 0x0000, 0x0001, 0x0001, 0x0003, 0x0001, 0x0001, 0x0003, 0x0001, 0x0001, 0x0003, 0x0001, 
    0x0001, 0x0003, 0x0001, 0x0001, 0x0003, 0x0001, 0x0001, 0x0003, 0x0001, 0x0001, 0x0003, 0x0001, 0x0001, 0x0003, 0x0001, 0x0001, 
    0x0000, 0x0002, 0x0000, 0x0001, 0x0001, 0x0003, 0x0001, 0x0001, 0x0003, 0x0001, 0x0001, 0x0003, 0x0001, 0x0001, 0x0003, 0x0001, 
    0x0001, 0x0003, 0x0001, 0x0001, 0x0003, 0x0001, 0x0001, 0x0003, 0x0001, 0x0001, 0x0003, 0x0001, 0x0001, 0x0000, 0x0002, 0x0000, 
    0x0001, 0x0001, 0x0003, 0x0001, 0x0001, 0x0003, 0x0001, 0x0001, 0x0003, 0x0001, 0x0001, 0x0003, 0x0001, 0x0001, 0x0003, 0x0001, 
    0x0001, 0x0003, 0x0001, 0x0001, 0x0003, 0x0001, 0x0001, 0x0003, 0x0001, 0x0001, 0x0000, 0x0002, 0x0000, 0x0001, 0x0001, 0x0003, 
    0x0001, 0x0001, 0x0003, 0x0001, 0x0001, 0x0003, 0x0001, 0x0001, 0x0003, 0x0001, 0x0001, 0x0003, 0x0001, 0x0001, 0x0003, 0x0001, 
    0x0001, 0x0003, 0x0001, 0x0001, 0x0003, 0x0001, 0x0001, 0x0000, 0x0002, 0x0000, 0x0001, 0x0001, 0x0003, 0x0001, 0x0001, 0x0003, 
    0x0001, 0x0001, 0x0003, 0x0001, 0x0001, 0x0003, 0x0001, 0x0001, 0x0003, 0x0001, 0x0001, 0x0003, 0x0001, 0x0001, 0x0003, 0x0001, 
    0x0001, 0x0003, 0x0001, 0x0001, 0x0000, 0x0002, 0x0000, 0x0001, 0x0001, 0x0003, 0x0001, 0x0001, 0x0003, 0x0001, 0x0001, 0x0003, 
    0x0001, 0x0001, 0x0003, 0x0001, 0x0001, 0x0003, 0x0001, 0x0001, 0x0003, 0x0001, 0x0001, 0x0003, 0x0001, 0x0001, 0x0003, 0x0001, 
    0x0001, 0x0000, 0x0002, 0x0000, 0x0001, 0x0001, 0x0003, 0x0001, 0x0001, 0x0003, 0x0001, 0x0001, 0x0003, 0x0001, 0x0001, 0x0003, 
    0x0001, 0x0001, 0x0003, 0x0001, 0x0001, 0x0003, 0x0001, 0x0001, 0x0003, 0x0001, 0x0001, 0x0003, 0x0001, 0x0001, 0x0000, 0x0002, 
    0x0000, 0x0001, 0x0001, 0x0003, 0x0001, 0x0001, 0x0003, 0x0001, 0x0001, 0x0003, 0x0001, 0x0001, 0x0003, 0x0001, 0x0001, 0x0003, 
    0x0001, 0x0001, 0x0003, 0x0001, 0x0001, 0x0003, 0x0001, 0x0001, 0x0003, 0x0001, 0x0001, 0x0000, 0x0002, 0x0000, 0x0001, 0x0001, 
    0x0003, 0x0001, 0x0001, 0x0003, 0x0001, 0x0001, 0x0003, 0x0001, 0x0001, 0x0003, 0x0001, 0x0001, 0x0003, 0x0001, 0x0001, 0x0003, 
    0x0001, 0x0001, 0x0003, 0x0001, 0x0001, 0x0003, 0x0001, 0x0001, 0x0000, 0x0002, 0x0000, 0x0001, 0x0001, 0x0003, 0x0001, 0x0001, 
    0x0003, 0x0001, 0x0001, 0x0003, 0x0001, 0x0001, 0x0003, 0x0001, 0x0001, 0x0003, 0x0001, 0x0001, 0x0003, 0x0001, 0x0001, 0x0003, 
    0x0001, 0x0001, 0x0003, 0x0001, 0x0001, 0x0000, 0x0002, 0x0000, 0x0001, 0x0001, 0x0003, 0x0001, 0x0001, 0x0003, 0x0001, 0x0001, 
    0x0003, 0x0001, 0x0001, 0x0003, 0x0001, 0x0001, 0x0003, 0x0001, 0x0001, 0x0003, 0x0001, 0x0001, 0x0003, 0x0001, 0x0001, 0x0003, 
    0x0001, 0x0001, 0x0000, 0x0002, 0x0000, 0x0001, 0x0001, 0x0003, 0x0001, 0x0001, 0x0003, 0x0001, 0x0001, 0x0003, 0x0001, 0x0001, 
    0x0003, 0x0001, 0x0001, 0x0003, 0x0001, 0x0001, 0x0003, 0x0001, 0x0001, 0x0003, 0x0001, 0x0001, 0x0003, 0x0001, 0x0001, 0x0000, 
    0x0002, 0x0000, 0x0001, 0x0001, 0x0003, 0x0001, 0x0001, 0x0003, 0x0001, 0x0001, 0x0003, 0x0001, 0x0001, 0x0003, 0x0001, 0x0001, 
    0x0003, 0x0001, 0x0001, 0x0003, 0x0001, 0x0001, 0x0003, 0x0001, 0x0001, 0x0003, 0x0001, 0x0001, 0x0000, 0x0002, 0x0000, 0x0001, 
    0x0001, 0x0003, 0x0001, 0x0001, 0x0003, 0x0001, 0x0001, 0x0003, 0x0001, 0x0001, 0x0003, 0x0001, 0x0001, 0x0003, 0x0001, 0x0001, 
    0x0003, 0x0001, 0x0001, 0x0003, 0x0001, 0x0001, 0x0003, 0x0001, 0x0001, 0x0000, 0x0002, 0x0000, 0x0001, 0x0001, 0x0003, 0x0001, 
    0x0001, 0x0003, 0x0001, 0x0001, 0x0003, 0x0001, 0x0001, 0x0003, 0x0001, 0x0001, 0x0003, 0x0001, 0x0001, 0x0003, 0x0001, 0x0001, 
    0x0003, 0x0001, 0x0001, 0x0003, 0x0001, 0x0001, 0x0000, 0x0002, 0x0000, 0x0001, 0x0001, 0x0003, 0x0001, 0x0001, 0x0003, 0x0001, 
    0x0001, 0x0003, 0x0001, 0x0001, 0x0003, 0x0001, 0x0001, 0x0003, 0x0001, 0x0001, 0x0003, 0x0001, 0x0001, 0x0003, 0x0001, 0x0001, 
    0x0003, 0x0001, 0x0001, 0x0000, 0x0002, 0x0000, 0x0001, 0x0001, 0x0003, 0x0001, 0x0001, 0x0003, 0x0001, 0x0001, 0x0003, 0x0001, 
    0x0001, 0x0003, 0x0001, 0x0001, 0x0003, 0x0001, 0x0001, 0x0003, 0x0001, 0x0001, 0x0003, 0x0001, 0x0001, 0x0003, 0x0001, 0x0001, 
    0x0000, 0x0002, 0x0000, 0x0001, 0x0001, 0x0003, 0x0001, 0x0001, 0x0003, 0x0001, 0x0001, 0x0003, 0x0001, 0x0001, 0x0003, 0x0001, 
    0x0001, 0x0003, 0x0001, 0x0001, 0x0003, 0x0001, 0x0001, 0x0003, 0x0001, 0x0001, 0x0003, 0x0001, 0x0001, 0x0000, 0x0002, 0x0000, 
    0x0001, 0x0001, 0x0003, 0x0001, 0x0001, 0x0003, 0x0001, 0x0001, 0x0003, 0x0001, 0x0001, 0x0003, 0x0001, 0x0001, 0x0003, 0x0001, 
    0x0001, 0x0003, 0x0001, 0x0001, 0x0003, 0x0001, 0x0001, 0x0003, 0x0001, 0x0001, 0x0000, 0x0002, 0x0000, 0x0001, 0x0001, 0x0003, 
    0x0001, 0x0001, 0x0003, 0x0001, 0x0001, 0x0003, 0x0001, 0x0001, 0x0003, 0x0001, 0x0001, 0x0003, 0x0001, 0x0001, 0x0003, 0x0001, 
    0x0001, 0x0003, 0x0001, 0x0001, 0x0003, 0x0001, 0x0001, 0x0000, 0x0002, 0x0000, 0x0001, 0x0001, 0x0003, 0x0001, 0x0001, 0x0003, 
    0x0001, 0x0001, 0x0003, 0x0001, 0x0001, 0x0003, 0x0001, 0x0001, 0x0003, 0x0001, 0x0001, 0x0003, 0x0001, 0x0001, 0x0003, 0x0001, 
    0x0001, 0x0003, 0x0001, 0x0001, 0x0000, 0x0002, 0x0000, 0x0001, 0x0001, 0x0003, 0x0001, 0x0001, 0x0003, 0x0001, 0x0001, 0x0003, 
    0x0001, 0x0001, 0x0003, 0x0001, 0x0001, 0x0003, 0x0001, 0x0001, 0x0003, 0x0001, 0x0001, 0x0003, 0x0001, 0x0001, 0x0003, 0x0001, 
    0x0001, 0x0000, 0x0002, 0x0000, 0x0001, 0x0001, 0x0003, 0x0001, 0x0001, 0x0003, 0x0001, 0x0001, 0x0003, 0x0001, 0x0001, 0x0003, 
    0x0001, 0x0001, 0x0003, 0x0001, 0x0001, 0x0003, 0x0001, 0x0001, 0x0003, 0x0001, 0x0001, 0x0003, 0x0001, 0x0001, 0x0000, 0x0002, 
    0x0000, 0x0001, 0x0001, 0x0003, 0x0001, 0x0001, 0x0003, 0x0001, 0x0001, 0x0003, 0x0001, 0x0001, 0x0003, 0x0001, 0x0001, 0x0003, 
    0x0001, 0x0001, 0x0003, 0x0001, 0x0001, 0x0003, 0x0001, 0x0001, 0x0003, 0x0001, 0x0001, 0x0000, 0x0002, 0x0000, 0x0001, 0x0001, 
    0x0003, 0x0001, 0x0001, 0x0003, 0x0001, 0x0001, 0x0003, 0x0001, 0x0001, 0x0003, 0x0001, 0x0001, 0x0003, 0x0001, 0x0001, 0x0003, 
    0x0001, 0x0001, 0x0003, 0x0001, 0x0001, 0x0003, 0x0001, 0x0001, 0x0000, 0x0002, 0x0000, 0x0001, 0x0001, 0x0003, 0x0001, 0x0001, 
    0x0003, 0x0001, 0x0001, 0x0003, 0x0001, 0x0001, 0x0003, 0x0001, 0x0001, 0x0003, 0x0001, 0x0001, 0x0003, 0x0001, 0x0001, 0x0003, 
    0x0001, 0x0001, 0x0003, 0x0001, 0x0001, 0x0000, 0x0002, 0x0000, 0x0001, 0x0001, 0x0003, 0x0001, 0x0001, 0x0003, 0x0001, 0x0001, 
    0x0003, 0x0001, 0x0001, 0x0003, 0x0001, 0x0001, 0x0003, 0x0001, 0x0001, 0x0003, 0x0001, 0x0001, 0x0003, 0x0001, 0x0001, 0x0003, 
    0x0001, 0x0001, 0x0000, 0x0002, 0x0000, 0x0001, 0x0001, 0x0003, 0x0001, 0x0001, 0x0003, 0x0001, 0x0001, 0x0003, 0x0001, 0x0001, 
    0x0003, 0x0001, 0x0001, 0x0003, 0x0001, 0x0001, 0x0003, 0x0001, 0x0001, 0x0003, 0x0001, 0x0001, 0x0003, 0x0001, 0x0001, 0x0000, 
    0x0002, 0x0000, 0x0001, 0x0001, 0x0003, 0x0001, 0x0001, 0x0003, 0x0001, 0x0001, 0x0003, 0x0001, 0x0001, 0x0003, 0x0001, 0x0001, 
    0x0003, 0x0001, 0x0001, 0x0003, 0x0001, 0x0001, 0x0003, 0x0001, 0x0001, 0x0003, 0x0001, 0x0001, 0x0000, 0x0002, 0x0000, 0x0001, 
    0x0001, 0x0003, 0x0001, 0x0001, 0x0003, 0x0001, 0x0001, 0x0003, 0x0001, 0x0001, 0x0003, 0x0001, 0x0001, 0x0003, 0x0001, 0x0001, 
    0x0003, 0x0001, 0x0001, 0x0003, 0x0001, 0x0001, 0x0003, 0x0001, 0x0001, 0x0000, 0x0002, 0x0000, 0x0001, 0x0001, 0x0003, 0x0001, 
    0x0001, 0x0003, 0x0001, 0x0001, 0x0003, 0x0001, 0x0001, 0x0003, 0x0001, 0x0001, 0x0003, 0x0001, 0x0001, 0x0003, 0x0001, 0x0001, 
    0x0003, 0x0001, 0x0001, 0x0003, 0x0001, 0x0001, 0x0000, 0x0002, 0x0000, 0x0001, 0x0001, 0x0003, 0x0001, 0x0001, 0x0003, 0x0001, 
    0x0001, 0x0003, 0x0001, 0x0001, 0x0003, 0x0001, 0x0001, 0x0003, 0x0001, 0x0001, 0x0003, 0x0001, 0x0001, 0x0003, 0x0001, 0x0001, 
    0x0003, 0x0001, 0x0001, 0x0000, 0x0002, 0x0000, 0x0001, 0x0001, 0x0003, 0x0001, 0x0001, 0x0003, 0x0001, 0x0001, 0x0003, 0x0001, 
    0x0001, 0x0003, 0x0001, 0x0001, 0x0003, 0x0001, 0x0001, 0x0003, 0x0001, 0x0001, 0x0003, 0x0001, 0x0001, 0x0003, 0x0001, 0x0001, 
    0x0000, 0x0002, 0x0000, 0x0001, 0x0001, 0x0003, 0x0001, 0x0001, 0x0003, 0x0001, 0x0001, 0x0003, 0x0001, 0x0001, 0x0003, 0x0001, 
    0x0001, 0x0003, 0x0001, 0x0001, 0x0003, 0x0001, 0x0001, 0x0003, 0x0001, 0x0001, 0x0003, 0x0001, 0x0001, 0x0000, 0x0002, 0x0000, 
    0x0001, 0x0001, 0x0003, 0x0001, 0x0001, 0x0003, 0x0001, 0x0001, 0x0003, 0x0001, 0x0001, 0x0003, 0x0001, 0x0001, 0x0003, 0x0001, 
    0x0001, 0x0003, 0x0001, 0x0001, 0x0003, 0x0001, 0x0001, 0x0003, 0x0001, 0x0001, 0x0000, 0x0002, 0x0000, 0x0001, 0x0001, 0x0003, 
    0x0001, 0x0001, 0x0003, 0x0001, 0x0001, 0x0003, 0x0001, 0x0001, 0x0003, 0x0001, 0x0001, 0x0003, 0x0001, 0x0001, 0x0003, 0x0001, 
    0x0001, 0x0003, 0x0001, 0x0001, 0x0003, 0x0001, 0x0001, 0x0000, 0x0002, 0x0000, 0x0001, 0x0001, 0x0003, 0x0001, 0x0001, 0x0003, 
    0x0001, 0x0001, 0x0003, 0x0001, 0x0001, 0x0003, 0x0001, 0x0001, 0x0003, 0x0001, 0x0001, 0x0003, 0x0001, 0x0001, 0x0003, 0x0001, 
    0x0001, 0x0003, 0x0001, 0x0001, 0x0000, 0x0002, 0x0000, 0x0001, 0x0001, 0x0003, 0x0001, 0x0001, 0x0003, 0x0001, 0x0001, 0x0003, 
    0x0001, 0x0001, 0x0003, 0x0001, 0x0001, 0x0003, 0x0001, 0x0001, 0x0003, 0x0001, 0x0001, 0x0003, 0x0001, 0x0001, 0x0003, 0x0001, 
    0x0001, 0x0000, 0x0002, 0x0000, 0x0001, 0x0001, 0x0003, 0x0001, 0x0001, 0x0003, 0x0001, 0x0001, 0x0003, 0x0001, 0x0001, 0x0003, 
    0x0001, 0x0001, 0x0003, 0x0001, 0x0001, 0x0003, 0x0001, 0x0001, 0x0003, 0x0001, 0x0001, 0x0003, 0x0001, 0x0001, 0x0000, 0x0002, 
    0x0000, 0x0001, 0x0001, 0x0003, 0x0001, 0x0001, 0x0003, 0x0001, 0x0001, 0x0003, 0x0001, 0x0001, 0x0003, 0x0001, 0x0001, 0x0003, 
    0x0001, 0x0001, 0x0003, 0x0001, 0x0001, 0x0003, 0x0001, 0x0001, 0x0003, 0x0001, 0x0001, 0x0000, 0x0002, 0x0000, 0x0001, 0x0001, 
    0x0003, 0x0001, 0x0001, 0x0003, 0x0001, 0x0001, 0x0003, 0x0001, 0x0001, 0x0003, 0x0001, 0x0001, 0x0003, 0x0001, 0x0001, 0x0003, 
    0x0001, 0x0001, 0x0003, 0x0001, 0x0001, 0x0003, 0x0001, 0x0001, 0x0000, 0x0002, 0x0000, 0x0001, 0x0001, 0x0003, 0x0001, 0x0001, 
    0x0003, 0x0001, 0x0001, 0x0003, 0x0001, 0x0001, 0x0003, 0x0001, 0x0001, 0x0003, 0x0001, 0x0001, 0x0003, 0x0001, 0x0001, 0x0003, 
    0x0001, 0x0001, 0x0003, 0x0001, 0x0001, 0x0000, 0x0002, 0x0000, 0x0001, 0x0001, 0x0003, 0x0001, 0x0001, 0x0003, 0x0001, 0x0001, 
    0x0003, 0x0001, 0x0001, 0x0003, 0x0001, 0x0001, 0x0003, 0x0001, 0x0001, 0x0003, 0x0001, 0x0001, 0x0003, 0x0001, 0x0001, 0x0003, 
    0x0001, 0x0001, 0x0000, 0x0002, 0x0000, 0x0001, 0x0001, 0x0003, 0x0001, 0x0001, 0x0003, 0x0001, 0x0001, 0x0003, 0x0001, 0x0001, 
    0x0003, 0x0001, 0x0001, 0x0003, 0x0001, 0x0001, 0x0003, 0x0001, 0x0001, 0x0003, 0x0001, 0x0001, 0x0003, 0x0001, 0x0001, 0x0000, 
    0x0002, 0x0000, 0x0001, 0x0001, 0x0003, 0x0001, 0x0001, 0x0003, 0x0001, 0x0001, 0x0003, 0x0001, 0x0001, 0x0003, 0x0001, 0x0001, 
    0x0003, 0x0001, 0x0001, 0x0003, 0x0001, 0x0001, 0x0003, 0x0001, 0x0001, 0x0003, 0x0001, 0x0001, 0x0000, 0x0002, 0x0000, 0x0001, 
    0x0001, 0x0003, 0x0001, 0x0001, 0x0003, 0x0001, 0x0001, 0x0003, 0x0001, 0x0001, 0x0003, 0x0001, 0x0001, 0x0003, 0x0001, 0x0001, 
    0x0003, 0x0001, 0x0001, 0x0003, 0x0001, 0x0001, 0x0003, 0x0001, 0x0001, 0x0000, 0x0002, 0x0000, 0x0001, 0x0001, 0x0003, 0x0001, 
    0x0001, 0x0003, 0x0001, 0x0001, 0x0003, 0x0001, 0x0001, 0x0003, 0x0001, 0x0001, 0x0003, 0x0001, 0x0001, 0x0003, 0x0001, 0x0001, 
    0x0003, 0x0001, 0x0001, 0x0003, 0x0001, 0x0001, 0x0000, 0x0002, 0x0000, 0x0001, 0x0001, 0x0003, 0x0001, 0x0001, 0x0003, 0x0001, 
    0x0001, 0x0003, 0x0001, 0x0001, 0x0003, 0x0001, 0x0001, 0x0003, 0x0001, 0x0001, 0x0003, 0x0001, 0x0001, 0x0003, 0x0001, 0x0001, 
    0x0003, 0x0001, 0x0001, 0x0000, 0x0002, 0x0000, 0x0001, 0x0001, 0x0003, 0x0001, 0x0001, 0x0003, 0x0001, 0x0001, 0x0003, 0x0001, 
    0x0001, 0x0003, 0x0001, 0x0001, 0x0003, 0x0001, 0x0001, 0x0003, 0x0001, 0x0001, 0x0003, 0x0001, 0x0001, 0x0003, 0x0001, 0x0001, 
    0x0000, 0x0002, 0x0000, 0x0001, 0x0001, 0x0003, 0x0001, 0x0001, 0x0003, 0x0001, 0x0001, 0x0003, 0x0001, 0x0001, 0x0003, 0x0001, 
    0x0001, 0x0003, 0x0001, 0x0001, 0x0003, 0x0001, 0x0001, 0x0003, 0x0001, 0x0001, 0x0003, 0x0001, 0x0001, 0x0000, 0x0002, 0x0000, 
    0x0001, 0x0001, 0x0003, 0x0001, 0x0001, 0x0003, 0x0001, 0x0001, 0x0003, 0x0001, 0x0001, 0x0003, 0x0001, 0x0001, 0x0003, 0x0001, 
    0x0001, 0x0003, 0x0001, 0x0001, 0x0003, 0x0001, 0x0001, 0x0003, 0x0001, 0x0001, 0x0000, 0x0002, 0x0000, 0x0001, 0x0001, 0x0003, 
    0x0001, 0x0001, 0x0003, 0x0001, 0x0001, 0x0003, 0x0001, 0x0001, 0x0003, 0x0001, 0x0001, 0x0003, 0x0001, 0x0001, 0x0003, 0x0001, 
    0x0001, 0x0003, 0x0001, 0x0001, 0x0003, 0x0001, 0x0001, 0x0000, 0x0002, 0x0000, 0x0001, 0x0001, 0x0003, 0x0001, 0x0001, 0x0003, 
    0x0001, 0x0001, 0x0003, 0x0001, 0x0001, 0x0003, 0x0001, 0x0001, 0x0003, 0x0001, 0x0001, 0x0003, 0x0001, 0x0001, 0x0003, 0x0001, 
    0x0001, 0x0003, 0x0001, 0x0001, 0x0000, 0x0002, 0x0000, 0x0001, 0x0001, 0x0003, 0x0001, 0x0001, 0x0003, 0x0001, 0x0001, 0x0003, 
    0x0001, 0x0001, 0x0003, 0x0001, 0x0001, 0x0003, 0x0001, 0x0001, 0x0003, 0x0001, 0x0001, 0x0003, 0x0001, 0x0001, 0x0003, 0x0001, 
    0x0001, 0x0000, 0x0002, 0x0000, 0x0001, 0x0001, 0x0003, 0x0001, 0x0001, 0x0003, 0x0001, 0x0001, 0x0003, 0x0001, 0x0001, 0x0003, 
    0x0001, 0x0001, 0x0003, 0x0001, 0x0001, 0x0003, 0x0001, 0x0001, 0x0003, 0x0001, 0x0001, 0x0003, 0x0001, 0x0001, 0x0000, 0x0002, 
    0x0000, 0x0001, 0x0001, 0x0003, 0x0001, 0x0001, 0x0003, 0x0001, 0x0001, 0x0003, 0x0001, 0x0001, 0x0003, 0x0001, 0x0001, 0x0003, 
    0x0001, 0x0001, 0x0003, 0x0001, 0x0001, 0x0003, 0x0001, 0x0001, 0x0003, 0x0001, 0x0001, 0x0000, 0x0002, 0x0000, 0x0001, 0x0001, 
    0x0003, 0x0001, 0x0001, 0x0003, 0x0001, 0x0001, 0x0003, 0x0001, 0x0001, 0x0003, 0x0001, 0x0001, 0x0003, 0x0001, 0x0001, 0x0003, 
    0x0001, 0x0001, 0x0003, 0x0001, 0x0001, 0x0003, 0x0001, 0x0001, 0x0000, 0x0002, 0x0000, 0x0001, 0x0001, 0x0003, 0x0001, 0x0001, 
    0x0003, 0x0001, 0x0001, 0x0003, 0x0001, 0x0001, 0x0003, 0x0001, 0x0001, 0x0003, 0x0001, 0x0001, 0x0003, 0x0001, 0x0001, 0x0003, 
    0x0001, 0x0001, 0x0003, 0x0001, 0x0001, 0x0000, 0x0002, 0x0000, 0x0001, 0x0001, 0x0003, 0x0001, 0x0001, 0x0003, 0x0001, 0x0001, 
    0x0003, 0x0001, 0x0001, 0x0003, 0x0001, 0x0001, 0x0003, 0x0001, 0x0001, 0x0003, 0x0001, 0x0001, 0x0003, 0x0001, 0x0001, 0x0003, 
    0x0001, 0x0001, 0x0000, 0x0002, 0x0000, 0x0001, 0x0001, 0x0003, 0x0001, 0x0001, 0x0003, 0x0001, 0x0001, 0x0003, 0x0001, 0x0001, 
    0x0003, 0x0001, 0x0001, 0x0003, 0x0001, 0x0001, 0x0003, 0x0001, 0x0001, 0x0003, 0x0001, 0x0001, 0x0003, 0x0001, 0x0001, 0x0000, 
    0x0002, 0x0000, 0x0001, 0x0001, 0x0003, 0x0001, 0x0001, 0x0003, 0x0001, 0x0001, 0x0003, 0x0001, 0x0001, 0x0003, 0x0001, 0x0001, 
    0x0003, 0x0001, 0x0001, 0x0003, 0x0001, 0x0001, 0x0003, 0x0001, 0x0001, 0x0003, 0x0001, 0x0001, 0x0000, 0x0002, 0x0000, 0x0001, 
    0x0001, 0x0003, 0x0001, 0x0001, 0x0003, 0x0001, 0x0001, 0x0003, 0x0001, 0x0001, 0x0003, 0x0001, 0x0001, 0x0003, 0x0001, 0x0001, 
    0x0003, 0x0001, 0x0001, 0x0003, 0x0001, 0x0001, 0x0003, 0x0001, 0x0001, 0x0000, 0x0002, 0x0000, 0x0001, 0x0001, 0x0003, 0x0001, 
    0x0001, 0x0003, 0x0001, 0x0001, 0x0003, 0x0001, 0x0001, 0x0003, 0x0001, 0x0001, 0x0003, 0x0001, 0x0001, 0x0003, 0x0001, 0x0001, 
    0x0003, 0x0001, 0x0001, 0x0003, 0x0001, 0x0001, 0x0000, 0x0002, 0x0000, 0x0001, 0x0001, 0x0003, 0x0001, 0x0001, 0x0003, 0x0001, 
    0x0001, 0x0003, 0x0001, 0x0001, 0x0003, 0x0001, 0x0001, 0x0003, 0x0001, 0x0001, 0x0003, 0x0001, 0x0001, 0x0003, 0x0001, 0x0001, 
    0x0003, 0x0001, 0x0001, 0x0000, 0x0002, 0x0000, 0x0001, 0x0001, 0x0003, 0x0001, 0x0001, 0x0003, 0x0001, 0x0001, 0x0003, 0x0001, 
    0x0001, 0x0003, 0x0001, 0x0001, 0x0003, 0x0001, 0x0001, 0x0003, 0x0001, 0x0001, 0x0003, 0x0001, 0x0001, 0x0003, 0x0001, 0x0001, 
    0x0000, 0x0002, 0x0000, 0x0001, 0x0001, 0x0003, 0x0001, 0x0001, 0x0003, 0x0001, 0x0001, 0x0003, 0x0001, 0x0001, 0x0003, 0x0001, 
    0x0001, 0x0003, 0x0001, 0x0001, 0x0003, 0x0001, 0x0001, 0x0003, 0x0001, 0x0001, 0x0003, 0x0001, 0x0001, 0x0000, 0x0002, 0x0000, 
    0x0001, 0x0001, 0x0003, 0x0001, 0x0001, 0x0003, 0x0001, 0x0001, 0x0003, 0x0001, 0x0001, 0x0003, 0x0001, 0x0001, 0x0003, 0x0001, 
    0x0001, 0x0003, 0x0001, 0x0001, 0x0003, 0x0001, 0x0001, 0x0003, 0x0001, 0x0001, 0x0000, 0x0002, 0x0000, 0x0001, 0x0001, 0x0003, 
    0x0001, 0x0001, 0x0003, 0x0001, 0x0001, 0x0003, 0x0001, 0x0001, 0x0003, 0x0001, 0x0001, 0x0003, 0x0001, 0x0001, 0x0003, 0x0001, 
    0x0001, 0x0003, 0x0001, 0x0001, 0x0003, 0x0001, 0x0001, 0x0000, 0x0002, 0x0000, 0x0001, 0x0001, 0x0003, 0x0001, 0x0001, 0x0003, 
    0x0001, 0x0001, 0x0003, 0x0001, 0x0001, 0x0003, 0x0001, 0x0001, 0x0003, 0x0001, 0x0001, 0x0003, 0x0001, 0x0001, 0x0003, 0x0001, 
    0x0001, 0x0003, 0x0001, 0x0001, 0x0000, 0x0002, 0x0000, 0x0001, 0x0001, 0x0003, 0x0001, 0x0001, 0x0003, 0x0001, 0x0001, 0x0003, 
    0x0001, 0x0001, 0x0003, 0x0001, 0x0001, 0x0003, 0x0001, 0x0001, 0x0003, 0x0001, 0x0001, 0x0003, 0x0001, 0x0001, 0x0003, 0x0001, 
    0x0001, 0x0000, 0x0002, 0x0000, 0x0001, 0x0001, 0x0003, 0x0001, 0x0001, 0x0003, 0x0001, 0x0001, 0x0003, 0x0001, 0x0001, 0x0003, 
    0x0001, 0x0001, 0x0003, 0x0001, 0x0001, 0x0003, 0x0001, 0x0001, 0x0003, 0x0001, 0x0001, 0x0003, 0x0001, 0x0001, 0x0000, 0x0002, 
    0x0000, 0x0001, 0x0001, 0x0003, 0x0001, 0x0001, 0x0003, 0x0001, 0x0001, 0x0003, 0x0001, 0x0001, 0x0003, 0x0001, 0x0001, 0x0003, 
    0x0001, 0x0001, 0x0003, 0x0001, 0x0001, 0x0003, 0x0001, 0x0001, 0x0003, 0x0001, 0x0001, 0x0000, 0x0002, 0x0000, 0x0001, 0x0001, 
    0x0003, 0x0001, 0x0001, 0x0003, 0x0001, 0x0001, 0x0003, 0x0001, 0x0001, 0x0003, 0x0001, 0x0001, 0x0003, 0x0001, 0x0001, 0x0003, 
    0x0001, 0x0001, 0x0003, 0x0001, 0x0001, 0x0003, 0x0001, 0x0001, 0x0000, 0x0002, 0x0000, 0x0001, 0x0001, 0x0003, 0x0001, 0x0001, 
    0x0003, 0x0001, 0x0001, 0x0003, 0x0001, 0x0001, 0x0003, 0x0001, 0x0001, 0x0003, 0x0001, 0x0001, 0x0003, 0x0001, 0x0001, 0x0003, 
    0x0001, 0x0001, 0x0003, 0x0001, 0x0001, 0x0000, 0x0002, 0x0000, 0x0001, 0x0001, 0x0003, 0x0001, 0x0001, 0x0003, 0x0001, 0x0001, 
    0x0003, 0x0001, 0x0001, 0x0003, 0x0001, 0x0001, 0x0003, 0x0001, 0x0001, 0x0003, 0x0001, 0x0001, 0x0003, 0x0001, 0x0001, 0x0003, 
    0x0001, 0x0001, 0x0000, 0x0002, 0x0000, 0x0001, 0x0001, 0x0003, 0x0001, 0x0001, 0x0003, 0x0001, 0x0001, 0x0003, 0x0001, 0x0001, 
    0x0003, 0x0001, 0x0001, 0x0003, 0x0001, 0x0001, 0x0003, 0x0001, 0x0001, 0x0003, 0x0001, 0x0001, 0x0003, 0x0001, 0x0001, 0x0000, 
    0x0002, 0x0000, 0x0001, 0x0001, 0x0003, 0x0001, 0x0001, 0x0003, 0x0001, 0x0001, 0x0003, 0x0001, 0x0001, 0x0003, 0x0001, 0x0001, 
    0x0003, 0x0001, 0x0001, 0x0003, 0x0001, 0x0001, 0x0003, 0x0001, 0x0001, 0x0003, 0x0001, 0x0001, 0x0000, 0x0002, 0x0000, 0x0001, 
    0x0001, 0x0003, 0x0001, 0x0001, 0x0003, 0x0001, 0x0001, 0x0003, 0x0001, 0x0001, 0x0003, 0x0001, 0x0001, 0x0003, 0x0001, 0x0001, 
    0x0003, 0x0001, 0x0001, 0x0003, 0x0001, 0x0001, 0x0003, 0x0001, 0x0001, 0x0000, 0x0002, 0x0000, 0x0001, 0x0001, 0x0003, 0x0001, 
    0x0001, 0x0003, 0x0001, 0x0001, 0x0003, 0x0001, 0x0001, 0x0003, 0x0001, 0x0001, 0x0003, 0x0001, 0x0001, 0x0003, 0x0001, 0x0001, 
    0x0003, 0x0001, 0x0001, 0x0003, 0x0001, 0x0001, 0x0000, 0x0002, 0x0000, 0x0001, 0x0001, 0x0003, 0x0001, 0x0001, 0x0003, 0x0001, 
    0x0001, 0x0003, 0x0001, 0x0001, 0x0003, 0x0001, 0x0001, 0x0003, 0x0001, 0x0001, 0x0003, 0x0001, 0x0001, 0x0003, 0x0001, 0x0001, 
    0x0003, 0x0001, 0x0001, 0x0000, 0x0002, 0x0000, 0x0001, 0x0001, 0x0003, 0x0001, 0x0001, 0x0003, 0x0001, 0x0001, 0x0003, 0x0001, 
    0x0001, 0x0003, 0x0001, 0x0001, 0x0003, 0x0001, 0x0001, 0x0003, 0x0001, 0x0001, 0x0003, 0x0001, 0x0001, 0x0003, 0x0001, 0x0001, 
    0x0000, 0x0002, 0x0000, 0x0001, 0x0001, 0x0003, 0x0001, 0x0001, 0x0003, 0x0001, 0x0001, 0x0003, 0x0001, 0x0001, 0x0003, 0x0001, 
    0x0001, 0x0003, 0x0001, 0x0001, 0x0003, 0x0001, 0x0001, 0x0003, 0x0001, 0x0001, 0x0003, 0x0001, 0x0001, 0x0000, 0x0002, 0x0000, 
    0x0001, 0x0001, 0x0003, 0x0001, 0x0001, 0x0003, 0x0001, 0x0001, 0x0003, 0x0001, 0x0001, 0x0003, 0x0001, 0x0001, 0x0003, 0x0001, 
    0x0001, 0x0003, 0x0001, 0x0001, 0x0003, 0x0001, 0x0001, 0x0003, 0x0001, 0x0001, 0x0000, 0x0002, 0x0000, 0x0001, 0x0001, 0x0003, 
    0x0001, 0x0001, 0x0003, 0x0001, 0x0001, 0x0003, 0x0001, 0x0001, 0x0003, 0x0001, 0x0001, 0x0003, 0x0001, 0x0001, 0x0003, 0x0001, 
    0x0001, 0x0003, 0x0001, 0x0001, 0x0003, 0x0001, 0x0001, 0x0000, 0x0002, 0x0000, 0x0001, 0x0001, 0x0003, 0x0001, 0x0001, 0x0003, 
    0x0001, 0x0001, 0x0003, 0x0001, 0x0001, 0x0003, 0x0001, 0x0001, 0x0003, 0x0001, 0x0001, 0x0003, 0x0001, 0x0001, 0x0003, 0x0001, 
    0x0001, 0x0003, 0x0001, 0x0001, 0x0000, 0x0002, 0x0000, 0x0001, 0x0001, 0x0003, 0x0001, 0x0001, 0x0003, 0x0001, 0x0001, 0x0003, 
    0x0001, 0x0001, 0x0003, 0x0001, 0x0001, 0x0003, 0x0001, 0x0001, 0x0003, 0x0001, 0x0001, 0x0003, 0x0001, 0x0001, 0x0003, 0x0001, 
    0x0001, 0x0000, 0x0002, 0x0000, 0x0001, 0x0001, 0x0003, 0x0001, 0x0001, 0x0003, 0x0001, 0x0001, 0x0003, 0x0001, 0x0001, 0x0003, 
    0x0001, 0x0001, 0x0003, 0x0001, 0x0001, 0x0003, 0x0001, 0x0001, 0x0003, 0x0001, 0x0001, 0x0003, 0x0001, 0x0001, 0x0000, 0x0002, 
    0x0000, 0x0001, 0x0001, 0x0003, 0x0001, 0x0001, 0x0003, 0x0001, 0x0001, 0x0003, 0x0001, 0x0001, 0x0003, 0x0001, 0x0001, 0x0003, 
    0x0001, 0x0001, 0x0003, 0x0001, 0x0001, 0x0003, 0x0001, 0x0001, 0x0003, 0x0001, 0x0001, 0x0000, 0x0002, 0x0000, 0x0001, 0x0001, 
    0x0003, 0x0001, 0x0001, 0x0003, 0x0001, 0x0001, 0x0003, 0x0001, 0x0001, 0x0003, 0x0001, 0x0001, 0x0003, 0x0001, 0x0001, 0x0003, 
    0x0001, 0x0001, 0x0003, 0x0001, 0x0001, 0x0003, 0x0001, 0x0001, 0x0000, 0x0002, 0x0000, 0x0001, 0x0001, 0x0003, 0x0001, 0x0001, 
    0x0003, 0x0001, 0x0001, 0x0003, 0x0001, 0x0001, 0x0003, 0x0001, 0x0001, 0x0003, 0x0001, 0x0001, 0x0003, 0x0001, 0x0001, 0x0003, 
    0x0001, 0x0001, 0x0003, 0x0001, 0x0001, 0x0000, 0x0002, 0x0000, 0x0001, 0x0001, 0x0003, 0x0001, 0x0001, 0x0003, 0x0001, 0x0001, 
    0x0003, 0x0001, 0x0001, 0x0003, 0x0001, 0x0001, 0x0003, 0x0001, 0x0001, 0x0003, 0x0001, 0x0001, 0x0003, 0x0001, 0x0001, 0x0003, 
    0x0001, 0x0001, 0x0000, 0x0002, 0x0000, 0x0001, 0x0001, 0x0003, 0x0001, 0x0001, 0x0003, 0x0001, 0x0001, 0x0003, 0x0001, 0x0001, 
    0x0003, 0x0001, 0x0001, 0x0003, 0x0001, 0x0001, 0x0003, 0x0001, 0x0001, 0x0003, 0x0001, 0x0001, 0x0003, 0x0001, 0x0001, 0x0000, 
    0x0002, 0x0000, 0x0001, 0x0001, 0x0003, 0x0001, 0x0001, 0x0003, 0x0001, 0x0001, 0x0003, 0x0001, 0x0001, 0x0003, 0x0001, 0x0001, 
    0x0003, 0x0001, 0x0001, 0x0003, 0x0001, 0x0001, 0x0003, 0x0001, 0x0001, 0x0003, 0x0001, 0x0001, 0x0000, 0x0002, 0x0000, 0x0001, 
    0x0001, 0x0003, 0x0001, 0x0001, 0x0003, 0x0001, 0x0001, 0x0003, 0x0001, 0x0001, 0x0003, 0x0001, 0x0001, 0x0003, 0x0001, 0x0001, 
    0x0003, 0x0001, 0x0001, 0x0003, 0x0001, 0x0001, 0x0003, 0x0001, 0x0001, 0x0000, 0x0002, 0x0000, 0x0001, 0x0001, 0x0003, 0x0001, 
    0x0001, 0x0003, 0x0001, 0x0001, 0x0003, 0x0001, 0x0001, 0x0003, 0x0001, 0x0001, 0x0003, 0x0001, 0x0001, 0x0003, 0x0001, 0x0001, 
    0x0003, 0x0001, 0x0001, 0x0003, 0x0001, 0x0001, 0x0000, 0x0002, 0x0000, 0x0001, 0x0001, 0x0003, 0x0001, 0x0001, 0x0003, 0x0001, 
    0x0001, 0x0003, 0x0001, 0x0001, 0x0003, 0x0001, 0x0001, 0x0003, 0x0001, 0x0001, 0x0003, 0x0001, 0x0001, 0x0003, 0x0001, 0x0001, 
    0x0003, 0x0001, 0x0001, 0x0000, 0x0002, 0x0000, 0x0001, 0x0001, 0x0003, 0x0001, 0x0001, 0x0003, 0x0001, 0x0001, 0x0003, 0x0001, 
    0x0001, 0x0003, 0x0001, 0x0001, 0x0003, 0x0001, 0x0001, 0x0003, 0x0001, 0x0001, 0x0003, 0x0001, 0x0001, 0x0003, 0x0001, 0x0001, 
    0x0000, 0x0002, 0x0000, 0x0001, 0x0001, 0x0003, 0x0001, 0x0001, 0x0003, 0x0001, 0x0001, 0x0003, 0x0001, 0x0001, 0x0003, 0x0001, 
    0x0001, 0x0003, 0x0001, 0x0001, 0x0003, 0x0001, 0x0001, 0x0003, 0x0001, 0x0001, 0x0003, 0x0001, 0x0001, 0x0000, 0x0002, 0x0000, 
    0x0001, 0x0001, 0x0003, 0x0001, 0x0001, 0x0003, 0x0001, 0x0001, 0x0003, 0x0001, 0x0001, 0x0003, 0x0001, 0x0001, 0x0003, 0x0001, 
    0x0001, 0x0003, 0x0001, 0x0001, 0x0003, 0x0001, 0x0001, 0x0003, 0x0001, 0x0001, 0x0000, 0x0002, 0x0000, 0x0001, 0x0001, 0x0003, 
    0x0001, 0x0001, 0x0003, 0x0001, 0x0001, 0x0003, 0x0001, 0x0001, 0x0003, 0x0001, 0x0001, 0x0003, 0x0001, 0x0001, 0x0003, 0x0001, 
    0x0001, 0x0003, 0x0001, 0x0001, 0x0003, 0x0001, 0x0001, 0x0000, 0x0002, 0x0000, 0x0001, 0x0001, 0x0003, 0x0001, 0x0001, 0x0003, 
    0x0001, 0x0001, 0x0003, 0x0001, 0x0001, 0x0003, 0x0001, 0x0001, 0x0003, 0x0001, 0x0001, 0x0003, 0x0001, 0x0001, 0x0003, 0x0001, 
    0x0001, 0x0003, 0x0001, 0x0001, 0x0000, 0x0002, 0x0000, 0x0001, 0x0001, 0x0003, 0x0001, 0x0001, 0x0003, 0x0001, 0x0001, 0x0003, 
    0x0001, 0x0001, 0x0003, 0x0001, 0x0001, 0x0003, 0x0001, 0x0001, 0x0003, 0x0001, 0x0001, 0x0003, 0x0001, 0x0001, 0x0003, 0x0001, 
    0x0001, 0x0000, 0x0002, 0x0000, 0x0001, 0x0001, 0x0003, 0x0001, 0x0001, 0x0003, 0x0001, 0x0001, 0x0003, 0x0001, 0x0001, 0x0003, 
    0x0001, 0x0001, 0x0003, 0x0001, 0x0001, 0x0003, 0x0001, 0x0001, 0x0003, 0x0001, 0x0001, 0x0003, 0x0001, 0x0001, 0x0000, 0x0002, 
    0x0000, 0x0001, 0x0001, 0x0003, 0x0001, 0x0001, 0x0003, 0x0001, 0x0001, 0x0003, 0x0001, 0x0001, 0x0003, 0x0001, 0x0001, 0x0003, 
    0x0001, 0x0001, 0x0003, 0x0001, 0x0001, 0x0003, 0x0001, 0x0001, 0x0003, 0x0001, 0x0001, 0x0000, 0x0002, 0x0000, 0x0001, 0x0001, 
    0x0003, 0x0001, 0x0001, 0x0003, 0x0001, 0x0001, 0x0003, 0x0001, 0x0001, 0x0003, 0x0001, 0x0001, 0x0003, 0x0001, 0x0001, 0x0003, 
    0x0001, 0x0001, 0x0003, 0x0001, 0x0001, 0x0003, 0x0001, 0x0001, 0x0000, 0x0002, 0x0000, 0x0001, 0x0001, 0x0003, 0x0001, 0x0001, 
    0x0003, 0x0001, 0x0001, 0x0003, 0x0001, 0x0001, 0x0003, 0x0001, 0x0001, 0x0003, 0x0001, 0x0001, 0x0003, 0x0001, 0x0001, 0x0003, 
    0x0001, 0x0001, 0x0003, 0x0001, 0x0001, 0x0000, 0x0002, 0x0000, 0x0001, 0x0001, 0x0003, 0x0001, 0x0001, 0x0003, 0x0001, 0x0001, 
    0x0003, 0x0001, 0x0001, 0x0003, 0x0001, 0x0001, 0x0003, 0x0001, 0x0001, 0x0003, 0x0001, 0x0001, 0x0003, 0x0001, 0x0001, 0x0003, 
    0x0001, 0x0001, 0x0000, 0x0002, 0x0000, 0x0001, 0x0001, 0x0003, 0x0001, 0x0001, 0x0003, 0x0001, 0x0001, 0x0003, 0x0001, 0x0001, 
    0x0003, 0x0001, 0x0001, 0x0003, 0x0001, 0x0001, 0x0003, 0x0001, 0x0001, 0x0003, 0x0001, 0x0001, 0x0003, 0x0001, 0x0001, 0x0000, 
    0x0002, 0x0000, 0x0001, 0x0001, 0x0003, 0x0001, 0x0001, 0x0003, 0x0001, 0x0001, 0x0003, 0x0001, 0x0001, 0x0003, 0x0001, 0x0001, 
    0x0003, 0x0001, 0x0001, 0x0003, 0x0001, 0x0001, 0x0003, 0x0001, 0x0001, 0x0003, 0x0001, 0x0001, 0x0000, 0x0002, 0x0000, 0x0001, 
    0x0001, 0x0003, 0x0001, 0x0001, 0x0003, 0x0001, 0x0001, 0x0003, 0x0001, 0x0001, 0x0003, 0x0001, 0x0001, 0x0003, 0x0001, 0x0001, 
    0x0003, 0x0001, 0x0001, 0x0003, 0x0001, 0x0001, 0x0003, 0x0001, 0x0001, 0x0000, 0x0002, 0x0000, 0x0001, 0x0001, 0x0003, 0x0001, 
    0x0001, 0x0003, 0x0001, 0x0001, 0x0003, 0x0001, 0x0001, 0x0003, 0x0001, 0x0001, 0x0003, 0x0001, 0x0001, 0x0003, 0x0001, 0x0001, 
    0x0003, 0x0001, 0x0001, 0x0003, 0x0001, 0x0001, 0x0000, 0x0002, 0x0000, 0x0001, 0x0001, 0x0003, 0x0001, 0x0001, 0x0003, 0x0001, 
    0x0001, 0x0003, 0x0001, 0x0001, 0x0003, 0x0001, 0x0001, 0x0003, 0x0001, 0x0001, 0x0003, 0x0001, 0x0001, 0x0003, 0x0001, 0x0001, 
    0x0003, 0x0001, 0x0001, 0x0000, 0x0002, 0x0000, 0x0001, 0x0001, 0x0003, 0x0001, 0x0001, 0x0003, 0x0001, 0x0001, 0x0003, 0x0001, 
    0x0001, 0x0003, 0x0001, 0x0001, 0x0003, 0x0001, 0x0001, 0x0003, 0x0001, 0x0001, 0x0003, 0x0001, 0x0001, 0x0003, 0x0001, 0x0001, 
    0x0000, 0x0002, 0x0000, 0x0001, 0x0001, 0x0003, 0x0001, 0x0001, 0x0003, 0x0001, 0x0001, 0x0003, 0x0001, 0x0001, 0x0003, 0x0001, 
    0x0001, 0x0003, 0x0001, 0x0001, 0x0003, 0x0001, 0x0001, 0x0003, 0x0001, 0x0001, 0x0003, 0x0001, 0x0001, 0x0000, 0x0002, 0x0000, 
    0x0001, 0x0001, 0x0003, 0x0001, 0x0001, 0x0003, 0x0001, 0x0001, 0x0003, 0x0001, 0x0001, 0x0003, 0x0001, 0x0001, 0x0003, 0x0001, 
    0x0001, 0x0003, 0x0001, 0x0001, 0x0003, 0x0001, 0x0001, 0x0003, 0x0001, 0x0001, 0x0000, 0x0002, 0x0000, 0x0001, 0x0001, 0x0003, 
    0x0001, 0x0001, 0x0003, 0x0001, 0x0001, 0x0003, 0x0001, 0x0001, 0x0003, 0x0001, 0x0001, 0x0003, 0x0001, 0x0001, 0x0003, 0x0001, 
    0x0001, 0x0003, 0x0001, 0x0001, 0x0003, 0x0001, 0x0001, 0x0000, 0x0002, 0x0000, 0x0001, 0x0001, 0x0003, 0x0001, 0x0001, 0x0003, 
    0x0001, 0x0001, 0x0003, 0x0001, 0x0001, 0x0003, 0x0001, 0x0001, 0x0003, 0x0001, 0x0001, 0x0003, 0x0001, 0x0001, 0x0003, 0x0001, 
    0x0001, 0x0003, 0x0001, 0x0001, 0x0000, 0x0002, 0x0000, 0x0001, 0x0001, 0x0003, 0x0001, 0x0001, 0x0003, 0x0001, 0x0001, 0x0003, 
    0x0001, 0x0001, 0x0003, 0x0001, 0x0001, 0x0003, 0x0001, 0x0001, 0x0003, 0x0001, 0x0001, 0x0003, 0x0001, 0x0001, 0x0003, 0x0001, 
    0x0001, 0x0000, 0x0002, 0x0000, 0x0001, 0x0001, 0x0003, 0x0001, 0x0001, 0x0003, 0x0001, 0x0001, 0x0003, 0x0001, 0x0001, 0x0003, 
    0x0001, 0x0001, 0x0003, 0x0001, 0x0001, 0x0003, 0x0001, 0x0001, 0x0003, 0x0001, 0x0001, 0x0003, 0x0001, 0x0001, 0x0000, 0x0002, 
    0x0000, 0x0001, 0x0001, 0x0003, 0x0001, 0x0001, 0x0003, 0x0001, 0x0001, 0x0003, 0x0001, 0x0001, 0x0003, 0x0001, 0x0001, 0x0003, 
    0x0001, 0x0001, 0x0003, 0x0001, 0x0001, 0x0003, 0x0001, 0x0001, 0x0003, 0x0001, 0x0001, 0x0000, 0x0002, 0x0000, 0x0001, 0x0001, 
    0x0003, 0x0001, 0x0001, 0x0003, 0x0001, 0x0001, 0x0003, 0x0001, 0x0001, 0x0003, 0x0001, 0x0001, 0x0003, 0x0001, 0x0001, 0x0003, 
    0x0001, 0x0001, 0x0003, 0x0001, 0x0001, 0x0003, 0x0001, 0x0001, 0x0000, 0x0002, 0x0000, 0x0001, 0x0001, 0x0003, 0x0001, 0x0001, 
    0x0003, 0x0001, 0x0001, 0x0003, 0x0001, 0x0001, 0x0003, 0x0001, 0x0001, 0x0003, 0x0001, 0x0001, 0x0003, 0x0001, 0x0001, 0x0003, 
    0x0001, 0x0001, 0x0003, 0x0001, 0x0001, 0x0000, 0x0002, 0x0000, 0x0001, 0x0001, 0x0003, 0x0001, 0x0001, 0x0003, 0x0001, 0x0001, 
    0x0003, 0x0001, 0x0001, 0x0003, 0x0001, 0x0001, 0x0003, 0x0001, 0x0001, 0x0003, 0x0001, 0x0001, 0x0003, 0x0001, 0x0001, 0x0003, 
    0x0001, 0x0001, 0x0001, 0x0003, 0x0001, 0x0000, 0x0002, 0x0003, 0x0001, 0x0001, 0x0003, 0x0002, 0x0000, 0x0001, 0x0001, 0x0003, 
    0x0001, 0x0000, 0x0002, 0x0000, 0x0001, 0x0003, 0x0001, 0x0000, 0x0002, 0x0000, 0x0000, 0x0002, 0x0000, 0x0000, 0x0002, 0x0000, 
    0x0000, 0x0002, 0x0000, 0x0000, 0x0002, 0x0000, 0x0001, 0x0001, 0x0003, 0x0001, 0x0000, 0x0002, 0x0000, 0x0000, 0x0002, 0x0000, 
    0x0000, 0x0002, 0x0000, 0x0000, 0x0002, 0x0000, 0x0000, 0x0002, 0x0000, 0x0000, 0x0002, 0x0000, 0x0000, 0x0002, 0x0000, 0x0000, 
    0x0002, 0x0000, 0x0001, 0x0001, 0x0003, 0x0001, 0x0001, 0x0003, 0x0002, 0x0000, 0x0001, 0x0001, 0x0003, 0x0001, 0x0000, 0x0002, 
    0x0000, 0x0001, 0x0003, 0x0001, 0x0000, 0x0002, 0x0000, 0x0000, 0x0002, 0x0000, 0x0000, 0x0002, 0x0000, 0x0000, 0x0002, 0x0000, 
    0x0001, 0x0003, 0x0001, 0x0001, 0x0001, 0x0003, 0x0001, 0x0001, 0x0003, 0x0001, 0x0001, 0x0003, 0x0001, 0x0001, 0x0003, 0x0001, 
    0x0001, 0x0003, 0x0001, 0x0001, 0x0003, 0x0001, 0x0001, 0x0003, 0x0001, 0x0001, 0x0003, 0x0001, 0x0001, 0x0003, 0x0001, 0x0001, 
    0x0000, 0x0002, 0x0000, 0x0001, 0x0001, 0x0003, 0x0001, 0x0001, 0x0003, 0x0001, 0x0001, 0x0003, 0x0001, 0x0001, 0x0003, 0x0001, 
    0x0001, 0x0003, 0x0001, 0x0001, 0x0003, 0x0001, 0x0001, 0x0003, 0x0001, 0x0001, 0x0003, 0x0001, 0x0001, 0x0000, 0x0002, 0x0000, 
    0x0001, 0x0001, 0x0003, 0x0001, 0x0001, 0x0003, 0x0001, 0x0001, 0x0003, 0x0001, 0x0001, 0x0003, 0x0001, 0x0001, 0x0003, 0x0001, 
    0x0001, 0x0003, 0x0001, 0x0001, 0x0003, 0x0001, 0x0001, 0x0003, 0x0001, 0x0001, 0x0000, 0x0002, 0x0000, 0x0001, 0x0001, 0x0003, 
    0x0001, 0x0001, 0x0003, 0x0001, 0x0001, 0x0003, 0x0001, 0x0001, 0x0003, 0x0001, 0x0001, 0x0003, 0x0001, 0x0001, 0x0003, 0x0001, 
    0x0001, 0x0003, 0x0001, 0x0001, 0x0003, 0x0001, 0x0001, 0x0000, 0x0002, 0x0000, 0x0001, 0x0001, 0x0003, 0x0001, 0x0001, 0x0003, 
    0x0001, 0x0001, 0x0003, 0x0001, 0x0001, 0x0003, 0x0001, 0x0001, 0x0003, 0x0001, 0x0001, 0x0003, 0x0001, 0x0001, 0x0003, 0x0001, 
    0x0001, 0x0003, 0x0001, 0x0001, 0x0000, 0x0002, 0x0000, 0x0001, 0x0001, 0x0003, 0x0001, 0x0001, 0x0003, 0x0001, 0x0001, 0x0003, 
    0x0001, 0x0001, 0x0003, 0x0001, 0x0001, 0x0003, 0x0001, 0x0001, 0x0003, 0x0001, 0x0001, 0x0003, 0x0001, 0x0001, 0x0003, 0x0001, 
    0x0001, 0x0000, 0x0002, 0x0000, 0x0001, 0x0001, 0x0003, 0x0001, 0x0001, 0x0003, 0x0001, 0x0001, 0x0003, 0x0001, 0x0001, 0x0003, 
    0x0001, 0x0001, 0x0003, 0x0001, 0x0001, 0x0003, 0x0001, 0x0001, 0x0003, 0x0001, 0x0001, 0x0003, 0x0001, 0x0001, 0x0000, 0x0002, 
    0x0000, 0x0001, 0x0001, 0x0003, 0x0001, 0x0001, 0x0003, 0x0001, 0x0001, 0x0003, 0x0001, 0x0001, 0x0003, 0x0001, 0x0001, 0x0003, 
    0x0001, 0x0001, 0x0003, 0x0001, 0x0001, 0x0003, 0x0001, 0x0001, 0x0003, 0x0001, 0x0001, 0x0001, 0x0003, 0x0001, 0x0000, 0x0002, 
    0x0003, 0x0001, 0x0001, 0x0003, 0x0002, 0x0000, 0x0001, 0x0001, 0x0003, 0x0001, 0x0000, 0x0002, 0x0000, 0x0001, 0x0003, 0x0001, 
    0x0000, 0x0002, 0x0000, 0x0000, 0x0002, 0x0000, 0x0000, 0x0002, 0x0000, 0x0000, 0x0002, 0x0000, 0x0000, 0x0002, 0x0000, 0x0001, 
    0x0001, 0x0003, 0x0001, 0x0000, 0x0002, 0x0000, 0x0000, 0x0002, 0x0000, 0x0000, 0x0002, 0x0000, 0x0000, 0x0002, 0x0000, 0x0000, 
    0x0002, 0x0000, 0x0000, 0x0002, 0x0000, 0x0000, 0x0002, 0x0000, 0x0000, 0x0002, 0x0000, 0x0001, 0x0001, 0x0003, 0x0001, 0x0001, 
    0x0003, 0x0002, 0x0000, 0x0001, 0x0001, 0x0003, 0x0001, 0x0000, 0x0002, 0x0000, 0x0001, 0x0003, 0x0001, 0x0000, 0x0002, 0x0000, 
    0x0000, 0x0002, 0x0000, 0x0000, 0x0002, 0x0000, 0x0000, 0x0002, 0x0000, 0x0001, 0x0003, 0x0001, 0x0001, 0x0001, 0x0003, 0x0001, 
    0x0001, 0x0003, 0x0001, 0x0001, 0x0003, 0x0001, 0x0001, 0x0003, 0x0001, 0x0001, 0x0003, 0x0001, 0x0001, 0x0003, 0x0001, 0x0001, 
    0x0003, 0x0001, 0x0001, 0x0003, 0x0001, 0x0001, 0x0003, 0x0001, 0x0001, 0x0000, 0x0002, 0x0000, 0x0001, 0x0001, 0x0003, 0x0001, 
    0x0001, 0x0003, 0x0001, 0x0001, 0x0003, 0x0001, 0x0001, 0x0003, 0x0001, 0x0001, 0x0003, 0x0001, 0x0001, 0x0003, 0x0001, 0x0001, 
    0x0003, 0x0001, 0x0001, 0x0003, 0x0001, 0x0001, 0x0000, 0x0002, 0x0000, 0x0001, 0x0001, 0x0003, 0x0001, 0x0001, 0x0003, 0x0001, 
    0x0001, 0x0003, 0x0001, 0x0001, 0x0003, 0x0001, 0x0001, 0x0003, 0x0001, 0x0001, 0x0003, 0x0001, 0x0001, 0x0003, 0x0001, 0x0001, 
    0x0003, 0x0001, 0x0001, 0x0000, 0x0002, 0x0000, 0x0001, 0x0001, 0x0003, 0x0001, 0x0001, 0x0003, 0x0001, 0x0001, 0x0003, 0x0001, 
    0x0001, 0x0003, 0x0001, 0x0001, 0x0003, 0x0001, 0x0001, 0x0003, 0x0001, 0x0001, 0x0003, 0x0001, 0x0001, 0x0003, 0x0001, 0x0001, 
    0x0000, 0x0002, 0x0000, 0x0001, 0x0001, 0x0003, 0x0001, 0x0001, 0x0003, 0x0001, 0x0001, 0x0003, 0x0001, 0x0001, 0x0003, 0x0001, 
    0x0001, 0x0003, 0x0001, 0x0001, 0x0003, 0x0001, 0x0001, 0x0003, 0x0001, 0x0001, 0x0003, 0x0001, 0x0001, 0x0000, 0x0002, 0x0000, 
    0x0001, 0x0001, 0x0003, 0x0001, 0x0001, 0x0003, 0x0001, 0x0001, 0x0003, 0x0001, 0x0001, 0x0003, 0x0001, 0x0001, 0x0003, 0x0001, 
    0x0001, 0x0003, 0x0001, 0x0001, 0x0003, 0x0001, 0x0001, 0x0003, 0x0001, 0x0001, 0x0000, 0x0002, 0x0000, 0x0001, 0x0001, 0x0003, 
    0x0001, 0x0001, 0x0003, 0x0001, 0x0001, 0x0003, 0x0001, 0x0001, 0x0003, 0x0001, 0x0001, 0x0003, 0x0001, 0x0001, 0x0003, 0x0001, 
    0x0001, 0x0003, 0x0001, 0x0001, 0x0003, 0x0001, 0x0001, 0x0000, 0x0002, 0x0000, 0x0001, 0x0001, 0x0003, 0x0001, 0x0001, 0x0003, 
    0x0001, 0x0001, 0x0003, 0x0001, 0x0001, 0x0003, 0x0001, 0x0001, 0x0003, 0x0001, 0x0001, 0x0003, 0x0001, 0x0001, 0x0003, 0x0001, 
    0x0001, 0x0003, 0x0001, 0x0001, 0x0000, 0x0002, 0x0000, 0x0001, 0x0001, 0x0003, 0x0001, 0x0001, 0x0003, 0x0001, 0x0001, 0x0003, 
    0x0001, 0x0001, 0x0003, 0x0001, 0x0001, 0x0003, 0x0001, 0x0001, 0x0003, 0x0001, 0x0001, 0x0003, 0x0001, 0x0001, 0x0003, 0x0001, 
    0x0001, 0x0000, 0x0002, 0x0000, 0x0001, 0x0001, 0x0003, 0x0001, 0x0001, 0x0003, 0x0001, 0x0001, 0x0003, 0x0001, 0x0001, 0x0003, 
    0x0001, 0x0001, 0x0003, 0x0001, 0x0001, 0x0003, 0x0001, 0x0001, 0x0003, 0x0001, 0x0001, 0x0003, 0x0001, 0x0001, 0x0000, 0x0002, 
    0x0000, 0x0001, 0x0001, 0x0003, 0x0001, 0x0001, 0x0003, 0x0001, 0x0001, 0x0003, 0x0001, 0x0001, 0x0003, 0x0001, 0x0001, 0x0003, 
    0x0001, 0x0001, 0x0003, 0x0001, 0x0001, 0x0003, 0x0001, 0x0001, 0x0003, 0x0001, 0x0001, 0x0000, 0x0002, 0x0000, 0x0001, 0x0001, 
    0x0003, 0x0001, 0x0001, 0x0003, 0x0001, 0x0001, 0x0003, 0x0001, 0x0001, 0x0003, 0x0001, 0x0001, 0x0003, 0x0001, 0x0001, 0x0003, 
    0x0001, 0x0001, 0x0003, 0x0001, 0x0001, 0x0003, 0x0001, 0x0001, 0x0000, 0x0002, 0x0000, 0x0001, 0x0001, 0x0003, 0x0001, 0x0001, 
    0x0003, 0x0001, 0x0001, 0x0003, 0x0001, 0x0001, 0x0003, 0x0001, 0x0001, 0x0003, 0x0001, 0x0001, 0x0003, 0x0001, 0x0001, 0x0003, 
    0x0001, 0x0001, 0x0003, 0x0001, 0x0001, 0x0000, 0x0002, 0x0000, 0x0001, 0x0001, 0x0003, 0x0001, 0x0001, 0x0003, 0x0001, 0x0001, 
    0x0003, 0x0001, 0x0001, 0x0003, 0x0001, 0x0001, 0x0003, 0x0001, 0x0001, 0x0003, 0x0001, 0x0001, 0x0003, 0x0001, 0x0001, 0x0003, 
    0x0001, 0x0001, 0x0000, 0x0002, 0x0000, 0x0001, 0x0001, 0x0003, 0x0001, 0x0001, 0x0003, 0x0001, 0x0001, 0x0003, 0x0001, 0x0001, 
    0x0003, 0x0001, 0x0001, 0x0003, 0x0001, 0x0001, 0x0003, 0x0001, 0x0001, 0x0003, 0x0001, 0x0001, 0x0003, 0x0001, 0x0001, 0x0000, 
    0x0002, 0x0000, 0x0001, 0x0001, 0x0003, 0x0001, 0x0001, 0x0003, 0x0001, 0x0001, 0x0003, 0x0001, 0x0001, 0x0003, 0x0001, 0x0001, 
    0x0003, 0x0001, 0x0001, 0x0003, 0x0001, 0x0001, 0x0003, 0x0001, 0x0001, 0x0003, 0x0001, 0x0001, 0x0000, 0x0002, 0x0000, 0x0001, 
    0x0001, 0x0003, 0x0001, 0x0001, 0x0003, 0x0001, 0x0001, 0x0003, 0x0001, 0x0001, 0x0003, 0x0001, 0x0001, 0x0003, 0x0001, 0x0001, 
    0x0003, 0x0001, 0x0001, 0x0003, 0x0001, 0x0001, 0x0003, 0x0001, 0x0001, 0x0000, 0x0002, 0x0000, 0x0001, 0x0001, 0x0003, 0x0001, 
    0x0001, 0x0003, 0x0001, 0x0001, 0x0003, 0x0001, 0x0001, 0x0003, 0x0001, 0x0001, 0x0003, 0x0001, 0x0001, 0x0003, 0x0001, 0x0001, 
    0x0003, 0x0001, 0x0001, 0x0003, 0x0001, 0x0001, 0x0000, 0x0002, 0x0000, 0x0001, 0x0001, 0x0003, 0x0001, 0x0001, 0x0003, 0x0001, 
    0x0001, 0x0003, 0x0001, 0x0001, 0x0003, 0x0001, 0x0001, 0x0003, 0x0001, 0x0001, 0x0003, 0x0001, 0x0001, 0x0003, 0x0001, 0x0001, 
    0x0003, 0x0001, 0x0001, 0x0000, 0x0002, 0x0000, 0x0001, 0x0001, 0x0003, 0x0001, 0x0001, 0x0003, 0x0001, 0x0001, 0x0003, 0x0001, 
    0x0001, 0x0003, 0x0001, 0x0001, 0x0003, 0x0001, 0x0001, 0x0003, 0x0001, 0x0001, 0x0003, 0x0001, 0x0001, 0x0003, 0x0001, 0x0001, 
    0x0000, 0x0002, 0x0000, 0x0001, 0x0001, 0x0003, 0x0001, 0x0001, 0x0003, 0x0001, 0x0001, 0x0003, 0x0001, 0x0001, 0x0003, 0x0001, 
    0x0001, 0x0003, 0x0001, 0x0001, 0x0003, 0x0001, 0x0001, 0x0003, 0x0001, 0x0001, 0x0003, 0x0001, 0x0001, 0x0000, 0x0002, 0x0000, 
    0x0001, 0x0001, 0x0003, 0x0001, 0x0001, 0x0003, 0x0001, 0x0001, 0x0003, 0x0001, 0x0001, 0x0003, 0x0001, 0x0001, 0x0003, 0x0001, 
    0x0001, 0x0003, 0x0001, 0x0001, 0x0003, 0x0001, 0x0001, 0x0003, 0x0001, 0x0001, 0x0000, 0x0002, 0x0000, 0x0001, 0x0001, 0x0003, 
    0x0001, 0x0001, 0x0003, 0x0001, 0x0001, 0x0003, 0x0001, 0x0001, 0x0003, 0x0001, 0x0001, 0x0003, 0x0001, 0x0001, 0x0003, 0x0001, 
    0x0001, 0x0003, 0x0001, 0x0001, 0x0003, 0x0001, 0x0001, 0x0000, 0x0002, 0x0000, 0x0001, 0x0001, 0x0003, 0x0001, 0x0001, 0x0003, 
    0x0001, 0x0001, 0x0003, 0x0001, 0x0001, 0x0003, 0x0001, 0x0001, 0x0003, 0x0001, 0x0001, 0x0003, 0x0001, 0x0001, 0x0003, 0x0001, 
    0x0001, 0x0003, 0x0001, 0x0001, 0x0000, 0x0002, 0x0000, 0x0001, 0x0001, 0x0003, 0x0001, 0x0001, 0x0003, 0x0001, 0x0001, 0x0003, 
    0x0001, 0x0001, 0x0003, 0x0001, 0x0001, 0x0003, 0x0001, 0x0001, 0x0003, 0x0001, 0x0001, 0x0003, 0x0001, 0x0001, 0x0003, 0x0001, 
    0x0001, 0x0000, 0x0002, 0x0000, 0x0001, 0x0001, 0x0003, 0x0001, 0x0001, 0x0003, 0x0001, 0x0001, 0x0003, 0x0001, 0x0001, 0x0003, 
    0x0001, 0x0001, 0x0003, 0x0001, 0x0001, 0x0003, 0x0001, 0x0001, 0x0003, 0x0001, 0x0001, 0x0003, 0x0001, 0x0001, 0x0000, 0x0002, 
    0x0000, 0x0001, 0x0001, 0x0003, 0x0001, 0x0001, 0x0003, 0x0001, 0x0001, 0x0003, 0x0001, 0x0001, 0x0003, 0x0001, 0x0001, 0x0003, 
    0x0001, 0x0001, 0x0003, 0x0001, 0x0001, 0x0003, 0x0001, 0x0001, 0x0003, 0x0001, 0x0001, 0x0000, 0x0002, 0x0000, 0x0001, 0x0001, 
    0x0003, 0x0001, 0x0001, 0x0003, 0x0001, 0x0001, 0x0003, 0x0001, 0x0001, 0x0003, 0x0001, 0x0001, 0x0003, 0x0001, 0x0001, 0x0003, 
    0x0001, 0x0001, 0x0003, 0x0001, 0x0001, 0x0003, 0x0001, 0x0001, 0x0000, 0x0002, 0x0000, 0x0001, 0x0001, 0x0003, 0x0001, 0x0001, 
    0x0003, 0x0001, 0x0001, 0x0003, 0x0001, 0x0001, 0x0003, 0x0001, 0x0001, 0x0003, 0x0001, 0x0001, 0x0003, 0x0001, 0x0001, 0x0003, 
    0x0001, 0x0001, 0x0003, 0x0001, 0x0001, 0x0000, 0x0002, 0x0000, 0x0001, 0x0001, 0x0003, 0x0001, 0x0001, 0x0003, 0x0001, 0x0001, 
    0x0003, 0x0001, 0x0001, 0x0003, 0x0001, 0x0001, 0x0003, 0x0001, 0x0001, 0x0003, 0x0001, 0x0001, 0x0003, 0x0001, 0x0001, 0x0003, 
    0x0001, 0x0001, 0x0000, 0x0002, 0x0000, 0x0001, 0x0001, 0x0003, 0x0001, 0x0001, 0x0003, 0x0001, 0x0001, 0x0003, 0x0001, 0x0001, 
    0x0003, 0x0001, 0x0001, 0x0003, 0x0001, 0x0001, 0x0003, 0x0001, 0x0001, 0x0003, 0x0001, 0x0001, 0x0003, 0x0001, 0x0001, 0x0000, 
    0x0002, 0x0000, 0x0001, 0x0001, 0x0003, 0x0001, 0x0001, 0x0003, 0x0001, 0x0001, 0x0003, 0x0001, 0x0001, 0x0003, 0x0001, 0x0001, 
    0x0003, 0x0001, 0x0001, 0x0003, 0x0001, 0x0001, 0x0003, 0x0001, 0x0001, 0x0003, 0x0001, 0x0001, 0x0000, 0x0002, 0x0000, 0x0001, 
    0x0001, 0x0003, 0x0001, 0x0001, 0x0003, 0x0001, 0x0001, 0x0003, 0x0001, 0x0001, 0x0003, 0x0001, 0x0001, 0x0003, 0x0001, 0x0001, 
    0x0003, 0x0001, 0x0001, 0x0003, 0x0001, 0x0001, 0x0003, 0x0001, 0x0001, 0x0000, 0x0002, 0x0000, 0x0001, 0x0001, 0x0003, 0x0001, 
    0x0001, 0x0003, 0x0001, 0x0001, 0x0003, 0x0001, 0x0001, 0x0003, 0x0001, 0x0001, 0x0003, 0x0001, 0x0001, 0x0003, 0x0001, 0x0001, 
    0x0003, 0x0001, 0x0001, 0x0003, 0x0001, 0x0001, 0x0000, 0x0002, 0x0000, 0x0001, 0x0001, 0x0003, 0x0001, 0x0001, 0x0003, 0x0001, 
    0x0001, 0x0003, 0x0001, 0x0001, 0x0003, 0x0001, 0x0001, 0x0003, 0x0001, 0x0001, 0x0003, 0x0001, 0x0001, 0x0003, 0x0001, 0x0001, 
    0x0003, 0x0001, 0x0001, 0x0000, 0x0002, 0x0000, 0x0001, 0x0001, 0x0003, 0x0001, 0x0001, 0x0003, 0x0001, 0x0001, 0x0003, 0x0001, 
    0x0001, 0x0003, 0x0001, 0x0001, 0x0003, 0x0001, 0x0001, 0x0003, 0x0001, 0x0001, 0x0003, 0x0001, 0x0001, 0x0003, 0x0001, 0x0001, 
    0x0000, 0x0002, 0x0000, 0x0001, 0x0001, 0x0003, 0x0001, 0x0001, 0x0003, 0x0001, 0x0001, 0x0003, 0x0001, 0x0001, 0x0003, 0x0001, 
    0x0001, 0x0003, 0x0001, 0x0001, 0x0003, 0x0001, 0x0001, 0x0003, 0x0001, 0x0001, 0x0003, 0x0001, 0x0001, 0x0000, 0x0002, 0x0000, 
    0x0001, 0x0001, 0x0003, 0x0001, 0x0001, 0x0003, 0x0001, 0x0001, 0x0003, 0x0001, 0x0001, 0x0003, 0x0001, 0x0001, 0x0003, 0x0001, 
    0x0001, 0x0003, 0x0001, 0x0001, 0x0003, 0x0001, 0x0001, 0x0003, 0x0001, 0x0001, 0x0000, 0x0002, 0x0000, 0x0001, 0x0001, 0x0003, 
    0x0001, 0x0001, 0x0003, 0x0001, 0x0001, 0x0003, 0x0001, 0x0001, 0x0003, 0x0001, 0x0001, 0x0003, 0x0001, 0x0001, 0x0003, 0x0001, 
    0x0001, 0x0003, 0x0001, 0x0001, 0x0003, 0x0001, 0x0001, 0x0000, 0x0002, 0x0000, 0x0001, 0x0001, 0x0003, 0x0001, 0x0001, 0x0003, 
    0x0001, 0x0001, 0x0003, 0x0001, 0x0001, 0x0003, 0x0001, 0x0001, 0x0003, 0x0001, 0x0001, 0x0003, 0x0001, 0x0001, 0x0003, 0x0001, 
    0x0001, 0x0003, 0x0001, 0x0001, 0x0000, 0x0002, 0x0000, 0x0001, 0x0001, 0x0003, 0x0001, 0x0001, 0x0003, 0x0001, 0x0001, 0x0003, 
    0x0001, 0x0001, 0x0003, 0x0001, 0x0001, 0x0003, 0x0001, 0x0001, 0x0003, 0x0001, 0x0001, 0x0003, 0x0001, 0x0001, 0x0003, 0x0001, 
    0x0001, 0x0000, 0x0002, 0x0000, 0x0001, 0x0001, 0x0003, 0x0001, 0x0001, 0x0003, 0x0001, 0x0001, 0x0003, 0x0001, 0x0001, 0x0003, 
    0x0001, 0x0001, 0x0003, 0x0001, 0x0001, 0x0003, 0x0001, 0x0001, 0x0003, 0x0001, 0x0001, 0x0003, 0x0001, 0x0001, 0x0000, 0x0002, 
    0x0000, 0x0001, 0x0001, 0x0003, 0x0001, 0x0001, 0x0003, 0x0001, 0x0001, 0x0003, 0x0001, 0x0001, 0x0003, 0x0001, 0x0001, 0x0003, 
    0x0001, 0x0001, 0x0003, 0x0001, 0x0001, 0x0003, 0x0001, 0x0001, 0x0003, 0x0001, 0x0001, 0x0000, 0x0002, 0x0000, 0x0001, 0x0001, 
    0x0003, 0x0001, 0x0001, 0x0003, 0x0001, 0x0001, 0x0003, 0x0001, 0x0001, 0x0003, 0x0001, 0x0001, 0x0003, 0x0001, 0x0001, 0x0003, 
    0x0001, 0x0001, 0x0003, 0x0001, 0x0001, 0x0003, 0x0001, 0x0001, 0x0000, 0x0002, 0x0000, 0x0001, 0x0001, 0x0003, 0x0001, 0x0001, 
    0x0003, 0x0001, 0x0001, 0x0003, 0x0001, 0x0001, 0x0003, 0x0001, 0x0001, 0x0003, 0x0001, 0x0001, 0x0003, 0x0001, 0x0001, 0x0003, 
    0x0001, 0x0001, 0x0003, 0x0001, 0x0001, 0x0000, 0x0002, 0x0000, 0x0001, 0x0001, 0x0003, 0x0001, 0x0001, 0x0003, 0x0001, 0x0001, 
    0x0003, 0x0001, 0x0001, 0x0003, 0x0001, 0x0001, 0x0003, 0x0001, 0x0001, 0x0003, 0x0001, 0x0001, 0x0003, 0x0001, 0x0001, 0x0003, 
    0x0001, 0x0001, 0x0000, 0x0002, 0x0000, 0x0001, 0x0001, 0x0003, 0x0001, 0x0001, 0x0003, 0x0001, 0x0001, 0x0003, 0x0001, 0x0001, 
    0x0003, 0x0001, 0x0001, 0x0003, 0x0001, 0x0001, 0x0003, 0x0001, 0x0001, 0x0003, 0x0001, 0x0001, 0x0003, 0x0001, 0x0001, 0x0000, 
    0x0002, 0x0000, 0x0001, 0x0001, 0x0003, 0x0001, 0x0001, 0x0003, 0x0001, 0x0001, 0x0003, 0x0001, 0x0001, 0x0003, 0x0001, 0x0001, 
    0x0003, 0x0001, 0x0001, 0x0003, 0x0001, 0x0001, 0x0003, 0x0001, 0x0001, 0x0003, 0x0001, 0x0001, 0x0000, 0x0002, 0x0000, 0x0001, 
    0x0001, 0x0003, 0x0001, 0x0001, 0x0003, 0x0001, 0x0001, 0x0003, 0x0001, 0x0001, 0x0003, 0x0001, 0x0001, 0x0003, 0x0001, 0x0001, 
    0x0003, 0x0001, 0x0001, 0x0003, 0x0001, 0x0001, 0x0003, 0x0001, 0x0001, 0x0000, 0x0002, 0x0000, 0x0001, 0x0001, 0x0003, 0x0001, 
    0x0001, 0x0003, 0x0001, 0x0001, 0x0003, 0x0001, 0x0001, 0x0003, 0x0001, 0x0001, 0x0003, 0x0001, 0x0001, 0x0003, 0x0001, 0x0001, 
    0x0003, 0x0001, 0x0001, 0x0003, 0x0001, 0x0001, 0x0000, 0x0002, 0x0000, 0x0001, 0x0001, 0x0003, 0x0001, 0x0001, 0x0003, 0x0001, 
    0x0001, 0x0003, 0x0001, 0x0001, 0x0003, 0x0001, 0x0001, 0x0003, 0x0001, 0x0001, 0x0003, 0x0001, 0x0001, 0x0003, 0x0001, 0x0001, 
    0x0003, 0x0001, 0x0001, 0x0000, 0x0002, 0x0000, 0x0001, 0x0001, 0x0003, 0x0001, 0x0001, 0x0003, 0x0001, 0x0001, 0x0003, 0x0001, 
    0x0001, 0x0003, 0x0001, 0x0001, 0x0003, 0x0001, 0x0001, 0x0003, 0x0001, 0x0001, 0x0003, 0x0001, 0x0001, 0x0003, 0x0001, 0x0001, 
    0x0000, 0x0002, 0x0000, 0x0001, 0x0001, 0x0003, 0x0001, 0x0001, 0x0003, 0x0001, 0x0001, 0x0003, 0x0001, 0x0001, 0x0003, 0x0001, 
    0x0001, 0x0003, 0x0001, 0x0001, 0x0003, 0x0001, 0x0001, 0x0003, 0x0001, 0x0001, 0x0003, 0x0001, 0x0001, 0x0000, 0x0002, 0x0000, 
    0x0001, 0x0001, 0x0003, 0x0001, 0x0001, 0x0003, 0x0001, 0x0001, 0x0003, 0x0001, 0x0001, 0x0003, 0x0001, 0x0001, 0x0003, 0x0001, 
    0x0001, 0x0003, 0x0001, 0x0001, 0x0003, 0x0001, 0x0001, 0x0003, 0x0001, 0x0001, 0x0000, 0x0002, 0x0000, 0x0001, 0x0001, 0x0003, 
    0x0001, 0x0001, 0x0003, 0x0001, 0x0001, 0x0003, 0x0001, 0x0001, 0x0003, 0x0001, 0x0001, 0x0003, 0x0001, 0x0001, 0x0003, 0x0001, 
    0x0001, 0x0003, 0x0001, 0x0001, 0x0003, 0x0001, 0x0001, 0x0000, 0x0002, 0x0000, 0x0001, 0x0001, 0x0003, 0x0001, 0x0001, 0x0003, 
    0x0001, 0x0001, 0x0003, 0x0001, 0x0001, 0x0003, 0x0001, 0x0001, 0x0003, 0x0001, 0x0001, 0x0003, 0x0001, 0x0001, 0x0003, 0x0001, 
    0x0001, 0x0003, 0x0001, 0x0001, 0x0000, 0x0002, 0x0000, 0x0001, 0x0001, 0x0003, 0x0001, 0x0001, 0x0003, 0x0001, 0x0001, 0x0003, 
    0x0001, 0x0001, 0x0003, 0x0001, 0x0001, 0x0003, 0x0001, 0x0001, 0x0003, 0x0001, 0x0001, 0x0003, 0x0001, 0x0001, 0x0003, 0x0001, 
    0x0001, 0x0000, 0x0002, 0x0000, 0x0001, 0x0001, 0x0003, 0x0001, 0x0001, 0x0003, 0x0001, 0x0001, 0x0003, 0x0001, 0x0001, 0x0003, 
    0x0001, 0x0001, 0x0003, 0x0001, 0x0001, 0x0003, 0x0001, 0x0001, 0x0003, 0x0001, 0x0001, 0x0003, 0x0001, 0x0001, 0x0000, 0x0002, 
    0x0000, 0x0001, 0x0001, 0x0003, 0x0001, 0x0001, 0x0003, 0x0001, 0x0001, 0x0003, 0x0001, 0x0001, 0x0003, 0x0001, 0x0001, 0x0003, 
    0x0001, 0x0001, 0x0003, 0x0001, 0x0001, 0x0003, 0x0001, 0x0001, 0x0003, 0x0001, 0x0001, 0x0000, 0x0002, 0x0000, 0x0001, 0x0001, 
    0x0003, 0x0001, 0x0001, 0x0003, 0x0001, 0x0001, 0x0003, 0x0001, 0x0001, 0x0003, 0x0001, 0x0001, 0x0003, 0x0001, 0x0001, 0x0003, 
    0x0001, 0x0001, 0x0003, 0x0001, 0x0001, 0x0003, 0x0001, 0x0001, 0x0000, 0x0002, 0x0000, 0x0001, 0x0001, 0x0003, 0x0001, 0x0001, 
    0x0003, 0x0001, 0x0001, 0x0003, 0x0001, 0x0001, 0x0003, 0x0001, 0x0001, 0x0003, 0x0001, 0x0001, 0x0003, 0x0001, 0x0001, 0x0003, 
    0x0001, 0x0001, 0x0003, 0x0001, 0x0001, 0x0000, 0x0002, 0x0000, 0x0001, 0x0001, 0x0003, 0x0001, 0x0001, 0x0003, 0x0001, 0x0001, 
    0x0003, 0x0001, 0x0001, 0x0003, 0x0001, 0x0001, 0x0003, 0x0001, 0x0001, 0x0003, 0x0001, 0x0001, 0x0003, 0x0001, 0x0001, 0x0003, 
    0x0001, 0x0001, 0x0000, 0x0002, 0x0000, 0x0001, 0x0001, 0x0003, 0x0001, 0x0001, 0x0003, 0x0001, 0x0001, 0x0003, 0x0001, 0x0001, 
    0x0003, 0x0001, 0x0001, 0x0003, 0x0001, 0x0001, 0x0003, 0x0001, 0x0001, 0x0003, 0x0001, 0x0001, 0x0003, 0x0001, 0x0001, 0x0000, 
    0x0002, 0x0000, 0x0001, 0x0001, 0x0003, 0x0001, 0x0001, 0x0003, 0x0001, 0x0001, 0x0003, 0x0001, 0x0001, 0x0003, 0x0001, 0x0001, 
    0x0003, 0x0001, 0x0001, 0x0003, 0x0001, 0x0001, 0x0003, 0x0001, 0x0001, 0x0003, 0x0001, 0x0001, 0x0000, 0x0002, 0x0000, 0x0001, 
    0x0001, 0x0003, 0x0001, 0x0001, 0x0003, 0x0001, 0x0001, 0x0003, 0x0001, 0x0001, 0x0003, 0x0001, 0x0001, 0x0003, 0x0001, 0x0001, 
    0x0003, 0x0001, 0x0001, 0x0003, 0x0001, 0x0001, 0x0003, 0x0001, 0x0001, 0x0000, 0x0002, 0x0000, 0x0001, 0x0001, 0x0003, 0x0001, 
    0x0001, 0x0003, 0x0001, 0x0001, 0x0003, 0x0001, 0x0001, 0x0003, 0x0001, 0x0001, 0x0003, 0x0001, 0x0001, 0x0003, 0x0001, 0x0001, 
    0x0003, 0x0001, 0x0001, 0x0003, 0x0001, 0x0001, 0x0000, 0x0002, 0x0000, 0x0001, 0x0001, 0x0003, 0x0001, 0x0001, 0x0003, 0x0001, 
    0x0001, 0x0003, 0x0001, 0x0001, 0x0003, 0x0001, 0x0001, 0x0003, 0x0001, 0x0001, 0x0003, 0x0001, 0x0001, 0x0003, 0x0001, 0x0001, 
    0x0003, 0x0001, 0x0001, 0x0000, 0x0002, 0x0000, 0x0001, 0x0001, 0x0003, 0x0001, 0x0001, 0x0003, 0x0001, 0x0001, 0x0003, 0x0001, 
    0x0001, 0x0003, 0x0001, 0x0001, 0x0003, 0x0001, 0x0001, 0x0003, 0x0001, 0x0001, 0x0003, 0x0001, 0x0001, 0x0003, 0x0001, 0x0001, 
    0x0000, 0x0002, 0x0000, 0x0001, 0x0001, 0x0003, 0x0001, 0x0001, 0x0003, 0x0001, 0x0001, 0x0003, 0x0001, 0x0001, 0x0003, 0x0001, 
    0x0001, 0x0003, 0x0001, 0x0001, 0x0003, 0x0001, 0x0001, 0x0003, 0x0001, 0x0001, 0x0003, 0x0001, 0x0001, 0x0000, 0x0002, 0x0000, 
    0x0001, 0x0001, 0x0003, 0x0001, 0x0001, 0x0003, 0x0001, 0x0001, 0x0003, 0x0001, 0x0001, 0x0003, 0x0001, 0x0001, 0x0003, 0x0001, 
    0x0001, 0x0003, 0x0001, 0x0001, 0x0003, 0x0001, 0x0001, 0x0003, 0x0001, 0x0001, 0x0000, 0x0002, 0x0000, 0x0001, 0x0001, 0x0003, 
    0x0001, 0x0001, 0x0003, 0x0001, 0x0001, 0x0003, 0x0001, 0x0001, 0x0003, 0x0001, 0x0001, 0x0003, 0x0001, 0x0001, 0x0003, 0x0001, 
    0x0001, 0x0003, 0x0001, 0x0001, 0x0003, 0x0001, 0x0001, 0x0000, 0x0002, 0x0000, 0x0001, 0x0001, 0x0003, 0x0001, 0x0001, 0x0003, 
    0x0001, 0x0001, 0x0003, 0x0001, 0x0001, 0x0003, 0x0001, 0x0001, 0x0003, 0x0001, 0x0001, 0x0003, 0x0001, 0x0001, 0x0003, 0x0001, 
    0x0001, 0x0003, 0x0001, 0x0001, 0x0000, 0x0002, 0x0000, 0x0001, 0x0001, 0x0003, 0x0001, 0x0001, 0x0003, 0x0001, 0x0001, 0x0003, 
    0x0001, 0x0001, 0x0003, 0x0001, 0x0001, 0x0003, 0x0001, 0x0001, 0x0003, 0x0001, 0x0001, 0x0003, 0x0001, 0x0001, 0x0003, 0x0001, 
    0x0001, 0x0000, 0x0002, 0x0000, 0x0001, 0x0001, 0x0003, 0x0001, 0x0001, 0x0003, 0x0001, 0x0001, 0x0003, 0x0001, 0x0001, 0x0003, 
    0x0001, 0x0001, 0x0003, 0x0001, 0x0001, 0x0003, 0x0001, 0x0001, 0x0003, 0x0001, 0x0001, 0x0003, 0x0001, 0x0001, 0x0000, 0x0002, 
    0x0000, 0x0001, 0x0001, 0x0003, 0x0001, 0x0001, 0x0003, 0x0001, 0x0001, 0x0003, 0x0001, 0x0001, 0x0003, 0x0001, 0x0001, 0x0003, 
    0x0001, 0x0001, 0x0003, 0x0001, 0x0001, 0x0003, 0x0001, 0x0001, 0x0003, 0x0001, 0x0001, 0x0000, 0x0002, 0x0000, 0x0001, 0x0001, 
    0x0003, 0x0001, 0x0001, 0x0003, 0x0001, 0x0001, 0x0003, 0x0001, 0x0001, 0x0003, 0x0001, 0x0001, 0x0003, 0x0001, 0x0001, 0x0003, 
    0x0001, 0x0001, 0x0003, 0x0001, 0x0001, 0x0003, 0x0001, 0x0001, 0x0000, 0x0002, 0x0000, 0x0001, 0x0001, 0x0003, 0x0001, 0x0001, 
    0x0003, 0x0001, 0x0001, 0x0003, 0x0001, 0x0001, 0x0003, 0x0001, 0x0001, 0x0003, 0x0001, 0x0001, 0x0003, 0x0001, 0x0001, 0x0003, 
    0x0001, 0x0001, 0x0003, 0x0001, 0x0001, 0x0000, 0x0002, 0x0000, 0x0001, 0x0001, 0x0003, 0x0001, 0x0001, 0x0003, 0x0001, 0x0001, 
    0x0003, 0x0001, 0x0001, 0x0003, 0x0001, 0x0001, 0x0003, 0x0001, 0x0001, 0x0003, 0x0001, 0x0001, 0x0003, 0x0001, 0x0001, 0x0003, 
    0x0001, 0x0001, 0x0000, 0x0002, 0x0000, 0x0001, 0x0001, 0x0003, 0x0001, 0x0001, 0x0003, 0x0001, 0x0001, 0x0003, 0x0001, 0x0001, 
    0x0003, 0x0001, 0x0001, 0x0003, 0x0001, 0x0001, 0x0003, 0x0001, 0x0001, 0x0003, 0x0001, 0x0001, 0x0003, 0x0001, 0x0001, 0x0000, 
    0x0002, 0x0000, 0x0001, 0x0001, 0x0003, 0x0001, 0x0001, 0x0003, 0x0001, 0x0001, 0x0003, 0x0001, 0x0001, 0x0003, 0x0001, 0x0001, 
    0x0003, 0x0001, 0x0001, 0x0003, 0x0001, 0x0001, 0x0003, 0x0001, 0x0001, 0x0003, 0x0001, 0x0001, 0x0000, 0x0002, 0x0000, 0x0001, 
    0x0001, 0x0003, 0x0001, 0x0001, 0x0003, 0x0001, 0x0001, 0x0003, 0x0001, 0x0001, 0x0003, 0x0001, 0x0001, 0x0003, 0x0001, 0x0001, 
    0x0003, 0x0001, 0x0001, 0x0003, 0x0001, 0x0001, 0x0003, 0x0001, 0x0001, 0x0000, 0x0002, 0x0000, 0x0001, 0x0001, 0x0003, 0x0001, 
    0x0001, 0x0003, 0x0001, 0x0001, 0x0003, 0x0001, 0x0001, 0x0003, 0x0001, 0x0001, 0x0003, 0x0001, 0x0001, 0x0003, 0x0001, 0x0001, 
    0x0003, 0x0001, 0x0001, 0x0003, 0x0001, 0x0001, 0x0000, 0x0002, 0x0000, 0x0001, 0x0001, 0x0003, 0x0001, 0x0001, 0x0003, 0x0001, 
    0x0001, 0x0003, 0x0001, 0x0001, 0x0003, 0x0001, 0x0001, 0x0003, 0x0001, 0x0001, 0x0003, 0x0001, 0x0001, 0x0003, 0x0001, 0x0001, 
    0x0003, 0x0001, 0x0001, 0x0000, 0x0002, 0x0000, 0x0001, 0x0001, 0x0003, 0x0001, 0x0001, 0x0003, 0x0001, 0x0001, 0x0003, 0x0001, 
    0x0001, 0x0003, 0x0001, 0x0001, 0x0003, 0x0001, 0x0001, 0x0003, 0x0001, 0x0001, 0x0003, 0x0001, 0x0001, 0x0003, 0x0001, 0x0001, 
    0x0000, 0x0002, 0x0000, 0x0001, 0x0001, 0x0003, 0x0001, 0x0001, 0x0003, 0x0001, 0x0001, 0x0003, 0x0001, 0x0001, 0x0003, 0x0001, 
    0x0001, 0x0003, 0x0001, 0x0001, 0x0003, 0x0001, 0x0001, 0x0003, 0x0001, 0x0001, 0x0003, 0x0001, 0x0001, 0x0000, 0x0002, 0x0000, 
    0x0001, 0x0001, 0x0003, 0x0001, 0x0001, 0x0003, 0x0001, 0x0001, 0x0003, 0x0001, 0x0001, 0x0003, 0x0001, 0x0001, 0x0003, 0x0001, 
    0x0001, 0x0003, 0x0001, 0x0001, 0x0003, 0x0001, 0x0001, 0x0003, 0x0001, 0x0001, 0x0000, 0x0002, 0x0000, 0x0001, 0x0001, 0x0003, 
    0x0001, 0x0001, 0x0003, 0x0001, 0x0001, 0x0003, 0x0001, 0x0001, 0x0003, 0x0001, 0x0001, 0x0003, 0x0001, 0x0001, 0x0003, 0x0001, 
    0x0001, 0x0003, 0x0001, 0x0001, 0x0003, 0x0001, 0x0001, 0x0000, 0x0002, 0x0000, 0x0001, 0x0001, 0x0003, 0x0001, 0x0001, 0x0003, 
    0x0001, 0x0001, 0x0003, 0x0001, 0x0001, 0x0003, 0x0001, 0x0001, 0x0003, 0x0001, 0x0001, 0x0003, 0x0001, 0x0001, 0x0003, 0x0001, 
    0x0001, 0x0003, 0x0001, 0x0001, 0x0000, 0x0002, 0x0000, 0x0001, 0x0001, 0x0003, 0x0001, 0x0001, 0x0003, 0x0001, 0x0001, 0x0003, 
    0x0001, 0x0001, 0x0003, 0x0001, 0x0001, 0x0003, 0x0001, 0x0001, 0x0003, 0x0001, 0x0001, 0x0003, 0x0001, 0x0001, 0x0003, 0x0001, 
    0x0001, 0x0000, 0x0002, 0x0000, 0x0001, 0x0001, 0x0003, 0x0001, 0x0001, 0x0003, 0x0001, 0x0001, 0x0003, 0x0001, 0x0001, 0x0003, 
    0x0001, 0x0001, 0x0003, 0x0001, 0x0001, 0x0003, 0x0001, 0x0001, 0x0003, 0x0001, 0x0001, 0x0003, 0x0001, 0x0001, 0x0000, 0x0002, 
    0x0000, 0x0001, 0x0001, 0x0003, 0x0001, 0x0001, 0x0003, 0x0001, 0x0001, 0x0003, 0x0001, 0x0001, 0x0003, 0x0001, 0x0001, 0x0003, 
    0x0001, 0x0001, 0x0003, 0x0001, 0x0001, 0x0003, 0x0001, 0x0001, 0x0003, 0x0001, 0x0001, 0x0000, 0x0002, 0x0000, 0x0001, 0x0001, 
    0x0003, 0x0001, 0x0001, 0x0003, 0x0001, 0x0001, 0x0003, 0x0001, 0x0001, 0x0003, 0x0001, 0x0001, 0x0003, 0x0001, 0x0001, 0x0003, 
    0x0001, 0x0001, 0x0003, 0x0001, 0x0001, 0x0003, 0x0001, 0x0001, 0x0000, 0x0002, 0x0000, 0x0001, 0x0001, 0x0003, 0x0001, 0x0001, 
    0x0003, 0x0001, 0x0001, 0x0003, 0x0001, 0x0001, 0x0003, 0x0001, 0x0001, 0x0003, 0x0001, 0x0001, 0x0003, 0x0001, 0x0001, 0x0003, 
    0x0001, 0x0001, 0x0003, 0x0001, 0x0001, 0x0000, 0x0002, 0x0000, 0x0001, 0x0001, 0x0003, 0x0001, 0x0001, 0x0003, 0x0001, 0x0001, 
    0x0003, 0x0001, 0x0001, 0x0003, 0x0001, 0x0001, 0x0003, 0x0001, 0x0001, 0x0003, 0x0001, 0x0001, 0x0003, 0x0001, 0x0001, 0x0003, 
    0x0001, 0x0001, 0x0000, 0x0002, 0x0000, 0x0001, 0x0001, 0x0003, 0x0001, 0x0001, 0x0003, 0x0001, 0x0001, 0x0003, 0x0001, 0x0001, 
    0x0003, 0x0001, 0x0001, 0x0003, 0x0001, 0x0001, 0x0003, 0x0001, 0x0001, 0x0003, 0x0001, 0x0001, 0x0003, 0x0001, 0x0001, 0x0000, 
    0x0002, 0x0000, 0x0001, 0x0001, 0x0003, 0x0001, 0x0001, 0x0003, 0x0001, 0x0001, 0x0003, 0x0001, 0x0001, 0x0003, 0x0001, 0x0001, 
    0x0003, 0x0001, 0x0001, 0x0003, 0x0001, 0x0001, 0x0003, 0x0001, 0x0001, 0x0003, 0x0001, 0x0001, 0x0000, 0x0002, 0x0000, 0x0001, 
    0x0001, 0x0003, 0x0001, 0x0001, 0x0003, 0x0001, 0x0001, 0x0003, 0x0001, 0x0001, 0x0003, 0x0001, 0x0001, 0x0003, 0x0001, 0x0001, 
    0x0003, 0x0001, 0x0001, 0x0003, 0x0001, 0x0001, 0x0003, 0x0001, 0x0001, 0x0000, 0x0002, 0x0000, 0x0001, 0x0001, 0x0003, 0x0001, 
    0x0001, 0x0003, 0x0001, 0x0001, 0x0003, 0x0001, 0x0001, 0x0003, 0x0001, 0x0001, 0x0003, 0x0001, 0x0001, 0x0003, 0x0001, 0x0001, 
    0x0003, 0x0001, 0x0001, 0x0003, 0x0001, 0x0001, 0x0000, 0x0002, 0x0000, 0x0001, 0x0001, 0x0003, 0x0001, 0x0001, 0x0003, 0x0001, 
    0x0001, 0x0003, 0x0001, 0x0001, 0x0003, 0x0001, 0x0001, 0x0003, 0x0001, 0x0001, 0x0003, 0x0001, 0x0001, 0x0003, 0x0001, 0x0001, 
    0x0003, 0x0001, 0x0001, 0x0000, 0x0002, 0x0000, 0x0001, 0x0001, 0x0003, 0x0001, 0x0001, 0x0003, 0x0001, 0x0001, 0x0003, 0x0001, 
    0x0001, 0x0003, 0x0001, 0x0001, 0x0003, 0x0001, 0x0001, 0x0003, 0x0001, 0x0001, 0x0003, 0x0001, 0x0001, 0x0003, 0x0001, 0x0001, 
    0x0000, 0x0002, 0x0000, 0x0001, 0x0001, 0x0003, 0x0001, 0x0001, 0x0003, 0x0001, 0x0001, 0x0003, 0x0001, 0x0001, 0x0003, 0x0001, 
    0x0001, 0x0003, 0x0001, 0x0001, 0x0003, 0x0001, 0x0001, 0x0003, 0x0001, 0x0001, 0x0003, 0x0001, 0x0001, 0x0000, 0x0002, 0x0000, 
    0x0001, 0x0001, 0x0003, 0x0001, 0x0001, 0x0003, 0x0001, 0x0001, 0x0003, 0x0001, 0x0001, 0x0003, 0x0001, 0x0001, 0x0003, 0x0001, 
    0x0001, 0x0003, 0x0001, 0x0001, 0x0003, 0x0001, 0x0001, 0x0003, 0x0001, 0x0001, 0x0000, 0x0002, 0x0000, 0x0001, 0x0001, 0x0003, 
    0x0001, 0x0001, 0x0003, 0x0001, 0x0001, 0x0003, 0x0001, 0x0001, 0x0003, 0x0001, 0x0001, 0x0003, 0x0001, 0x0001, 0x0003, 0x0001, 
    0x0001, 0x0003, 0x0001, 0x0001, 0x0003, 0x0001, 0x0001, 0x0000, 0x0002, 0x0000, 0x0001, 0x0001, 0x0003, 0x0001, 0x0001, 0x0003, 
    0x0001, 0x0001, 0x0003, 0x0001, 0x0001, 0x0003, 0x0001, 0x0001, 0x0003, 0x0001, 0x0001, 0x0003, 0x0001, 0x0001, 0x0003, 0x0001, 
    0x0001, 0x0003, 0x0001, 0x0001, 0x0000, 0x0002, 0x0000, 0x0001, 0x0001, 0x0003, 0x0001, 0x0001, 0x0003, 0x0001, 0x0001, 0x0003, 
    0x0001, 0x0001, 0x0003, 0x0001, 0x0001, 0x0003, 0x0001, 0x0001, 0x0003, 0x0001, 0x0001, 0x0003, 0x0001, 0x0001, 0x0003, 0x0001, 
    0x0001, 0x0000, 0x0002, 0x0000, 0x0001, 0x0001, 0x0003, 0x0001, 0x0001, 0x0003, 0x0001, 0x0001, 0x0003, 0x0001, 0x0001, 0x0003, 
    0x0001, 0x0001, 0x0003, 0x0001, 0x0001, 0x0003, 0x0001, 0x0001, 0x0003, 0x0001, 0x0001, 0x0003, 0x0001, 0x0001, 0x0000, 0x0002, 
    0x0000, 0x0001, 0x0001, 0x0003, 0x0001, 0x0001, 0x0003, 0x0001, 0x0001, 0x0003, 0x0001, 0x0001, 0x0003, 0x0001, 0x0001, 0x0003, 
    0x0001, 0x0001, 0x0003, 0x0001, 0x0001, 0x0003, 0x0001, 0x0001, 0x0003, 0x0001, 0x0001, 0x0000, 0x0002, 0x0000, 0x0001, 0x0001, 
    0x0003, 0x0001, 0x0001, 0x0003, 0x0001, 0x0001, 0x0003, 0x0001, 0x0001, 0x0003, 0x0001, 0x0001, 0x0003, 0x0001, 0x0001, 0x0003, 
    0x0001, 0x0001, 0x0003, 0x0001, 0x0001, 0x0003, 0x0001, 0x0001, 0x0000, 0x0002, 0x0000, 0x0001, 0x0001, 0x0003, 0x0001, 0x0001, 
    0x0003, 0x0001, 0x0001, 0x0003, 0x0001, 0x0001, 0x0003, 0x0001, 0x0001, 0x0003, 0x0001, 0x0001, 0x0003, 0x0001, 0x0001, 0x0003, 
    0x0001, 0x0001, 0x0003, 0x0001, 0x0001, 0x0000, 0x0002, 0x0000, 0x0001, 0x0001, 0x0003, 0x0001, 0x0001, 0x0003, 0x0001, 0x0001, 
    0x0003, 0x0001, 0x0001, 0x0003, 0x0001, 0x0001, 0x0003, 0x0001, 0x0001, 0x0003, 0x0001, 0x0001, 0x0003, 0x0001, 0x0001, 0x0003, 
    0x0001, 0x0001, 0x0000, 0x0002, 0x0000, 0x0001, 0x0001, 0x0003, 0x0001, 0x0001, 0x0003, 0x0001, 0x0001, 0x0003, 0x0001, 0x0001, 
    0x0003, 0x0001, 0x0001, 0x0003, 0x0001, 0x0001, 0x0003, 0x0001, 0x0001, 0x0003, 0x0001, 0x0001, 0x0003, 0x0001, 0x0001, 0x0000, 
    0x0002, 0x0000, 0x0001, 0x0001, 0x0003, 0x0001, 0x0001, 0x0003, 0x0001, 0x0001, 0x0003, 0x0001, 0x0001, 0x0003, 0x0001, 0x0001, 
    0x0003, 0x0001, 0x0001, 0x0003, 0x0001, 0x0001, 0x0003, 0x0001, 0x0001, 0x0003, 0x0001, 0x0001, 0x0000, 0x0002, 0x0000, 0x0001, 
    0x0001, 0x0003, 0x0001, 0x0001, 0x0003, 0x0001, 0x0001, 0x0003, 0x0001, 0x0001, 0x0003, 0x0001, 0x0001, 0x0003, 0x0001, 0x0001, 
    0x0003, 0x0001, 0x0001, 0x0003, 0x0001, 0x0001, 0x0003, 0x0001, 0x0001, 0x0000, 0x0002, 0x0000, 0x0001, 0x0001, 0x0003, 0x0001, 
    0x0001, 0x0003, 0x0001, 0x0001, 0x0003, 0x0001, 0x0001, 0x0003, 0x0001, 0x0001, 0x0003, 0x0001, 0x0001, 0x0003, 0x0001, 0x0001, 
    0x0003, 0x0001, 0x0001, 0x0003, 0x0001, 0x0001, 0x0000, 0x0002, 0x0000, 0x0001, 0x0001, 0x0003, 0x0001, 0x0001, 0x0003, 0x0001, 
    0x0001, 0x0003, 0x0001, 0x0001, 0x0003, 0x0001, 0x0001, 0x0003, 0x0001, 0x0001, 0x0003, 0x0001, 0x0001, 0x0003, 0x0001, 0x0001, 
    0x0003, 0x0001, 0x0001, 0x0000, 0x0002, 0x0000, 0x0001, 0x0001, 0x0003, 0x0001, 0x0001, 0x0003, 0x0001, 0x0001, 0x0003, 0x0001, 
    0x0001, 0x0003, 0x0001, 0x0001, 0x0003, 0x0001, 0x0001, 0x0003, 0x0001, 0x0001, 0x0003, 0x0001, 0x0001, 0x0003, 0x0001, 0x0001, 
    0x0000, 0x0002, 0x0000, 0x0001, 0x0001, 0x0003, 0x0001, 0x0001, 0x0003, 0x0001, 0x0001, 0x0003, 0x0001, 0x0001, 0x0003, 0x0001, 
    0x0001, 0x0003, 0x0001, 0x0001, 0x0003, 0x0001, 0x0001, 0x0003, 0x0001, 0x0001, 0x0003, 0x0001, 0x0001, 0x0000, 0x0002, 0x0000, 
    0x0001, 0x0001, 0x0003, 0x0001, 0x0001, 0x0003, 0x0001, 0x0001, 0x0003, 0x0001, 0x0001, 0x0003, 0x0001, 0x0001, 0x0003, 0x0001, 
    0x0001, 0x0003, 0x0001, 0x0001, 0x0003, 0x0001, 0x0001, 0x0003, 0x0001, 0x0001, 0x0000, 0x0002, 0x0000, 0x0001, 0x0001, 0x0003, 
    0x0001, 0x0001, 0x0003, 0x0001, 0x0001, 0x0003, 0x0001, 0x0001, 0x0003, 0x0001, 0x0001, 0x0003, 0x0001, 0x0001, 0x0003, 0x0001, 
    0x0001, 0x0003, 0x0001, 0x0001, 0x0003, 0x0001, 0x0001, 0x0000, 0x0002, 0x0000, 0x0001, 0x0001, 0x0003, 0x0001, 0x0001, 0x0003, 
    0x0001, 0x0001, 0x0003, 0x0001, 0x0001, 0x0003, 0x0001, 0x0001, 0x0003, 0x0001, 0x0001, 0x0003, 0x0001, 0x0001, 0x0003, 0x0001, 
    0x0001, 0x0003, 0x0001, 0x0001, 0x0000, 0x0002, 0x0000, 0x0001, 0x0001, 0x0003, 0x0001, 0x0001, 0x0003, 0x0001, 0x0001, 0x0003, 
    0x0001, 0x0001, 0x0003, 0x0001, 0x0001, 0x0003, 0x0001, 0x0001, 0x0003, 0x0001, 0x0001, 0x0003, 0x0001, 0x0001, 0x0003, 0x0001, 
    0x0001, 0x0000, 0x0002, 0x0000, 0x0001, 0x0001, 0x0003, 0x0001, 0x0001, 0x0003, 0x0001, 0x0001, 0x0003, 0x0001, 0x0001, 0x0003, 
    0x0001, 0x0001, 0x0003, 0x0001, 0x0001, 0x0003, 0x0001, 0x0001, 0x0003, 0x0001, 0x0001, 0x0003, 0x0001, 0x0001, 0x0000, 0x0002, 
    0x0000, 0x0001, 0x0001, 0x0003, 0x0001, 0x0001, 0x0003, 0x0001, 0x0001, 0x0003, 0x0001, 0x0001, 0x0003, 0x0001, 0x0001, 0x0003, 
    0x0001, 0x0001, 0x0003, 0x0001, 0x0001, 0x0003, 0x0001, 0x0001, 0x0003, 0x0001, 0x0001, 0x0000, 0x0002, 0x0000, 0x0001, 0x0001, 
    0x0003, 0x0001, 0x0001, 0x0003, 0x0001, 0x0001, 0x0003, 0x0001, 0x0001, 0x0003, 0x0001, 0x0001, 0x0003, 0x0001, 0x0001, 0x0003, 
    0x0001, 0x0001, 0x0003, 0x0001, 0x0001, 0x0003, 0x0001, 0x0001, 0x0000, 0x0002, 0x0000, 0x0001, 0x0001, 0x0003, 0x0001, 0x0001, 
    0x0003, 0x0001, 0x0001, 0x0003, 0x0001, 0x0001, 0x0003, 0x0001, 0x0001, 0x0003, 0x0001, 0x0001, 0x0003, 0x0001, 0x0001, 0x0003, 
    0x0001, 0x0001, 0x0003, 0x0001, 0x0001, 0x0000, 0x0002, 0x0000, 0x0001, 0x0001, 0x0003, 0x0001, 0x0001, 0x0003, 0x0001, 0x0001, 
    0x0003, 0x0001, 0x0001, 0x0003, 0x0001, 0x0001, 0x0003, 0x0001, 0x0001, 0x0003, 0x0001, 0x0001, 0x0003, 0x0001, 0x0001, 0x0003, 
    0x0001, 0x0001, 0x0000, 0x0002, 0x0000, 0x0001, 0x0001, 0x0003, 0x0001, 0x0001, 0x0003, 0x0001, 0x0001, 0x0003, 0x0001, 0x0001, 
    0x0003, 0x0001, 0x0001, 0x0003, 0x0001, 0x0001, 0x0003, 0x0001, 0x0001, 0x0003, 0x0001, 0x0001, 0x0003, 0x0001, 0x0001, 0x0000, 
    0x0002, 0x0000, 0x0001, 0x0001, 0x0003, 0x0001, 0x0001, 0x0003, 0x0001, 0x0001, 0x0003, 0x0001, 0x0001, 0x0003, 0x0001, 0x0001, 
    0x0003, 0x0001, 0x0001, 0x0003, 0x0001, 0x0001, 0x0003, 0x0001, 0x0001, 0x0003, 0x0001, 0x0001, 0x0000, 0x0002, 0x0000, 0x0001, 
    0x0001, 0x0003, 0x0001, 0x0001, 0x0003, 0x0001, 0x0001, 0x0003, 0x0001, 0x0001, 0x0003, 0x0001, 0x0001, 0x0003, 0x0001, 0x0001, 
    0x0003, 0x0001, 0x0001, 0x0003, 0x0001, 0x0001, 0x0003, 0x0001, 0x0001, 0x0000, 0x0002, 0x0000, 0x0001, 0x0001, 0x0003, 0x0001, 
    0x0001, 0x0003, 0x0001, 0x0001, 0x0003, 0x0001, 0x0001, 0x0003, 0x0001, 0x0001, 0x0003, 0x0001, 0x0001, 0x0003, 0x0001, 0x0001, 
    0x0003, 0x0001, 0x0001, 0x0003, 0x0001, 0x0001, 0x0000, 0x0002, 0x0000, 0x0001, 0x0001, 0x0003, 0x0001, 0x0001, 0x0003, 0x0001, 
    0x0001, 0x0003, 0x0001, 0x0001, 0x0003, 0x0001, 0x0001, 0x0003, 0x0001, 0x0001, 0x0003, 0x0001, 0x0001, 0x0003, 0x0001, 0x0001, 
    0x0003, 0x0001, 0x0001, 0x0000, 0x0002, 0x0000, 0x0001, 0x0001, 0x0003, 0x0001, 0x0001, 0x0003, 0x0001, 0x0001, 0x0003, 0x0001, 
    0x0001, 0x0003, 0x0001, 0x0001, 0x0003, 0x0001, 0x0001, 0x0003, 0x0001, 0x0001, 0x0003, 0x0001, 0x0001, 0x0003, 0x0001, 0x0001, 
    0x0000, 0x0002, 0x0000, 0x0001, 0x0001, 0x0003, 0x0001, 0x0001, 0x0003, 0x0001, 0x0001, 0x0003, 0x0001, 0x0001, 0x0003, 0x0001, 
    0x0001, 0x0003, 0x0001, 0x0001, 0x0003, 0x0001, 0x0001, 0x0003, 0x0001, 0x0001, 0x0003, 0x0001, 0x0001, 0x0000, 0x0002, 0x0000, 
    0x0001, 0x0001, 0x0003, 0x0001, 0x0001, 0x0003, 0x0001, 0x0001, 0x0003, 0x0001, 0x0001, 0x0003, 0x0001, 0x0001, 0x0003, 0x0001, 
    0x0001, 0x0003, 0x0001, 0x0001, 0x0003, 0x0001, 0x0001, 0x0003, 0x0001, 0x0001, 0x0000, 0x0002, 0x0000, 0x0001, 0x0001, 0x0003, 
    0x0001, 0x0001, 0x0003, 0x0001, 0x0001, 0x0003, 0x0001, 0x0001, 0x0003, 0x0001, 0x0001, 0x0003, 0x0001, 0x0001, 0x0003, 0x0001, 
    0x0001, 0x0003, 0x0001, 0x0001, 0x0003, 0x0001, 0x0001, 0x0000, 0x0002, 0x0000, 0x0001, 0x0001, 0x0003, 0x0001, 0x0001, 0x0003, 
    0x0001, 0x0001, 0x0003, 0x0001, 0x0001, 0x0003, 0x0001, 0x0001, 0x0003, 0x0001, 0x0001, 0x0003, 0x0001, 0x0001, 0x0003, 0x0001, 
    0x0001, 0x0003, 0x0001, 0x0001, 0x0000, 0x0002, 0x0000, 0x0001, 0x0001, 0x0003, 0x0001, 0x0001, 0x0003, 0x0001, 0x0001, 0x0003, 
    0x0001, 0x0001, 0x0003, 0x0001, 0x0001, 0x0003, 0x0001, 0x0001, 0x0003, 0x0001, 0x0001, 0x0003, 0x0001, 0x0001, 0x0003, 0x0001, 
    0x0001, 0x0000, 0x0002, 0x0000, 0x0001, 0x0001, 0x0003, 0x0001, 0x0001, 0x0003, 0x0001, 0x0001, 0x0003, 0x0001, 0x0001, 0x0003, 
    0x0001, 0x0001, 0x0003, 0x0001, 0x0001, 0x0003, 0x0001, 0x0001, 0x0003, 0x0001, 0x0001, 0x0003, 0x0001, 0x0001, 0x0000, 0x0002, 
    0x0000, 0x0001, 0x0001, 0x0003, 0x0001, 0x0001, 0x0003, 0x0001, 0x0001, 0x0003, 0x0001, 0x0001, 0x0003, 0x0001, 0x0001, 0x0003, 
    0x0001, 0x0001, 0x0003, 0x0001, 0x0001, 0x0003, 0x0001, 0x0001, 0x0003, 0x0001, 0x0001, 0x0000, 0x0002, 0x0000, 0x0001, 0x0001, 
    0x0003, 0x0001, 0x0001, 0x0003, 0x0001, 0x0001, 0x0003, 0x0001, 0x0001, 0x0003, 0x0001, 0x0001, 0x0003, 0x0001, 0x0001, 0x0003, 
    0x0001, 0x0001, 0x0003, 0x0001, 0x0001, 0x0003, 0x0001, 0x0001, 0x0000, 0x0002, 0x0000, 0x0001, 0x0001, 0x0003, 0x0001, 0x0001, 
    0x0003, 0x0001, 0x0001, 0x0003, 0x0001, 0x0001, 0x0003, 0x0001, 0x0001, 0x0003, 0x0001, 0x0001, 0x0003, 0x0001, 0x0001, 0x0003, 
    0x0001, 0x0001, 0x0003, 0x0001, 0x0001, 0x0000, 0x0002, 0x0000, 0x0001, 0x0001, 0x0003, 0x0001, 0x0001, 0x0003, 0x0001, 0x0001, 
    0x0003, 0x0001, 0x0001, 0x0003, 0x0001, 0x0001, 0x0003, 0x0001, 0x0001, 0x0003, 0x0001, 0x0001, 0x0003, 0x0001, 0x0001, 0x0003, 
    0x0001, 0x0001, 0x0000, 0x0002, 0x0000, 0x0001, 0x0001, 0x0003, 0x0001, 0x0001, 0x0003, 0x0001, 0x0001, 0x0003, 0x0001, 0x0001, 
    0x0003, 0x0001, 0x0001, 0x0003, 0x0001, 0x0001, 0x0003, 0x0001, 0x0001, 0x0003, 0x0001, 0x0001, 0x0003, 0x0001, 0x0001, 0x0000, 
    0x0002, 0x0000, 0x0001, 0x0001, 0x0003, 0x0001, 0x0001, 0x0003, 0x0001, 0x0001, 0x0003, 0x0001, 0x0001, 0x0003, 0x0001, 0x0001, 
    0x0003, 0x0001, 0x0001, 0x0003, 0x0001, 0x0001, 0x0003, 0x0001, 0x0001, 0x0003, 0x0001, 0x0001, 0x0000, 0x0002, 0x0000, 0x0001, 
    0x0001, 0x0003, 0x0001, 0x0001, 0x0003, 0x0001, 0x0001, 0x0003, 0x0001, 0x0001, 0x0003, 0x0001, 0x0001, 0x0003, 0x0001, 0x0001, 
    0x0003, 0x0001, 0x0001, 0x0003, 0x0001, 0x0001, 0x0003, 0x0001, 0x0001, 0x0000, 0x0002, 0x0000, 0x0001, 0x0001, 0x0003, 0x0001, 
    0x0001, 0x0003, 0x0001, 0x0001, 0x0003, 0x0001, 0x0001, 0x0003, 0x0001, 0x0001, 0x0003, 0x0001, 0x0001, 0x0003, 0x0001, 0x0001, 
    0x0003, 0x0001, 0x0001, 0x0003, 0x0001, 0x0001, 0x0000, 0x0002, 0x0000, 0x0001, 0x0001, 0x0003, 0x0001, 0x0001, 0x0003, 0x0001, 
    0x0001, 0x0003, 0x0001, 0x0001, 0x0003, 0x0001, 0x0001, 0x0003, 0x0001, 0x0001, 0x0003, 0x0001, 0x0001, 0x0003, 0x0001, 0x0001, 
    0x0003, 0x0001, 0x0001, 0x0000, 0x0002, 0x0000, 0x0001, 0x0001, 0x0003, 0x0001, 0x0001, 0x0003, 0x0001, 0x0001, 0x0003, 0x0001, 
    0x0001, 0x0003, 0x0001, 0x0001, 0x0003, 0x0001, 0x0001, 0x0003, 0x0001, 0x0001, 0x0003, 0x0001, 0x0001, 0x0003, 0x0001, 0x0001, 
    0x0000, 0x0002, 0x0000, 0x0001, 0x0001, 0x0003, 0x0001, 0x0001, 0x0003, 0x0001, 0x0001, 0x0003, 0x0001, 0x0001, 0x0003, 0x0001, 
    0x0001, 0x0003, 0x0001, 0x0001, 0x0003, 0x0001, 0x0001, 0x0003, 0x0001, 0x0001, 0x0003, 0x0001, 0x0001, 0x0000, 0x0002, 0x0000, 
    0x0001, 0x0001, 0x0003, 0x0001, 0x0001, 0x0003, 0x0001, 0x0001, 0x0003, 0x0001, 0x0001, 0x0003, 0x0001, 0x0001, 0x0003, 0x0001, 
    0x0001, 0x0003, 0x0001, 0x0001, 0x0003, 0x0001, 0x0001, 0x0003, 0x0001, 0x0001, 0x0000, 0x0002, 0x0000, 0x0001, 0x0001, 0x0003, 
    0x0001, 0x0001, 0x0003, 0x0001, 0x0001, 0x0003, 0x0001, 0x0001, 0x0003, 0x0001, 0x0001, 0x0003, 0x0001, 0x0001, 0x0003, 0x0001, 
    0x0001, 0x0003, 0x0001, 0x0001, 0x0003, 0x0001, 0x0001, 0x0000, 0x0002, 0x0000, 0x0001, 0x0001, 0x0003, 0x0001, 0x0001, 0x0003, 
    0x0001, 0x0001, 0x0003, 0x0001, 0x0001, 0x0003, 0x0001, 0x0001, 0x0003, 0x0001, 0x0001, 0x0003, 0x0001, 0x0001, 0x0003, 0x0001, 
    0x0001, 0x0003, 0x0001, 0x0001, 0x0000, 0x0002, 0x0000, 0x0001, 0x0001, 0x0003, 0x0001, 0x0001, 0x0003, 0x0001, 0x0001, 0x0003, 
    0x0001, 0x0001, 0x0003, 0x0001, 0x0001, 0x0003, 0x0001, 0x0001, 0x0003, 0x0001, 0x0001, 0x0003, 0x0001, 0x0001, 0x0003, 0x0001, 
    0x0001, 0x0000, 0x0002, 0x0000, 0x0001, 0x0001, 0x0003, 0x0001, 0x0001, 0x0003, 0x0001, 0x0001, 0x0003, 0x0001, 0x0001, 0x0003, 
    0x0001, 0x0001, 0x0003, 0x0001, 0x0001, 0x0003, 0x0001, 0x0001, 0x0003, 0x0001, 0x0001, 0x0003, 0x0001, 0x0001, 0x0000, 0x0002, 
    0x0000, 0x0001, 0x0001, 0x0003, 0x0001, 0x0001, 0x0003, 0x0001, 0x0001, 0x0003, 0x0001, 0x0001, 0x0003, 0x0001, 0x0001, 0x0003, 
    0x0001, 0x0001, 0x0003, 0x0001, 0x0001, 0x0003, 0x0001, 0x0001, 0x0003, 0x0001, 0x0001, 0x0000, 0x0002, 0x0000, 0x0001, 0x0001, 
    0x0003, 0x0001, 0x0001, 0x0003, 0x0001, 0x0001, 0x0003, 0x0001, 0x0001, 0x0003, 0x0001, 0x0001, 0x0003, 0x0001, 0x0001, 0x0003, 
    0x0001, 0x0001, 0x0003, 0x0001, 0x0001, 0x0003, 0x0001, 0x0001, 0x0000, 0x0002, 0x0000, 0x0001, 0x0001, 0x0003, 0x0001, 0x0001, 
    0x0003, 0x0001, 0x0001, 0x0003, 0x0001, 0x0001, 0x0003, 0x0001, 0x0001, 0x0003, 0x0001, 0x0001, 0x0003, 0x0001, 0x0001, 0x0003, 
    0x0001, 0x0001, 0x0003, 0x0001, 0x0001, 0x0000, 0x0002, 0x0000, 0x0001, 0x0001, 0x0003, 0x0001, 0x0001, 0x0003, 0x0001, 0x0001, 
    0x0003, 0x0001, 0x0001, 0x0003, 0x0001, 0x0001, 0x0003, 0x0001, 0x0001, 0x0003, 0x0001, 0x0001, 0x0003, 0x0001, 0x0001, 0x0003, 
    0x0001, 0x0001, 0x0000, 0x0002, 0x0000, 0x0001, 0x0001, 0x0003, 0x0001, 0x0001, 0x0003, 0x0001, 0x0001, 0x0003, 0x0001, 0x0001, 
    0x0003, 0x0001, 0x0001, 0x0003, 0x0001, 0x0001, 0x0003, 0x0001, 0x0001, 0x0003, 0x0001, 0x0001, 0x0003, 0x0001, 0x0001, 0x0000, 
    0x0002, 0x0000, 0x0001, 0x0001, 0x0003, 0x0001, 0x0001, 0x0003, 0x0001, 0x0001, 0x0003, 0x0001, 0x0001, 0x0003, 0x0001, 0x0001, 
    0x0003, 0x0001, 0x0001, 0x0003, 0x0001, 0x0001, 0x0003, 0x0001, 0x0001, 0x0003, 0x0001, 0x0001, 0x0000, 0x0002, 0x0000, 0x0001, 
    0x0001, 0x0003, 0x0001, 0x0001, 0x0003, 0x0001, 0x0001, 0x0003, 0x0001, 0x0001, 0x0003, 0x0001, 0x0001, 0x0003, 0x0001, 0x0001, 
    0x0003, 0x0001, 0x0001, 0x0003, 0x0001, 0x0001, 0x0003, 0x0001, 0x0001, 0x0000, 0x0002, 0x0000, 0x0001, 0x0001, 0x0003, 0x0001, 
    0x0001, 0x0003, 0x0001, 0x0001, 0x0003, 0x0001, 0x0001, 0x0003, 0x0001, 0x0001, 0x0003, 0x0001, 0x0001, 0x0003, 0x0001, 0x0001, 
    0x0003, 0x0001, 0x0001, 0x0003, 0x0001, 0x0001, 0x0000, 0x0002, 0x0000, 0x0001, 0x0001, 0x0003, 0x0001, 0x0001, 0x0003, 0x0001, 
    0x0001, 0x0003, 0x0001, 0x0001, 0x0003, 0x0001, 0x0001, 0x0003, 0x0001, 0x0001, 0x0003, 0x0001, 0x0001, 0x0003, 0x0001, 0x0001, 
    0x0003, 0x0001, 0x0001, 0x0000, 0x0002, 0x0000, 0x0001, 0x0001, 0x0003, 0x0001, 0x0001, 0x0003, 0x0001, 0x0001, 0x0003, 0x0001, 
    0x0001, 0x0003, 0x0001, 0x0001, 0x0003, 0x0001, 0x0001, 0x0003, 0x0001, 0x0001, 0x0003, 0x0001, 0x0001, 0x0003, 0x0001, 0x0001, 
    0x0000, 0x0002, 0x0000, 0x0001, 0x0001, 0x0003, 0x0001, 0x0001, 0x0003, 0x0001, 0x0001, 0x0003, 0x0001, 0x0001, 0x0003, 0x0001, 
    0x0001, 0x0003, 0x0001, 0x0001, 0x0003, 0x0001, 0x0001, 0x0003, 0x0001, 0x0001, 0x0003, 0x0001, 0x0001, 0x0000, 0x0002, 0x0000, 
    0x0001, 0x0001, 0x0003, 0x0001, 0x0001, 0x0003, 0x0001, 0x0001, 0x0003, 0x0001, 0x0001, 0x0003, 0x0001, 0x0001, 0x0003, 0x0001, 
    0x0001, 0x0003, 0x0001, 0x0001, 0x0003, 0x0001, 0x0001, 0x0003, 0x0001, 0x0001, 0x0000, 0x0002, 0x0000, 0x0001, 0x0001, 0x0003, 
    0x0001, 0x0001, 0x0003, 0x0001, 0x0001, 0x0003, 0x0001, 0x0001, 0x0003, 0x0001, 0x0001, 0x0003, 0x0001, 0x0001, 0x0003, 0x0001, 
    0x0001, 0x0003, 0x0001, 0x0001, 0x0003, 0x0001, 0x0001, 0x0000, 0x0002, 0x0000, 0x0001, 0x0001, 0x0003, 0x0001, 0x0001, 0x0003, 
    0x0001, 0x0001, 0x0003, 0x0001, 0x0001, 0x0003, 0x0001, 0x0001, 0x0003, 0x0001, 0x0001, 0x0003, 0x0001, 0x0001, 0x0003, 0x0001, 
    0x0001, 0x0003, 0x0001, 0x0001, 0x0000, 0x0002, 0x0000, 0x0001, 0x0001, 0x0003, 0x0001, 0x0001, 0x0003, 0x0001, 0x0001, 0x0003, 
    0x0001, 0x0001, 0x0003, 0x0001, 0x0001, 0x0003, 0x0001, 0x0001, 0x0003, 0x0001, 0x0001, 0x0003, 0x0001, 0x0001, 0x0003, 0x0001, 
    0x0001, 0x0000, 0x0002, 0x0000, 0x0001, 0x0001, 0x0003, 0x0001, 0x0001, 0x0003, 0x0001, 0x0001, 0x0003, 0x0001, 0x0001, 0x0003, 
    0x0001, 0x0001, 0x0003, 0x0001, 0x0001, 0x0003, 0x0001, 0x0001, 0x0003, 0x0001, 0x0001, 0x0003, 0x0001, 0x0001, 0x0000, 0x0002, 
    0x0000, 0x0001, 0x0001, 0x0003, 0x0001, 0x0001, 0x0003, 0x0001, 0x0001, 0x0003, 0x0001, 0x0001, 0x0003, 0x0001, 0x0001, 0x0003, 
    0x0001, 0x0001, 0x0003, 0x0001, 0x0001, 0x0003, 0x0001, 0x0001, 0x0003, 0x0001, 0x0001, 0x0000, 0x0002, 0x0000, 0x0001, 0x0001, 
    0x0003, 0x0001, 0x0001, 0x0003, 0x0001, 0x0001, 0x0003, 0x0001, 0x0001, 0x0003, 0x0001, 0x0001, 0x0003, 0x0001, 0x0001, 0x0003, 
    0x0001, 0x0001, 0x0003, 0x0001, 0x0001, 0x0003, 0x0001, 0x0001, 0x0000, 0x0002, 0x0000, 0x0001, 0x0001, 0x0003, 0x0001, 0x0001, 
    0x0003, 0x0001, 0x0001, 0x0003, 0x0001, 0x0001, 0x0003, 0x0001, 0x0001, 0x0003, 0x0001, 0x0001, 0x0003, 0x0001, 0x0001, 0x0003, 
    0x0001, 0x0001, 0x0003, 0x0001, 0x0001, 0x0000, 0x0002, 0x0000, 0x0001, 0x0001, 0x0003, 0x0001, 0x0001, 0x0003, 0x0001, 0x0001, 
    0x0003, 0x0001, 0x0001, 0x0003, 0x0001, 0x0001, 0x0003, 0x0001, 0x0001, 0x0003, 0x0001, 0x0001, 0x0003, 0x0001, 0x0001, 0x0003, 
    0x0001, 0x0001, 0x0000, 0x0002, 0x0000, 0x0001, 0x0001, 0x0003, 0x0001, 0x0001, 0x0003, 0x0001, 0x0001, 0x0003, 0x0001, 0x0001, 
    0x0003, 0x0001, 0x0001, 0x0003, 0x0001, 0x0001, 0x0003, 0x0001, 0x0001, 0x0003, 0x0001, 0x0001, 0x0003, 0x0001, 0x0001, 0x0000, 
    0x0002, 0x0000, 0x0001, 0x0001, 0x0003, 0x0001, 0x0001, 0x0003, 0x0001, 0x0001, 0x0003, 0x0001, 0x0001, 0x0003, 0x0001, 0x0001, 
    0x0003, 0x0001, 0x0001, 0x0003, 0x0001, 0x0001, 0x0003, 0x0001, 0x0001, 0x0003, 0x0001, 0x0001, 0x0000, 0x0002, 0x0000, 0x0001, 
    0x0001, 0x0003, 0x0001, 0x0001, 0x0003, 0x0001, 0x0001, 0x0003, 0x0001, 0x0001, 0x0003, 0x0001, 0x0001, 0x0003, 0x0001, 0x0001, 
    0x0003, 0x0001, 0x0001, 0x0003, 0x0001, 0x0001, 0x0003, 0x0001, 0x0001, 0x0000, 0x0002, 0x0000, 0x0001, 0x0001, 0x0003, 0x0001, 
    0x0001, 0x0003, 0x0001, 0x0001, 0x0003, 0x0001, 0x0001, 0x0003, 0x0001, 0x0001, 0x0003, 0x0001, 0x0001, 0x0003, 0x0001, 0x0001, 
    0x0003, 0x0001, 0x0001, 0x0003, 0x0001, 0x0001, 0x0000, 0x0002, 0x0000, 0x0001, 0x0001, 0x0003, 0x0001, 0x0001, 0x0003, 0x0001, 
    0x0001, 0x0003, 0x0001, 0x0001, 0x0003, 0x0001, 0x0001, 0x0003, 0x0001, 0x0001, 0x0003, 0x0001, 0x0001, 0x0003, 0x0001, 0x0001, 
    0x0003, 0x0001, 0x0001, 0x0000, 0x0002, 0x0000, 0x0001, 0x0001, 0x0003, 0x0001, 0x0001, 0x0003, 0x0001, 0x0001, 0x0003, 0x0001, 
    0x0001, 0x0003, 0x0001, 0x0001, 0x0003, 0x0001, 0x0001, 0x0003, 0x0001, 0x0001, 0x0003, 0x0001, 0x0001, 0x0003, 0x0001, 0x0001, 
    0x0000, 0x0002, 0x0000, 0x0001, 0x0001, 0x0003, 0x0001, 0x0001, 0x0003, 0x0001, 0x0001, 0x0003, 0x0001, 0x0001, 0x0003, 0x0001, 
    0x0001, 0x0003, 0x0001, 0x0001, 0x0003, 0x0001, 0x0001, 0x0003, 0x0001, 0x0001, 0x0003, 0x0001, 0x0001, 0x0000, 0x0002, 0x0000, 
    0x0001, 0x0001, 0x0003, 0x0001, 0x0001, 0x0003, 0x0001, 0x0001, 0x0003, 0x0001, 0x0001, 0x0003, 0x0001, 0x0001, 0x0003, 0x0001, 
    0x0001, 0x0003, 0x0001, 0x0001, 0x0003, 0x0001, 0x0001, 0x0003, 0x0001, 0x0001, 0x0000, 0x0002, 0x0000, 0x0001, 0x0001, 0x0003, 
    0x0001, 0x0001, 0x0003, 0x0001, 0x0001, 0x0003, 0x0001, 0x0001, 0x0003, 0x0001, 0x0001, 0x0003, 0x0001, 0x0001, 0x0003, 0x0001, 
    0x0001, 0x0003, 0x0001, 0x0001, 0x0003, 0x0001, 0x0001, 0x0000, 0x0002, 0x0000, 0x0001, 0x0001, 0x0003, 0x0001, 0x0001, 0x0003, 
    0x0001, 0x0001, 0x0003, 0x0001, 0x0001, 0x0003, 0x0001, 0x0001, 0x0003, 0x0001, 0x0001, 0x0003, 0x0001, 0x0001, 0x0003, 0x0001, 
    0x0001, 0x0003, 0x0001, 0x0001, 0x0000, 0x0002, 0x0000, 0x0001, 0x0001, 0x0003, 0x0001, 0x0001, 0x0003, 0x0001, 0x0001, 0x0003, 
    0x0001, 0x0001, 0x0003, 0x0001, 0x0001, 0x0003, 0x0001, 0x0001, 0x0003, 0x0001, 0x0001, 0x0003, 0x0001, 0x0001, 0x0003, 0x0001, 
    0x0001, 0x0000, 0x0002, 0x0000, 0x0001, 0x0001, 0x0003, 0x0001, 0x0001, 0x0003, 0x0001, 0x0001, 0x0003, 0x0001, 0x0001, 0x0003, 
    0x0001, 0x0001, 0x0003, 0x0001, 0x0001, 0x0003, 0x0001, 0x0001, 0x0003, 0x0001, 0x0001, 0x0003, 0x0001, 0x0001, 0x0000, 0x0002, 
    0x0000, 0x0001, 0x0001, 0x0003, 0x0001, 0x0001, 0x0003, 0x0001, 0x0001, 0x0003, 0x0001, 0x0001, 0x0003, 0x0001, 0x0001, 0x0003, 
    0x0001, 0x0001, 0x0003, 0x0001, 0x0001, 0x0003, 0x0001, 0x0001, 0x0003, 0x0001, 0x0001, 0x0000, 0x0002, 0x0000, 0x0001, 0x0001, 
    0x0003, 0x0001, 0x0001, 0x0003, 0x0001, 0x0001, 0x0003, 0x0001, 0x0001, 0x0003, 0x0001, 0x0001, 0x0003, 0x0001, 0x0001, 0x0003, 
    0x0001, 0x0001, 0x0003, 0x0001, 0x0001, 0x0003, 0x0001, 0x0001, 0x0000, 0x0002, 0x0000, 0x0001, 0x0001, 0x0003, 0x0001, 0x0001, 
    0x0003, 0x0001, 0x0001, 0x0003, 0x0001, 0x0001, 0x0003, 0x0001, 0x0001, 0x0003, 0x0001, 0x0001, 0x0003, 0x0001, 0x0001, 0x0003, 
    0x0001, 0x0001, 0x0003, 0x0001, 0x0001, 0x0000, 0x0002, 0x0000, 0x0001, 0x0001, 0x0003, 0x0001, 0x0001, 0x0003, 0x0001, 0x0001, 
    0x0003, 0x0001, 0x0001, 0x0003, 0x0001, 0x0001, 0x0003, 0x0001, 0x0001, 0x0003, 0x0001, 0x0001, 0x0003, 0x0001, 0x0001, 0x0003, 
    0x0001, 0x0001, 0x0000, 0x0002, 0x0000, 0x0001, 0x0001, 0x0003, 0x0001, 0x0001, 0x0003, 0x0001, 0x0001, 0x0003, 0x0001, 0x0001, 
    0x0003, 0x0001, 0x0001, 0x0003, 0x0001, 0x0001, 0x0003, 0x0001, 0x0001, 0x0003, 0x0001, 0x0001, 0x0003, 0x0001, 0x0001, 0x0000, 
    0x0002, 0x0000, 0x0001, 0x0001, 0x0003, 0x0001, 0x0001, 0x0003, 0x0001, 0x0001, 0x0003, 0x0001, 0x0001, 0x0003, 0x0001, 0x0001, 
    0x0003, 0x0001, 0x0001, 0x0003, 0x0001, 0x0001, 0x0003, 0x0001, 0x0001, 0x0003, 0x0001, 0x0001, 0x0000, 0x0002, 0x0000, 0x0001, 
    0x0001, 0x0003, 0x0001, 0x0001, 0x0003, 0x0001, 0x0001, 0x0003, 0x0001, 0x0001, 0x0003, 0x0001, 0x0001, 0x0003, 0x0001, 0x0001, 
    0x0003, 0x0001, 0x0001, 0x0003, 0x0001, 0x0001, 0x0003, 0x0001, 0x0001, 0x0000, 0x0002, 0x0000, 0x0001, 0x0001, 0x0003, 0x0001, 
    0x0001, 0x0003, 0x0001, 0x0001, 0x0003, 0x0001, 0x0001, 0x0003, 0x0001, 0x0001, 0x0003, 0x0001, 0x0001, 0x0003, 0x0001, 0x0001, 
    0x0003, 0x0001, 0x0001, 0x0003, 0x0001, 0x0001, 0x0000, 0x0002, 0x0000, 0x0001, 0x0001, 0x0003, 0x0001, 0x0001, 0x0003, 0x0001, 
    0x0001, 0x0003, 0x0001, 0x0001, 0x0003, 0x0001, 0x0001, 0x0003, 0x0001, 0x0001, 0x0003, 0x0001, 0x0001, 0x0003, 0x0001, 0x0001, 
    0x0003, 0x0001, 0x0001, 0x0000, 0x0002, 0x0000, 0x0001, 0x0001, 0x0003, 0x0001, 0x0001, 0x0003, 0x0001, 0x0001, 0x0003, 0x0001, 
    0x0001, 0x0003, 0x0001, 0x0001, 0x0003, 0x0001, 0x0001, 0x0003, 0x0001, 0x0001, 0x0003, 0x0001, 0x0001, 0x0003, 0x0001, 0x0001, 
    0x0000, 0x0002, 0x0000, 0x0001, 0x0001, 0x0003, 0x0001, 0x0001, 0x0003, 0x0001, 0x0001, 0x0003, 0x0001, 0x0001, 0x0003, 0x0001, 
    0x0001, 0x0003, 0x0001, 0x0001, 0x0003, 0x0001, 0x0001, 0x0003, 0x0001, 0x0001, 0x0003, 0x0001, 0x0001, 0x0000, 0x0002, 0x0000, 
    0x0001, 0x0001, 0x0003, 0x0001, 0x0001, 0x0003, 0x0001, 0x0001, 0x0003, 0x0001, 0x0001, 0x0003, 0x0001, 0x0001, 0x0003, 0x0001, 
    0x0001, 0x0003, 0x0001, 0x0001, 0x0003, 0x0001, 0x0001, 0x0003, 0x0001, 0x0001, 0x0000, 0x0002, 0x0000, 0x0001, 0x0001, 0x0003, 
    0x0001, 0x0001, 0x0003, 0x0001, 0x0001, 0x0003, 0x0001, 0x0001, 0x0003, 0x0001, 0x0001, 0x0003, 0x0001, 0x0001, 0x0003, 0x0001, 
    0x0001, 0x0003, 0x0001, 0x0001, 0x0003, 0x0001, 0x0001, 0x0000, 0x0002, 0x0000, 0x0001, 0x0001, 0x0003, 0x0001, 0x0001, 0x0003, 
    0x0001, 0x0001, 0x0003, 0x0001, 0x0001, 0x0003, 0x0001, 0x0001, 0x0003, 0x0001, 0x0001, 0x0003, 0x0001, 0x0001, 0x0003, 0x0001, 
    0x0001, 0x0003, 0x0001, 0x0001, 0x0000, 0x0002, 0x0000, 0x0001, 0x0001, 0x0003, 0x0001, 0x0001, 0x0003, 0x0001, 0x0001, 0x0003, 
    0x0001, 0x0001, 0x0003, 0x0001, 0x0001, 0x0003, 0x0001, 0x0001, 0x0003, 0x0001, 0x0001, 0x0003, 0x0001, 0x0001, 0x0003, 0x0001, 
    0x0001, 0x0000, 0x0002, 0x0000, 0x0001, 0x0001, 0x0003, 0x0001, 0x0001, 0x0003, 0x0001, 0x0001, 0x0003, 0x0001, 0x0001, 0x0003, 
    0x0001, 0x0001, 0x0003, 0x0001, 0x0001, 0x0003, 0x0001, 0x0001, 0x0003, 0x0001, 0x0001, 0x0003, 0x0001, 0x0001, 0x0000, 0x0002, 
    0x0000, 0x0001, 0x0001, 0x0003, 0x0001, 0x0001, 0x0003, 0x0001, 0x0001, 0x0003, 0x0001, 0x0001, 0x0003, 0x0001, 0x0001, 0x0003, 
    0x0001, 0x0001, 0x0003, 0x0001, 0x0001, 0x0003, 0x0001, 0x0001, 0x0003, 0x0001, 0x0001, 0x0000, 0x0002, 0x0000, 0x0001, 0x0001, 
    0x0003, 0x0001, 0x0001, 0x0003, 0x0001, 0x0001, 0x0003, 0x0001, 0x0001, 0x0003, 0x0001, 0x0001, 0x0003, 0x0001, 0x0001, 0x0003, 
    0x0001, 0x0001, 0x0003, 0x0001, 0x0001, 0x0003, 0x0001, 0x0001, 0x0000, 0x0002, 0x0000, 0x0001, 0x0001, 0x0003, 0x0001, 0x0001, 
    0x0003, 0x0001, 0x0001, 0x0003, 0x0001, 0x0001, 0x0003, 0x0001, 0x0001, 0x0003, 0x0001, 0x0001, 0x0003, 0x0001, 0x0001, 0x0003, 
    0x0001, 0x0001, 0x0003, 0x0001, 0x0001, 0x0000, 0x0002, 0x0000, 0x0001, 0x0001, 0x0003, 0x0001, 0x0001, 0x0003, 0x0001, 0x0001, 
    0x0003, 0x0001, 0x0001, 0x0003, 0x0001, 0x0001, 0x0003, 0x0001, 0x0001, 0x0003, 0x0001, 0x0001, 0x0003, 0x0001, 0x0001, 0x0003, 
    0x0001, 0x0001, 0x0000, 0x0002, 0x0000, 0x0001, 0x0001, 0x0003, 0x0001, 0x0001, 0x0003, 0x0001, 0x0001, 0x0003, 0x0001, 0x0001, 
    0x0003, 0x0001, 0x0001, 0x0003, 0x0001, 0x0001, 0x0003, 0x0001, 0x0001, 0x0003, 0x0001, 0x0001, 0x0003, 0x0001, 0x0001, 0x0000, 
    0x0002, 0x0000, 0x0001, 0x0001, 0x0003, 0x0001, 0x0001, 0x0003, 0x0001, 0x0001, 0x0003, 0x0001, 0x0001, 0x0003, 0x0001, 0x0001, 
    0x0003, 0x0001, 0x0001, 0x0003, 0x0001, 0x0001, 0x0003, 0x0001, 0x0001, 0x0003, 0x0001, 0x0001, 0x0000, 0x0002, 0x0000, 0x0001, 
    0x0001, 0x0003, 0x0001, 0x0001, 0x0003, 0x0001, 0x0001, 0x0003, 0x0001, 0x0001, 0x0003, 0x0001, 0x0001, 0x0003, 0x0001, 0x0001, 
    0x0003, 0x0001, 0x0001, 0x0003, 0x0001, 0x0001, 0x0003, 0x0001, 0x0001, 0x0000, 0x0002, 0x0000, 0x0001, 0x0001, 0x0003, 0x0001, 
    0x0001, 0x0003, 0x0001, 0x0001, 0x0003, 0x0001, 0x0001, 0x0003, 0x0001, 0x0001, 0x0003, 0x0001, 0x0001, 0x0003, 0x0001, 0x0001, 
    0x0003, 0x0001, 0x0001, 0x0003, 0x0001, 0x0001, 0x0000, 0x0002, 0x0000, 0x0001, 0x0001, 0x0003, 0x0001, 0x0001, 0x0003, 0x0001, 
    0x0001, 0x0003, 0x0001, 0x0001, 0x0003, 0x0001, 0x0001, 0x0003, 0x0001, 0x0001, 0x0003, 0x0001, 0x0001, 0x0003, 0x0001, 0x0001, 
    0x0003, 0x0001, 0x0001, 0x0000, 0x0002, 0x0000, 0x0001, 0x0001, 0x0003, 0x0001, 0x0001, 0x0003, 0x0001, 0x0001, 0x0003, 0x0001, 
    0x0001, 0x0003, 0x0001, 0x0001, 0x0003, 0x0001, 0x0001, 0x0003, 0x0001, 0x0001, 0x0003, 0x0001, 0x0001, 0x0003, 0x0001, 0x0001, 
    0x0000, 0x0002, 0x0000, 0x0001, 0x0001, 0x0003, 0x0001, 0x0001, 0x0003, 0x0001, 0x0001, 0x0003, 0x0001, 0x0001, 0x0003, 0x0001, 
    0x0001, 0x0003, 0x0001, 0x0001, 0x0003, 0x0001, 0x0001, 0x0003, 0x0001, 0x0001, 0x0003, 0x0001, 0x0001, 0x0000, 0x0002, 0x0000, 
    0x0001, 0x0001, 0x0003, 0x0001, 0x0001, 0x0003, 0x0001, 0x0001, 0x0003, 0x0001, 0x0001, 0x0003, 0x0001, 0x0001, 0x0003, 0x0001, 
    0x0001, 0x0003, 0x0001, 0x0001, 0x0003, 0x0001, 0x0001, 0x0003, 0x0001, 0x0001, 0x0000, 0x0002, 0x0000, 0x0001, 0x0001, 0x0003, 
    0x0001, 0x0001, 0x0003, 0x0001, 0x0001, 0x0003, 0x0001, 0x0001, 0x0003, 0x0001, 0x0001, 0x0003, 0x0001, 0x0001, 0x0003, 0x0001, 
    0x0001, 0x0003, 0x0001, 0x0001, 0x0003, 0x0001, 0x0001, 0x0000, 0x0002, 0x0000, 0x0001, 0x0001, 0x0003, 0x0001, 0x0001, 0x0003, 
    0x0001, 0x0001, 0x0003, 0x0001, 0x0001, 0x0003, 0x0001, 0x0001, 0x0003, 0x0001, 0x0001, 0x0003, 0x0001, 0x0001, 0x0003, 0x0001, 
    0x0001, 0x0003, 0x0001, 0x0001, 0x0000, 0x0002, 0x0000, 0x0001, 0x0001, 0x0003, 0x0001, 0x0001, 0x0003, 0x0001, 0x0001, 0x0003, 
    0x0001, 0x0001, 0x0003, 0x0001, 0x0001, 0x0003, 0x0001, 0x0001, 0x0003, 0x0001, 0x0001, 0x0003, 0x0001, 0x0001, 0x0003, 0x0001, 
    0x0001, 0x0000, 0x0002, 0x0000, 0x0001, 0x0001, 0x0003, 0x0001, 0x0001, 0x0003, 0x0001, 0x0001, 0x0003, 0x0001, 0x0001, 0x0003, 
    0x0001, 0x0001, 0x0003, 0x0001, 0x0001, 0x0003, 0x0001, 0x0001, 0x0003, 0x0001, 0x0001, 0x0003, 0x0001, 0x0001, 0x0000, 0x0002, 
    0x0000, 0x0001, 0x0001, 0x0003, 0x0001, 0x0001, 0x0003, 0x0001, 0x0001, 0x0003, 0x0001, 0x0001, 0x0003, 0x0001, 0x0001, 0x0003, 
    0x0001, 0x0001, 0x0003, 0x0001, 0x0001, 0x0003, 0x0001, 0x0001, 0x0003, 0x0001, 0x0001, 0x0000, 0x0002, 0x0000, 0x0001, 0x0001, 
    0x0003, 0x0001, 0x0001, 0x0003, 0x0001, 0x0001, 0x0003, 0x0001, 0x0001, 0x0003, 0x0001, 0x0001, 0x0003, 0x0001, 0x0001, 0x0003, 
    0x0001, 0x0001, 0x0003, 0x0001, 0x0001, 0x0003, 0x0001, 0x0001, 0x0000, 0x0002, 0x0000, 0x0001, 0x0001, 0x0003, 0x0001, 0x0001, 
    0x0003, 0x0001, 0x0001, 0x0003, 0x0001, 0x0001, 0x0003, 0x0001, 0x0001, 0x0003, 0x0001, 0x0001, 0x0003, 0x0001, 0x0001, 0x0003, 
    0x0001, 0x0001, 0x0003, 0x0001, 0x0001, 0x0000, 0x0002, 0x0000, 0x0001, 0x0001, 0x0003, 0x0001, 0x0001, 0x0003, 0x0001, 0x0001, 
    0x0003, 0x0001, 0x0001, 0x0003, 0x0001, 0x0001, 0x0003, 0x0001, 0x0001, 0x0003, 0x0001, 0x0001, 0x0003, 0x0001, 0x0001, 0x0003, 
    0x0001, 0x0001, 0x0000, 0x0002, 0x0000, 0x0001, 0x0001, 0x0003, 0x0001, 0x0001, 0x0003, 0x0001, 0x0001, 0x0003, 0x0001, 0x0001, 
    0x0003, 0x0001, 0x0001, 0x0003, 0x0001, 0x0001, 0x0003, 0x0001, 0x0001, 0x0003, 0x0001, 0x0001, 0x0003, 0x0001, 0x0001, 0x0000, 
    0x0002, 0x0000, 0x0001, 0x0001, 0x0003, 0x0001, 0x0001, 0x0003, 0x0001, 0x0001, 0x0003, 0x0001, 0x0001, 0x0003, 0x0001, 0x0001, 
    0x0003, 0x0001, 0x0001, 0x0003, 0x0001, 0x0001, 0x0003, 0x0001, 0x0001, 0x0003, 0x0001, 0x0001, 0x0000, 0x0002, 0x0000, 0x0001, 
    0x0001, 0x0003, 0x0001, 0x0001, 0x0003, 0x0001, 0x0001, 0x0003, 0x0001, 0x0001, 0x0003, 0x0001, 0x0001, 0x0003, 0x0001, 0x0001, 
    0x0003, 0x0001, 0x0001, 0x0003, 0x0001, 0x0001, 0x0003, 0x0001, 0x0001, 0x0000, 0x0002, 0x0000, 0x0001, 0x0001, 0x0003, 0x0001, 
    0x0001, 0x0003, 0x0001, 0x0001, 0x0003, 0x0001, 0x0001, 0x0003, 0x0001, 0x0001, 0x0003, 0x0001, 0x0001, 0x0003, 0x0001, 0x0001, 
    0x0003, 0x0001, 0x0001, 0x0003, 0x0001, 0x0001, 0x0000, 0x0002, 0x0000, 0x0001, 0x0001, 0x0003, 0x0001, 0x0001, 0x0003, 0x0001, 
    0x0001, 0x0003, 0x0001, 0x0001, 0x0003, 0x0001, 0x0001, 0x0003, 0x0001, 0x0001, 0x0003, 0x0001, 0x0001, 0x0003, 0x0001, 0x0001, 
    0x0003, 0x0001, 0x0001, 0x0000, 0x0002, 0x0000, 0x0001, 0x0001, 0x0003, 0x0001, 0x0001, 0x0003, 0x0001, 0x0001, 0x0003, 0x0001, 
    0x0001, 0x0003, 0x0001, 0x0001, 0x0003, 0x0001, 0x0001, 0x0003, 0x0001, 0x0001, 0x0003, 0x0001, 0x0001, 0x0003, 0x0001, 0x0001, 
    0x0000, 0x0002, 0x0000, 0x0001, 0x0001, 0x0003, 0x0001, 0x0001, 0x0003, 0x0001, 0x0001, 0x0003, 0x0001, 0x0001, 0x0003, 0x0001, 
    0x0001, 0x0003, 0x0001, 0x0001, 0x0003, 0x0001, 0x0001, 0x0003, 0x0001, 0x0001, 0x0003, 0x0001, 0x0001, 0x0000, 0x0002, 0x0000, 
    0x0001, 0x0001, 0x0003, 0x0001, 0x0001, 0x0003, 0x0001, 0x0001, 0x0003, 0x0001, 0x0001, 0x0003, 0x0001, 0x0001, 0x0003, 0x0001, 
    0x0001, 0x0003, 0x0001, 0x0001, 0x0003, 0x0001, 0x0001, 0x0003, 0x0001, 0x0001, 0x0000, 0x0002, 0x0000, 0x0001, 0x0001, 0x0003, 
    0x0001, 0x0001, 0x0003, 0x0001, 0x0001, 0x0003, 0x0001, 0x0001, 0x0003, 0x0001, 0x0001, 0x0003, 0x0001, 0x0001, 0x0003, 0x0001, 
    0x0001, 0x0003, 0x0001, 0x0001, 0x0003, 0x0001, 0x0001, 0x0000, 0x0002, 0x0000, 0x0001, 0x0001, 0x0003, 0x0001, 0x0001, 0x0003, 
    0x0001, 0x0001, 0x0003, 0x0001, 0x0001, 0x0003, 0x0001, 0x0001, 0x0003, 0x0001, 0x0001, 0x0003, 0x0001, 0x0001, 0x0003, 0x0001, 
    0x0001, 0x0003, 0x0001, 0x0001, 0x0000, 0x0002, 0x0000, 0x0001, 0x0001, 0x0003, 0x0001, 0x0001, 0x0003, 0x0001, 0x0001, 0x0003, 
    0x0001, 0x0001, 0x0003, 0x0001, 0x0001, 0x0003, 0x0001, 0x0001, 0x0003, 0x0001, 0x0001, 0x0003, 0x0001, 0x0001, 0x0003, 0x0001, 
    0x0001, 0x0000, 0x0002, 0x0000, 0x0001, 0x0001, 0x0003, 0x0001, 0x0001, 0x0003, 0x0001, 0x0001, 0x0003, 0x0001, 0x0001, 0x0003, 
    0x0001, 0x0001, 0x0003, 0x0001, 0x0001, 0x0003, 0x0001, 0x0001, 0x0003, 0x0001, 0x0001, 0x0003, 0x0001, 0x0001, 0x0000, 0x0002, 
    0x0000, 0x0001, 0x0001, 0x0003, 0x0001, 0x0001, 0x0003, 0x0001, 0x0001, 0x0003, 0x0001, 0x0001, 0x0003, 0x0001, 0x0001, 0x0003, 
    0x0001, 0x0001, 0x0003, 0x0001, 0x0001, 0x0003, 0x0001, 0x0001, 0x0003, 0x0001, 0x0001, 0x0000, 0x0002, 0x0000, 0x0001, 0x0001, 
    0x0003, 0x0001, 0x0001, 0x0003, 0x0001, 0x0001, 0x0003, 0x0001, 0x0001, 0x0003, 0x0001, 0x0001, 0x0003, 0x0001, 0x0001, 0x0003, 
    0x0001, 0x0001, 0x0003, 0x0001, 0x0001, 0x0003, 0x0001, 0x0001, 0x0000, 0x0002, 0x0000, 0x0001, 0x0001, 0x0003, 0x0001, 0x0001, 
    0x0003, 0x0001, 0x0001, 0x0003, 0x0001, 0x0001, 0x0003, 0x0001, 0x0001, 0x0003, 0x0001, 0x0001, 0x0003, 0x0001, 0x0001, 0x0003, 
    0x0001, 0x0001, 0x0003, 0x0001, 0x0001, 0x0000, 0x0002, 0x0000, 0x0001, 0x0001, 0x0003, 0x0001, 0x0001, 0x0003, 0x0001, 0x0001, 
    0x0003, 0x0001, 0x0001, 0x0003, 0x0001, 0x0001, 0x0003, 0x0001, 0x0001, 0x0003, 0x0001, 0x0001, 0x0003, 0x0001, 0x0001, 0x0003, 
    0x0001, 0x0001, 0x0000, 0x0002, 0x0000, 0x0001, 0x0001, 0x0003, 0x0001, 0x0001, 0x0003, 0x0001, 0x0001, 0x0003, 0x0001, 0x0001, 
    0x0003, 0x0001, 0x0001, 0x0003, 0x0001, 0x0001, 0x0003, 0x0001, 0x0001, 0x0003, 0x0001, 0x0001, 0x0003, 0x0001, 0x0001, 0x0000, 
    0x0002, 0x0000, 0x0001, 0x0001, 0x0003, 0x0001, 0x0001, 0x0003, 0x0001, 0x0001, 0x0003, 0x0001, 0x0001, 0x0003, 0x0001, 0x0001, 
    0x0003, 0x0001, 0x0001, 0x0003, 0x0001, 0x0001, 0x0003, 0x0001, 0x0001, 0x0003, 0x0001, 0x0001, 0x0000, 0x0002, 0x0000, 0x0001, 
    0x0001, 0x0003, 0x0001, 0x0001, 0x0003, 0x0001, 0x0001, 0x0003, 0x0001, 0x0001, 0x0003, 0x0001, 0x0001, 0x0003, 0x0001, 0x0001, 
    0x0003, 0x0001, 0x0001, 0x0003, 0x0001, 0x0001, 0x0003, 0x0001, 0x0001, 0x0000, 0x0002, 0x0000, 0x0001, 0x0001, 0x0003, 0x0001, 
    0x0001, 0x0003, 0x0001, 0x0001, 0x0003, 0x0001, 0x0001, 0x0003, 0x0001, 0x0001, 0x0003, 0x0001, 0x0001, 0x0003, 0x0001, 0x0001, 
    0x0003, 0x0001, 0x0001, 0x0003, 0x0001, 0x0001, 0x0000, 0x0002, 0x0000, 0x0001, 0x0001, 0x0003, 0x0001, 0x0001, 0x0003, 0x0001, 
    0x0001, 0x0003, 0x0001, 0x0001, 0x0003, 0x0001, 0x0001, 0x0003, 0x0001, 0x0001, 0x0003, 0x0001, 0x0001, 0x0003, 0x0001, 0x0001, 
    0x0003, 0x0001, 0x0001, 0x0000, 0x0002, 0x0000, 0x0001, 0x0001, 0x0003, 0x0001, 0x0001, 0x0003, 0x0001, 0x0001, 0x0003, 0x0001, 
    0x0001, 0x0003, 0x0001, 0x0001, 0x0003, 0x0001, 0x0001, 0x0003, 0x0001, 0x0001, 0x0003, 0x0001, 0x0001, 0x0003, 0x0001, 0x0001, 
    0x0000, 0x0002, 0x0000, 0x0001, 0x0001, 0x0003, 0x0001, 0x0001, 0x0003, 0x0001, 0x0001, 0x0003, 0x0001, 0x0001, 0x0003, 0x0001, 
    0x0001, 0x0003, 0x0001, 0x0001, 0x0003, 0x0001, 0x0001, 0x0003, 0x0001, 0x0001, 0x0003, 0x0001, 0x0001, 0x0000, 0x0002, 0x0000, 
    0x0001, 0x0001, 0x0003, 0x0001, 0x0001, 0x0003, 0x0001, 0x0001, 0x0003, 0x0001, 0x0001, 0x0003, 0x0001, 0x0001, 0x0003, 0x0001, 
    0x0001, 0x0003, 0x0001, 0x0001, 0x0003, 0x0001, 0x0001, 0x0003, 0x0001, 0x0001, 0x0000, 0x0002, 0x0000, 0x0001, 0x0001, 0x0003, 
    0x0001, 0x0001, 0x0003, 0x0001, 0x0001, 0x0003, 0x0001, 0x0001, 0x0003, 0x0001, 0x0001, 0x0003, 0x0001, 0x0001, 0x0003, 0x0001, 
    0x0001, 0x0003, 0x0001, 0x0001, 0x0003, 0x0001, 0x0001, 0x0000, 0x0002, 0x0000, 0x0001, 0x0001, 0x0003, 0x0001, 0x0001, 0x0003, 
    0x0001, 0x0001, 0x0003, 0x0001, 0x0001, 0x0003, 0x0001, 0x0001, 0x0003, 0x0001, 0x0001, 0x0003, 0x0001, 0x0001, 0x0003, 0x0001, 
    0x0001, 0x0003, 0x0001, 0x0001, 0x0000, 0x0002, 0x0000, 0x0001, 0x0001, 0x0003, 0x0001, 0x0001, 0x0003, 0x0001, 0x0001, 0x0003, 
    0x0001, 0x0001, 0x0003, 0x0001, 0x0001, 0x0003, 0x0001, 0x0001, 0x0003, 0x0001, 0x0001, 0x0003, 0x0001, 0x0001, 0x0003, 0x0001, 
    0x0001, 0x0000, 0x0002, 0x0000, 0x0001, 0x0001, 0x0003, 0x0001, 0x0001, 0x0003, 0x0001, 0x0001, 0x0003, 0x0001, 0x0001, 0x0003, 
    0x0001, 0x0001, 0x0003, 0x0001, 0x0001, 0x0003, 0x0001, 0x0001, 0x0003, 0x0001, 0x0001, 0x0003, 0x0001, 0x0001, 0x0000, 0x0002, 
    0x0000, 0x0001, 0x0001, 0x0003, 0x0001, 0x0001, 0x0003, 0x0001, 0x0001, 0x0003, 0x0001, 0x0001, 0x0003, 0x0001, 0x0001, 0x0003, 
    0x0001, 0x0001, 0x0003, 0x0001, 0x0001, 0x0003, 0x0001, 0x0001, 0x0003, 0x0001, 0x0001, 0x0000, 0x0002, 0x0000, 0x0001, 0x0001, 
    0x0003, 0x0001, 0x0001, 0x0003, 0x0001, 0x0001, 0x0003, 0x0001, 0x0001, 0x0003, 0x0001, 0x0001, 0x0003, 0x0001, 0x0001, 0x0003, 
    0x0001, 0x0001, 0x0003, 0x0001, 0x0001, 0x0003, 0x0001, 0x0001, 0x0000, 0x0002, 0x0000, 0x0001, 0x0001, 0x0003, 0x0001, 0x0001, 
    0x0003, 0x0001, 0x0001, 0x0003, 0x0001, 0x0001, 0x0003, 0x0001, 0x0001, 0x0003, 0x0001, 0x0001, 0x0003, 0x0001, 0x0001, 0x0003, 
    0x0001, 0x0001, 0x0003, 0x0001, 0x0001, 0x0000, 0x0002, 0x0000, 0x0001, 0x0001, 0x0003, 0x0001, 0x0001, 0x0003, 0x0001, 0x0001, 
    0x0003, 0x0001, 0x0001, 0x0003, 0x0001, 0x0001, 0x0003, 0x0001, 0x0001, 0x0003, 0x0001, 0x0001, 0x0003, 0x0001, 0x0001, 0x0003, 
    0x0001, 0x0001, 0x0000, 0x0002, 0x0000, 0x0001, 0x0001, 0x0003, 0x0001, 0x0001, 0x0003, 0x0001, 0x0001, 0x0003, 0x0001, 0x0001, 
    0x0003, 0x0001, 0x0001, 0x0003, 0x0001, 0x0001, 0x0003, 0x0001, 0x0001, 0x0003, 0x0001, 0x0001, 0x0003, 0x0001, 0x0001, 0x0000, 
    0x0002, 0x0000, 0x0001, 0x0001, 0x0003, 0x0001, 0x0001, 0x0003, 0x0001, 0x0001, 0x0003, 0x0001, 0x0001, 0x0003, 0x0001, 0x0001, 
    0x0003, 0x0001, 0x0001, 0x0003, 0x0001, 0x0001, 0x0003, 0x0001, 0x0001, 0x0003, 0x0001, 0x0001, 0x0000, 0x0002, 0x0000, 0x0001, 
    0x0001, 0x0003, 0x0001, 0x0001, 0x0003, 0x0001, 0x0001, 0x0003, 0x0001, 0x0001, 0x0003, 0x0001, 0x0001, 0x0003, 0x0001, 0x0001, 
    0x0003, 0x0001, 0x0001, 0x0003, 0x0001, 0x0001, 0x0003, 0x0001, 0x0001, 0x0000, 0x0002, 0x0000, 0x0001, 0x0001, 0x0003, 0x0001, 
    0x0001, 0x0003, 0x0001, 0x0001, 0x0003, 0x0001, 0x0001, 0x0003, 0x0001, 0x0001, 0x0003, 0x0001, 0x0001, 0x0003, 0x0001, 0x0001, 
    0x0003, 0x0001, 0x0001, 0x0003, 0x0001, 0x0001, 0x0000, 0x0002, 0x0000, 0x0001, 0x0001, 0x0003, 0x0001, 0x0001, 0x0003, 0x0001, 
    0x0001, 0x0003, 0x0001, 0x0001, 0x0003, 0x0001, 0x0001, 0x0003, 0x0001, 0x0001, 0x0003, 0x0001, 0x0001, 0x0003, 0x0001, 0x0001, 
    0x0003, 0x0001, 0x0001, 0x0000, 0x0002, 0x0000, 0x0001, 0x0001, 0x0003, 0x0001, 0x0001, 0x0003, 0x0001, 0x0001, 0x0003, 0x0001, 
    0x0001, 0x0003, 0x0001, 0x0001, 0x0003, 0x0001, 0x0001, 0x0003, 0x0001, 0x0001, 0x0003, 0x0001, 0x0001, 0x0003, 0x0001, 0x0001, 
    0x0000, 0x0002, 0x0000, 0x0001, 0x0001, 0x0003, 0x0001, 0x0001, 0x0003, 0x0001, 0x0001, 0x0003, 0x0001, 0x0001, 0x0003, 0x0001, 
    0x0001, 0x0003, 0x0001, 0x0001, 0x0003, 0x0001, 0x0001, 0x0003, 0x0001, 0x0001, 0x0003, 0x0001, 0x0001, 0x0000, 0x0002, 0x0000, 
    0x0001, 0x0001, 0x0003, 0x0001, 0x0001, 0x0003, 0x0001, 0x0001, 0x0003, 0x0001, 0x0001, 0x0003, 0x0001, 0x0001, 0x0003, 0x0001, 
    0x0001, 0x0003, 0x0001, 0x0001, 0x0003, 0x0001, 0x0001, 0x0003, 0x0001, 0x0001, 0x0000, 0x0002, 0x0000, 0x0001, 0x0001, 0x0003, 
    0x0001, 0x0001, 0x0003, 0x0001, 0x0001, 0x0003, 0x0001, 0x0001, 0x0003, 0x0001, 0x0001, 0x0003, 0x0001, 0x0001, 0x0003, 0x0001, 
    0x0001, 0x0003, 0x0001, 0x0001, 0x0003, 0x0001, 0x0001, 0x0000, 0x0002, 0x0000, 0x0001, 0x0001, 0x0003, 0x0001, 0x0001, 0x0003, 
    0x0001, 0x0001, 0x0003, 0x0001, 0x0001, 0x0003, 0x0001, 0x0001, 0x0003, 0x0001, 0x0001, 0x0003, 0x0001, 0x0001, 0x0003, 0x0001, 
    0x0001, 0x0003, 0x0001, 0x0001, 0x0000, 0x0002, 0x0000, 0x0001, 0x0001, 0x0003, 0x0001, 0x0001, 0x0003, 0x0001, 0x0001, 0x0003, 
    0x0001, 0x0001, 0x0003, 0x0001, 0x0001, 0x0003, 0x0001, 0x0001, 0x0003, 0x0001, 0x0001, 0x0003, 0x0001, 0x0001, 0x0003, 0x0001, 
    0x0001, 0x0000, 0x0002, 0x0000, 0x0001, 0x0001, 0x0003, 0x0001, 0x0001, 0x0003, 0x0001, 0x0001, 0x0003, 0x0001, 0x0001, 0x0003, 
    0x0001, 0x0001, 0x0003, 0x0001, 0x0001, 0x0003, 0x0001, 0x0001, 0x0003, 0x0001, 0x0001, 0x0003, 0x0001, 0x0001, 0x0000, 0x0002, 
    0x0000, 0x0001, 0x0001, 0x0003, 0x0001, 0x0001, 0x0003, 0x0001, 0x0001, 0x0003, 0x0001, 0x0001, 0x0003, 0x0001, 0x0001, 0x0003, 
    0x0001, 0x0001, 0x0003, 0x0001, 0x0001, 0x0003, 0x0001, 0x0001, 0x0003, 0x0001, 0x0001, 0x0000, 0x0002, 0x0000, 0x0001, 0x0001, 
    0x0003, 0x0001, 0x0001, 0x0003, 0x0001, 0x0001, 0x0003, 0x0001, 0x0001, 0x0003, 0x0001, 0x0001, 0x0003, 0x0001, 0x0001, 0x0003, 
    0x0001, 0x0001, 0x0003, 0x0001, 0x0001, 0x0003, 0x0001, 0x0001, 0x0000, 0x0002, 0x0000, 0x0001, 0x0001, 0x0003, 0x0001, 0x0001, 
    0x0003, 0x0001, 0x0001, 0x0003, 0x0001, 0x0001, 0x0003, 0x0001, 0x0001, 0x0003, 0x0001, 0x0001, 0x0003, 0x0001, 0x0001, 0x0003, 
    0x0001, 0x0001, 0x0003, 0x0001, 0x0001, 0x0000, 0x0002, 0x0000, 0x0001, 0x0001, 0x0003, 0x0001, 0x0001, 0x0003, 0x0001, 0x0001, 
    0x0003, 0x0001, 0x0001, 0x0003, 0x0001, 0x0001, 0x0003, 0x0001, 0x0001, 0x0003, 0x0001, 0x0001, 0x0003, 0x0001, 0x0001, 0x0003, 
    0x0001, 0x0001, 0x0000, 0x0002, 0x0000, 0x0001, 0x0001, 0x0003, 0x0001, 0x0001, 0x0003, 0x0001, 0x0001, 0x0003, 0x0001, 0x0001, 
    0x0003, 0x0001, 0x0001, 0x0003, 0x0001, 0x0001, 0x0003, 0x0001, 0x0001, 0x0003, 0x0001, 0x0001, 0x0003, 0x0001, 0x0001, 0x0000, 
    0x0002, 0x0000, 0x0001, 0x0001, 0x0003, 0x0001, 0x0001, 0x0003, 0x0001, 0x0001, 0x0003, 0x0001, 0x0001, 0x0003, 0x0001, 0x0001, 
    0x0003, 0x0001, 0x0001, 0x0003, 0x0001, 0x0001, 0x0003, 0x0001, 0x0001, 0x0003, 0x0001, 0x0001, 0x0000, 0x0002, 0x0000, 0x0001, 
    0x0001, 0x0003, 0x0001, 0x0001, 0x0003, 0x0001, 0x0001, 0x0003, 0x0001, 0x0001, 0x0003, 0x0001, 0x0001, 0x0003, 0x0001, 0x0001, 
    0x0003, 0x0001, 0x0001, 0x0003, 0x0001, 0x0001, 0x0003, 0x0001, 0x0001, 0x0000, 0x0002, 0x0000, 0x0001, 0x0001, 0x0003, 0x0001, 
    0x0001, 0x0003, 0x0001, 0x0001, 0x0003, 0x0001, 0x0001, 0x0003, 0x0001, 0x0001, 0x0003, 0x0001, 0x0001, 0x0003, 0x0001, 0x0001, 
    0x0003, 0x0001, 0x0001, 0x0003, 0x0001, 0x0001, 0x0000, 0x0002, 0x0000, 0x0001, 0x0001, 0x0003, 0x0001, 0x0001, 0x0003, 0x0001, 
    0x0001, 0x0003, 0x0001, 0x0001, 0x0003, 0x0001, 0x0001, 0x0003, 0x0001, 0x0001, 0x0003, 0x0001, 0x0001, 0x0003, 0x0001, 0x0001, 
    0x0003, 0x0001, 0x0001, 0x0000, 0x0002, 0x0000, 0x0001, 0x0001, 0x0003, 0x0001, 0x0001, 0x0003, 0x0001, 0x0001, 0x0003, 0x0001, 
    0x0001, 0x0003, 0x0001, 0x0001, 0x0003, 0x0001, 0x0001, 0x0003, 0x0001, 0x0001, 0x0003, 0x0001, 0x0001, 0x0003, 0x0001, 0x0001, 
    0x0000, 0x0002, 0x0000, 0x0001, 0x0001, 0x0003, 0x0001, 0x0001, 0x0003, 0x0001, 0x0001, 0x0003, 0x0001, 0x0001, 0x0003, 0x0001, 
    0x0001, 0x0003, 0x0001, 0x0001, 0x0003, 0x0001, 0x0001, 0x0003, 0x0001, 0x0001, 0x0003, 0x0001, 0x0001, 0x0000, 0x0002, 0x0000, 
    0x0001, 0x0001, 0x0003, 0x0001, 0x0001, 0x0003, 0x0001, 0x0001, 0x0003, 0x0001, 0x0001, 0x0003, 0x0001, 0x0001, 0x0003, 0x0001, 
    0x0001, 0x0003, 0x0001, 0x0001, 0x0003, 0x0001, 0x0001, 0x0003, 0x0001, 0x0001, 0x0000, 0x0002, 0x0000, 0x0001, 0x0001, 0x0003, 
    0x0001, 0x0001, 0x0003, 0x0001, 0x0001, 0x0003, 0x0001, 0x0001, 0x0003, 0x0001, 0x0001, 0x0003, 0x0001, 0x0001, 0x0003, 0x0001, 
    0x0001, 0x0003, 0x0001, 0x0001, 0x0003, 0x0001, 0x0001, 0x0000, 0x0002, 0x0000, 0x0001, 0x0001, 0x0003, 0x0001, 0x0001, 0x0003, 
    0x0001, 0x0001, 0x0003, 0x0001, 0x0001, 0x0003, 0x0001, 0x0001, 0x0003, 0x0001, 0x0001, 0x0003, 0x0001, 0x0001, 0x0003, 0x0001, 
    0x0001, 0x0003, 0x0001, 0x0001, 0x0000, 0x0002, 0x0000, 0x0001, 0x0001, 0x0003, 0x0001, 0x0001, 0x0003, 0x0001, 0x0001, 0x0003, 
    0x0001, 0x0001, 0x0003, 0x0001, 0x0001, 0x0003, 0x0001, 0x0001, 0x0003, 0x0001, 0x0001, 0x0003, 0x0001, 0x0001, 0x0003, 0x0001, 
    0x0001, 0x0000, 0x0002, 0x0000, 0x0001, 0x0001, 0x0003, 0x0001, 0x0001, 0x0003, 0x0001, 0x0001, 0x0003, 0x0001, 0x0001, 0x0003, 
    0x0001, 0x0001, 0x0003, 0x0001, 0x0001, 0x0003, 0x0001, 0x0001, 0x0003, 0x0001, 0x0001, 0x0003, 0x0001, 0x0001, 0x0000, 0x0002, 
    0x0000, 0x0001, 0x0001, 0x0003, 0x0001, 0x0001, 0x0003, 0x0001, 0x0001, 0x0003, 0x0001, 0x0001, 0x0003, 0x0001, 0x0001, 0x0003, 
    0x0001, 0x0001, 0x0003, 0x0001, 0x0001, 0x0003, 0x0001, 0x0001, 0x0003, 0x0001, 0x0001, 0x0000, 0x0002, 0x0000, 0x0001, 0x0001, 
    0x0003, 0x0001, 0x0001, 0x0003, 0x0001, 0x0001, 0x0003, 0x0001, 0x0001, 0x0003, 0x0001, 0x0001, 0x0003, 0x0001, 0x0001, 0x0003, 
    0x0001, 0x0001, 0x0003, 0x0001, 0x0001, 0x0003, 0x0001, 0x0001, 0x0000, 0x0002, 0x0000, 0x0001, 0x0001, 0x0003, 0x0001, 0x0001, 
    0x0003, 0x0001, 0x0001, 0x0003, 0x0001, 0x0001, 0x0003, 0x0001, 0x0001, 0x0003, 0x0001, 0x0001, 0x0003, 0x0001, 0x0001, 0x0003, 
    0x0001, 0x0001, 0x0003, 0x0001, 0x0001, 0x0000, 0x0002, 0x0000, 0x0001, 0x0001, 0x0003, 0x0001, 0x0001, 0x0003, 0x0001, 0x0001, 
    0x0003, 0x0001, 0x0001, 0x0003, 0x0001, 0x0001, 0x0003, 0x0001, 0x0001, 0x0003, 0x0001, 0x0001, 0x0003, 0x0001, 0x0001, 0x0003, 
    0x0001, 0x0001, 0x0001, 0x0003, 0x0001, 0x0000, 0x0002, 0x0003, 0x0001, 
]

INIT_REG_A2 = [
    
]

INIT_REG_88 = [
    0x0000, 0x0008, 0x000C, 0x000E, 0x000C, 0x000C, 0x000E, 0x000C, 0x000C, 0x000E, 0x000C, 0x000C, 0x000E, 0x000C, 0x000C, 0x000E, 
    0x000C, 0x000D, 0x000F, 0x000D, 0x000D, 0x000F, 0x000D, 0x000C, 0x000E, 0x000C, 0x000D, 0x000F, 0x000E, 0x000C, 0x000D, 0x000D, 
    0x000F, 0x000D, 0x000C, 0x000E, 0x000C, 0x000D, 0x000F, 0x000D, 0x000C, 0x000E, 0x000C, 0x000C, 0x000E, 0x000C, 0x000C, 0x000E, 
    0x000C, 0x000C, 0x000E, 0x000C, 0x000C, 0x000E, 0x000C, 0x000D, 0x000D, 0x000F, 0x000D, 0x000C, 0x000E, 0x000C, 0x000C, 0x000E, 
    0x000C, 0x000C, 0x000E, 0x000C, 0x000C, 0x000E, 0x000C, 0x000C, 0x000E, 0x000C, 0x000C, 0x000E, 0x000C, 0x000C, 0x000E, 0x000C, 
    0x000C, 0x000E, 0x000C, 0x000D, 0x000D, 0x000F, 0x000D, 0x000D, 0x000F, 0x000E, 0x000C, 0x000D, 0x000D, 0x000F, 0x000D, 0x000C, 
    0x000E, 0x000C, 0x000D, 0x000F, 0x000D, 0x000C, 0x000E, 0x000C, 0x000C, 0x000E, 0x000C, 0x000C, 0x000E, 0x000C, 0x000C, 0x000E, 
    0x000C, 0x000D, 0x000F, 0x000D, 0x000D, 0x000D, 0x000F, 0x000D, 0x000D, 0x000F, 0x000D, 0x000D, 0x000F, 0x000D, 0x000D, 0x000F, 
    0x000D, 0x000D, 0x000F, 0x000D, 0x000D, 0x000F, 0x000D, 0x000D, 0x000F, 0x000D, 0x000D, 0x000F, 0x000D, 0x000D, 0x000F, 0x000D, 
    0x000D, 0x000C, 0x000E, 0x000C, 0x000D, 0x000D, 0x000F, 0x000D, 0x000D, 0x000F, 0x000D, 0x000D, 0x000F, 0x000D, 0x000D, 0x000F, 
    0x000D, 0x000D, 0x000F, 0x000D, 0x000D, 0x000F, 0x000D, 0x000D, 0x000F, 0x000D, 0x000D, 0x000F, 0x000D, 0x000D, 0x000C, 0x000E, 
    0x000C, 0x000D, 0x000D, 0x000F, 0x000D, 0x000D, 0x000F, 0x000D, 0x000D, 0x000F, 0x000D, 0x000D, 0x000F, 0x000D, 0x000D, 0x000F, 
    0x000D, 0x000D, 0x000F, 0x000D, 0x000D, 0x000F, 0x000D, 0x000D, 0x000F, 0x000D, 0x000D, 0x000C, 0x000E, 0x000C, 0x000D, 0x000D, 
    0x000F, 0x000D, 0x000D, 0x000F, 0x000D, 0x000D, 0x000F, 0x000D, 0x000D, 0x000F, 0x000D, 0x000D, 0x000F, 0x000D, 0x000D, 0x000F, 
    0x000D, 0x000D, 0x000F, 0x000D, 0x000D, 0x000F, 0x000D, 0x000D, 0x000C, 0x000E, 0x000C, 0x000D, 0x000D, 0x000F, 0x000D, 0x000D, 
    0x000F, 0x000D, 0x000D, 0x000F, 0x000D, 0x000D, 0x000F, 0x000D, 0x000D, 0x000F, 0x000D, 0x000D, 0x000F, 0x000D, 0x000D, 0x000F, 
    0x000D, 0x000D, 0x000F, 0x000D, 0x000D, 0x000C, 0x000E, 0x000C, 0x000D, 0x000D, 0x000F, 0x000D, 0x000D, 0x000F, 0x000D, 0x000D, 
    0x000F, 0x000D, 0x000D, 0x000F, 0x000D, 0x000D, 0x000F, 0x000D, 0x000D, 0x000F, 0x000D, 0x000D, 0x000F, 0x000D, 0x000D, 0x000F, 
    0x000D, 0x000D, 0x000C, 0x000E, 0x000C, 0x000D, 0x000D, 0x000F, 0x000D, 0x000D, 0x000F, 0x000D, 0x000D, 0x000F, 0x000D, 0x000D, 
    0x000F, 0x000D, 0x000D, 0x000F, 0x000D, 0x000D, 0x000F, 0x000D, 0x000D, 0x000F, 0x000D, 0x000D, 0x000F, 0x000D, 0x000D, 0x000C, 
    0x000E, 0x000C, 0x000D, 0x000D, 0x000F, 0x000D, 0x000D, 0x000F, 0x000D, 0x000D, 0x000F, 0x000D, 0x000D, 0x000F, 0x000D, 0x000D, 
    0x000F, 0x000D, 0x000D, 0x000F, 0x000D, 0x000D, 0x000F, 0x000D, 0x000D, 0x000F, 0x000D, 0x000D, 0x000D, 0x000F, 0x000D, 0x000C, 
    0x000E, 0x000F, 0x000D, 0x0008, 0x0000, 0x0000, 0x0008, 0x000C, 0x000E, 0x000C, 0x000C, 0x000E, 0x000C, 0x000C, 0x000E, 0x000C, 
    0x000C, 0x000E, 0x000C, 0x000C, 0x000E, 0x000C, 0x000D, 0x000F, 0x000D, 0x000D, 0x000F, 0x000D, 0x000C, 0x000E, 0x000C, 0x000D, 
    0x000F, 0x000E, 0x000C, 0x000D, 0x000D, 0x000F, 0x000D, 0x000C, 0x000E, 0x000C, 0x000D, 0x000F, 0x000D, 0x000C, 0x000E, 0x000C, 
    0x000C, 0x000E, 0x000C, 0x000C, 0x000E, 0x000C, 0x000C, 0x000E, 0x000C, 0x000C, 0x000E, 0x000C, 0x000D, 0x000D, 0x000F, 0x000D, 
    0x000C, 0x000E, 0x000C, 0x000C, 0x000E, 0x000C, 0x000C, 0x000E, 0x000C, 0x000C, 0x000E, 0x000C, 0x000C, 0x000E, 0x000C, 0x000C, 
    0x000E, 0x000C, 0x000C, 0x000E, 0x000C, 0x000C, 0x000E, 0x000C, 0x000D, 0x000D, 0x000F, 0x000D, 0x000D, 0x000F, 0x000E, 0x000C, 
    0x000D, 0x000D, 0x000F, 0x000D, 0x000C, 0x000E, 0x000C, 0x000D, 0x000F, 0x000D, 0x000C, 0x000E, 0x000C, 0x000C, 0x000E, 0x000C, 
    0x000C, 0x000E, 0x000C, 0x000C, 0x000E, 0x000C, 0x000D, 0x000F, 0x000D, 0x000D, 0x000D, 0x000F, 0x000D, 0x000D, 0x000F, 0x000D, 
    0x000D, 0x000F, 0x000D, 0x000D, 0x000F, 0x000D, 0x000D, 0x000F, 0x000D, 0x000D, 0x000F, 0x000D, 0x000D, 0x000F, 0x000D, 0x000D, 
    0x000F, 0x000D, 0x000D, 0x000F, 0x000D, 0x000D, 0x000C, 0x000E, 0x000C, 0x000D, 0x000D, 0x000F, 0x000D, 0x000D, 0x000F, 0x000D, 
    0x000D, 0x000F, 0x000D, 0x000D, 0x000F, 0x000D, 0x000D, 0x000F, 0x000D, 0x000D, 0x000F, 0x000D, 0x000D, 0x000F, 0x000D, 0x000D, 
    0x000F, 0x000D, 0x000D, 0x000C, 0x000E, 0x000C, 0x000D, 0x000D, 0x000F, 0x000D, 0x000D, 0x000F, 0x000D, 0x000D, 0x000F, 0x000D, 
    0x000D, 0x000F, 0x000D, 0x000D, 0x000F, 0x000D, 0x000D, 0x000F, 0x000D, 0x000D, 0x000F, 0x000D, 0x000D, 0x000F, 0x000D, 0x000D, 
    0x000C, 0x000E, 0x000C, 0x000D, 0x000D, 0x000F, 0x000D, 0x000D, 0x000F, 0x000D, 0x000D, 0x000F, 0x000D, 0x000D, 0x000F, 0x000D, 
    0x000D, 0x000F, 0x000D, 0x000D, 0x000F, 0x000D, 0x000D, 0x000F, 0x000D, 0x000D, 0x000F, 0x000D, 0x000D, 0x000C, 0x000E, 0x000C, 
    0x000D, 0x000D, 0x000F, 0x000D, 0x000D, 0x000F, 0x000D, 0x000D, 0x000F, 0x000D, 0x000D, 0x000F, 0x000D, 0x000D, 0x000F, 0x000D, 
    0x000D, 0x000F, 0x000D, 0x000D, 0x000F, 0x000D, 0x000D, 0x000F, 0x000D, 0x000D, 0x000C, 0x000E, 0x000C, 0x000D, 0x000D, 0x000F, 
    0x000D, 0x000D, 0x000F, 0x000D, 0x000D, 0x000F, 0x000D, 0x000D, 0x000F, 0x000D, 0x000D, 0x000F, 0x000D, 0x000D, 0x000F, 0x000D, 
    0x000D, 0x000F, 0x000D, 0x000D, 0x000F, 0x000D, 0x000D, 0x000C, 0x000E, 0x000C, 0x000D, 0x000D, 0x000F, 0x000D, 0x000D, 0x000F, 
    0x000D, 0x000D, 0x000F, 0x000D, 0x000D, 0x000F, 0x000D, 0x000D, 0x000F, 0x000D, 0x000D, 0x000F, 0x000D, 0x000D, 0x000F, 0x000D, 
    0x000D, 0x000F, 0x000D, 0x000D, 0x000C, 0x000E, 0x000C, 0x000D, 0x000D, 0x000F, 0x000D, 0x000D, 0x000F, 0x000D, 0x000D, 0x000F, 
    0x000D, 0x000D, 0x000F, 0x000D, 0x000D, 0x000F, 0x000D, 0x000D, 0x000F, 0x000D, 0x000D, 0x000F, 0x000D, 0x000D, 0x000F, 0x000D, 
    0x000D, 0x000D, 0x000F, 0x000D, 0x000C, 0x000E, 0x000F, 0x000D, 0x0008, 0x0000, 0x0000, 0x0008, 0x000C, 0x000E, 0x000C, 0x000C, 
    0x000E, 0x000C, 0x000C, 0x000E, 0x000C, 0x000C, 0x000E, 0x000C, 0x000C, 0x000E, 0x000C, 0x000D, 0x000F, 0x000D, 0x000D, 0x000F, 
    0x000D, 0x000C, 0x000E, 0x000C, 0x000D, 0x000F, 0x000E, 0x000C, 0x000D, 0x000D, 0x000F, 0x000D, 0x000C, 0x000E, 0x000C, 0x000D, 
    0x000F, 0x000D, 0x000C, 0x000E, 0x000C, 0x000C, 0x000E, 0x000C, 0x000C, 0x000E, 0x000C, 0x000C, 0x000E, 0x000C, 0x000C, 0x000E, 
    0x000C, 0x000D, 0x000D, 0x000F, 0x000D, 0x000C, 0x000E, 0x000C, 0x000C, 0x000E, 0x000C, 0x000C, 0x000E, 0x000C, 0x000C, 0x000E, 
    0x000C, 0x000C, 0x000E, 0x000C, 0x000C, 0x000E, 0x000C, 0x000C, 0x000E, 0x000C, 0x000C, 0x000E, 0x000C, 0x000D, 0x000D, 0x000F, 
    0x000D, 0x000D, 0x000F, 0x000E, 0x000C, 0x000D, 0x000D, 0x000F, 0x000D, 0x000C, 0x000E, 0x000C, 0x000D, 0x000F, 0x000D, 0x000C, 
    0x000E, 0x000C, 0x000C, 0x000E, 0x000C, 0x000C, 0x000E, 0x000C, 0x000C, 0x000E, 0x000C, 0x000D, 0x000F, 0x000D, 0x000D, 0x000D, 
    0x000F, 0x000D, 0x000D, 0x000F, 0x000D, 0x000D, 0x000F, 0x000D, 0x000D, 0x000F, 0x000D, 0x000D, 0x000F, 0x000D, 0x000D, 0x000F, 
    0x000D, 0x000D, 0x000F, 0x000D, 0x000D, 0x000F, 0x000D, 0x000D, 0x000F, 0x000D, 0x000D, 0x000C, 0x000E, 0x000C, 0x000D, 0x000D, 
    0x000F, 0x000D, 0x000D, 0x000F, 0x000D, 0x000D, 0x000F, 0x000D, 0x000D, 0x000F, 0x000D, 0x000D, 0x000F, 0x000D, 0x000D, 0x000F, 
    0x000D, 0x000D, 0x000F, 0x000D, 0x000D, 0x000F, 0x000D, 0x000D, 0x000C, 0x000E, 0x000C, 0x000D, 0x000D, 0x000F, 0x000D, 0x000D, 
    0x000F, 0x000D, 0x000D, 0x000F, 0x000D, 0x000D, 0x000F, 0x000D, 0x000D, 0x000F, 0x000D, 0x000D, 0x000F, 0x000D, 0x000D, 0x000F, 
    0x000D, 0x000D, 0x000F, 0x000D, 0x000D, 0x000C, 0x000E, 0x000C, 0x000D, 0x000D, 0x000F, 0x000D, 0x000D, 0x000F, 0x000D, 0x000D, 
    0x000F, 0x000D, 0x000D, 0x000F, 0x000D, 0x000D, 0x000F, 0x000D, 0x000D, 0x000F, 0x000D, 0x000D, 0x000F, 0x000D, 0x000D, 0x000F, 
    0x000D, 0x000D, 0x000C, 0x000E, 0x000C, 0x000D, 0x000D, 0x000F, 0x000D, 0x000D, 0x000F, 0x000D, 0x000D, 0x000F, 0x000D, 0x000D, 
    0x000F, 0x000D, 0x000D, 0x000F, 0x000D, 0x000D, 0x000F, 0x000D, 0x000D, 0x000F, 0x000D, 0x000D, 0x000F, 0x000D, 0x000D, 0x000C, 
    0x000E, 0x000C, 0x000D, 0x000D, 0x000F, 0x000D, 0x000D, 0x000F, 0x000D, 0x000D, 0x000F, 0x000D, 0x000D, 0x000F, 0x000D, 0x000D, 
    0x000F, 0x000D, 0x000D, 0x000F, 0x000D, 0x000D, 0x000F, 0x000D, 0x000D, 0x000F, 0x000D, 0x000D, 0x000C, 0x000E, 0x000C, 0x000D, 
    0x000D, 0x000F, 0x000D, 0x000D, 0x000F, 0x000D, 0x000D, 0x000F, 0x000D, 0x000D, 0x000F, 0x000D, 0x000D, 0x000F, 0x000D, 0x000D, 
    0x000F, 0x000D, 0x000D, 0x000F, 0x000D, 0x000D, 0x000F, 0x000D, 0x000D, 0x000C, 0x000E, 0x000C, 0x000D, 0x000D, 0x000F, 0x000D, 
    0x000D, 0x000F, 0x000D, 0x000D, 0x000F, 0x000D, 0x000D, 0x000F, 0x000D, 0x000D, 0x000F, 0x000D, 0x000D, 0x000F, 0x000D, 0x000D, 
    0x000F, 0x000D, 0x000D, 0x000F, 0x000D, 0x000D, 0x000D, 0x000F, 0x000D, 0x000C, 0x000E, 0x000F, 0x000D, 0x0008, 0x0000, 
]

